site_id,rows,nonnull_power_rows,positive_power_rows,zero_rows,zero_ratio_pct,capacity_mw,p95_power_mw,p99_power_mw,max_power_mw,p99_over_capacity,max_over_capacity,eval_pred_actual_ratio,midday_eval_rows,midday_site_nrmse_pct,midday_pred_actual_ratio,midday_bias_pct,is_watch_site,diagnostic_flags
S012,8049,8049,3143,4906,60.95,17.55,8.928,10.3516,12.36,0.5898,0.7043,1.3938,545.0,27.449,3.012,201.1964,True,midday_prediction_over_high
S055,8049,8049,2795,5254,65.28,4.0,2.033,2.44,2.73,0.61,0.6825,1.5804,568.0,26.3281,2.6769,167.6918,True,midday_prediction_over_high
S050,8049,8049,3940,4109,51.05,2.55,1.42,1.62,1.95,0.6353,0.7647,1.2965,609.0,24.0267,2.0003,100.0281,True,midday_prediction_over_high
S019,28464,28464,13435,15029,52.8,3.0,2.49,2.72,3.0,0.9067,1.0,0.9092,609.0,23.3159,0.8397,-16.0263,True,
S032,20160,20160,8960,11200,55.56,9.335,5.18,6.69,7.9,0.7167,0.8463,0.8997,610.0,22.0531,0.5125,-48.7481,True,midday_prediction_too_low
S072,22008,22008,10178,11830,53.75,3.125,2.85,3.12,3.13,0.9984,1.0016,0.9109,610.0,17.1177,0.8975,-10.2477,True,
S002,8053,8053,4001,4052,50.32,3.3,2.3,3.3,3.3,1.0,1.0,0.9697,608.0,13.0028,1.0253,2.53,True,
S059,28464,28464,13752,14712,51.69,2.0,1.16,1.31,1.54,0.655,0.77,0.8739,610.0,11.7484,1.2208,22.0834,True,
S053,28464,28464,14929,13535,47.55,13.33,6.86,8.55,10.48,0.6414,0.7862,0.8396,610.0,10.1743,0.9591,-4.0899,True,
