site_id,date,actual_midday_sum,pred_midday_sum,rows,pred_actual_ratio
S012,2025-09-01,38.32,40.49596325527866,5,1.0567840097932844
S012,2025-09-02,29.38,35.85251949213479,5,1.2203035906104422
S012,2025-09-03,29.660000000000004,28.83380502141557,5,0.972144471389601
S012,2025-09-04,41.99,39.30679881062821,5,0.9360990428823103
S012,2025-09-05,36.93,35.673170429273064,5,0.965967246934012
S012,2025-09-06,18.79,25.963657585382705,5,1.381780605927765
S012,2025-09-07,18.2,25.493087712601543,5,1.400719105087997
S012,2025-09-08,16.03,16.965493162325146,5,1.0583588997083684
S012,2025-09-09,35.97,40.99831707070783,5,1.1397919674925723
S012,2025-09-10,46.23,43.2068883022085,5,0.9346071447589985
S012,2025-09-11,9.46,25.49585697704617,5,2.695122302013337
S012,2025-09-12,6.97,4.66916016074156,5,0.6698938537649297
S012,2025-09-13,17.36,21.48193681322315,5,1.2374387565220708
S012,2025-09-14,31.03,34.2717317868102,5,1.1044708922594328
S012,2025-09-15,17.32,22.064744762586244,5,1.27394600245879
S012,2025-09-16,30.13,30.146588528900267,5,1.0005505651808917
S012,2025-09-17,14.25,26.55091974445427,5,1.863222438207317
S012,2025-09-18,28.819999999999997,34.09376172819374,5,1.1829896505271944
S012,2025-09-19,3.83,6.35315220661821,5,1.6587864769238148
S012,2025-09-20,45.78,41.98152538767976,5,0.9170276406221004
S012,2025-09-21,36.769999999999996,26.070217044842355,5,0.7090078064955768
S012,2025-09-22,12.24,14.53373565922105,5,1.1873967041847262
S012,2025-09-23,9.89,13.32104329165561,5,1.3469204541613355
S012,2025-09-24,8.61,20.03278419259358,5,2.3266880595346784
S012,2025-09-25,22.009999999999998,33.45197509668536,5,1.5198534800856593
S012,2025-09-26,15.3,22.081202617856334,5,1.443215857376231
S012,2025-09-27,4.48,9.860107050074774,5,2.2009167522488333
S012,2025-09-28,13.76,13.081901576353644,5,0.9507195913047707
S012,2025-09-29,27.78,16.945523722328655,5,0.6099900547994476
S012,2025-09-30,42.0,43.77368302696646,5,1.0422305482611063
S012,2025-10-01,20.03,27.37896222643112,5,1.3668977646745442
S012,2025-10-02,3.05,4.200380693491774,5,1.3771739978661555
S012,2025-10-03,20.55,20.50120137436081,5,0.9976253710151246
S012,2025-10-04,11.59,9.842722018105107,5,0.8492426245129514
S012,2025-10-05,1.05,15.974115322088693,5,15.213443163893993
S012,2025-10-06,1.05,27.140065393664408,5,25.847681327299433
S012,2025-10-07,1.05,24.743501043415982,5,23.5652390889676
S012,2025-10-08,1.05,20.397642187429057,5,19.426325892789578
S012,2025-10-09,1.05,38.53250218053291,5,36.69762112431705
S012,2025-10-10,1.05,21.78721643837628,5,20.749729941310743
S012,2025-10-11,1.05,14.950287793523353,5,14.238369327165097
S012,2025-10-12,1.05,6.879694030297692,5,6.5520895526644685
S012,2025-10-13,1.05,8.498986928969817,5,8.09427326568554
S012,2025-10-14,1.05,31.023344033001283,5,29.546041936191695
S012,2025-10-15,1.05,4.398121416829185,5,4.188687063646843
S012,2025-10-16,1.05,24.75407355989355,5,23.575308152279568
S012,2025-10-17,1.05,6.8134432605271735,5,6.488993581454451
S012,2025-10-18,1.05,17.938180393779035,5,17.083981327408605
S012,2025-10-19,1.05,36.259641602179926,5,34.53299200207612
S012,2025-10-20,1.05,12.984585293524253,5,12.366271708118335
S012,2025-10-21,1.05,36.868281422415116,5,35.11264897372868
S012,2025-10-22,1.05,43.12442884679925,5,41.07088461599928
S012,2025-10-23,1.05,39.56129824095479,5,37.677426896147416
S012,2025-10-24,1.05,35.21752541969124,5,33.54050039970594
S012,2025-10-25,1.05,14.419372506671408,5,13.732735720639436
S012,2025-10-26,1.05,32.281409104648965,5,30.74419914728473
S012,2025-10-27,1.05,39.21064565212435,5,37.34347204964224
S012,2025-10-28,1.05,39.06824540847087,5,37.207852769972256
S012,2025-10-29,1.05,36.14374394013415,5,34.42261327631824
S012,2025-10-30,1.05,21.10152763534416,5,20.096692986042054
S012,2025-10-31,1.05,25.455724451974795,5,24.243547097118853
S012,2025-11-01,1.05,36.03560866323336,5,34.319627298317485
S012,2025-11-02,1.05,39.63059182146972,5,37.74342078235211
S012,2025-11-03,1.05,38.63336500043942,5,36.79368095279944
S012,2025-11-04,1.05,34.78294038441543,5,33.12660988991946
S012,2025-11-05,1.05,37.06050179518305,5,35.29571599541243
S012,2025-11-06,1.05,15.220040354821025,5,14.495276528400975
S012,2025-11-07,1.05,6.854394977489394,5,6.527995216656566
S012,2025-11-08,1.05,5.552957360858441,5,5.288530819865182
S012,2025-11-09,1.05,33.919216515363026,5,32.304015728917165
S012,2025-11-10,1.05,34.8831244672703,5,33.222023302162185
S012,2025-11-11,1.05,24.612707240416114,5,23.44067356230106
S012,2025-11-12,1.05,35.70897622952235,5,34.00854879002129
S012,2025-11-13,1.05,35.39859163268698,5,33.712944412082834
S012,2025-11-14,1.05,32.37080201022077,5,30.829335247829306
S012,2025-11-15,1.05,29.848108934478496,5,28.426770413789043
S012,2025-11-16,1.05,32.599587695612996,5,31.04722637677428
S012,2025-11-17,1.05,18.3231767297706,5,17.45064450454343
S012,2025-11-18,1.05,39.061503337897534,5,37.2014317503786
S012,2025-11-19,1.05,37.04552109004108,5,35.281448657181976
S012,2025-11-20,1.05,33.81514965755212,5,32.20490443576392
S012,2025-11-21,1.05,36.057802188145445,5,34.340763988709945
S012,2025-11-22,1.05,33.4033465005116,5,31.81271095286819
S012,2025-11-23,1.05,23.089895985436222,5,21.99037712898688
S012,2025-11-24,1.05,32.55363544911168,5,31.003462332487313
S012,2025-11-25,1.05,36.47950035856388,5,34.742381293870366
S012,2025-11-26,1.05,32.89993532163699,5,31.333271734892367
S012,2025-11-27,1.05,36.54445330582464,5,34.804241243642515
S012,2025-11-28,1.05,33.990469339225214,5,32.37187556116687
S012,2025-11-29,1.05,33.869581841705525,5,32.256744611148115
S012,2025-11-30,1.05,33.149057596918546,5,31.570531044684326
S012,2025-12-01,1.05,33.21346885339733,5,31.631875098473646
S012,2025-12-02,1.05,17.2384787752921,5,16.417598833611525
S012,2025-12-03,1.05,36.991697125091235,5,35.230187738182124
S012,2025-12-04,1.05,34.61318539803319,5,32.96493847431732
S012,2025-12-05,1.05,34.947044995884625,5,33.282899996080594
S012,2025-12-06,1.05,33.75243747413399,5,32.14517854679428
S012,2025-12-07,1.05,21.0616111082114,5,20.05867724591562
S012,2025-12-08,1.05,33.58411318689898,5,31.984869701808552
S012,2025-12-09,1.05,31.670756861842683,5,30.162625582707317
S012,2025-12-10,1.05,28.546864888863002,5,27.187490370345714
S012,2025-12-11,1.05,24.883325430785263,5,23.69840517217644
S012,2025-12-12,1.05,15.874750910812223,5,15.118810391249735
S012,2025-12-13,1.05,20.018458311096794,5,19.065198391520756
S012,2025-12-14,32.2,34.58017168237869,5,1.0739183752291517
S012,2025-12-15,31.77,31.32726677191463,5,0.9860644246746815
S012,2025-12-16,28.87,30.908457442509473,5,1.070608155265309
S012,2025-12-17,31.509999999999998,33.87113344488646,5,1.0749328290982691
S012,2025-12-18,31.27,31.79806587721928,5,1.0168873001988896
S019,2025-09-01,12.1,8.926826648812078,5,0.737754268496866
S019,2025-09-02,12.1,7.9704675523963635,5,0.6587163266443276
S019,2025-09-03,12.1,6.465167533262249,5,0.5343113663853098
S019,2025-09-04,12.1,8.444294148103367,5,0.6978755494300304
S019,2025-09-05,12.1,9.418669137716966,5,0.7784024080757823
S019,2025-09-06,12.1,6.679053839029876,5,0.5519879205809816
S019,2025-09-07,12.1,5.588511735561409,5,0.4618604740133396
S019,2025-09-08,12.1,3.8172316898856424,5,0.31547369337897874
S019,2025-09-09,12.1,8.828429707988304,5,0.7296222899163888
S019,2025-09-10,12.1,9.96502546809177,5,0.8235558238092373
S019,2025-09-11,12.1,6.779724307037616,5,0.5603077939700509
S019,2025-09-12,12.1,1.527648116730023,5,0.12625191047355563
S019,2025-09-13,12.1,4.968615930856116,5,0.41062941577323275
S019,2025-09-14,12.1,8.473609750929457,5,0.7002983265230956
S019,2025-09-15,12.1,5.264847590252112,5,0.43511137109521586
S019,2025-09-16,12.1,7.195343581819191,5,0.5946564943652224
S019,2025-09-17,12.1,5.41923709259259,5,0.4478708340985612
S019,2025-09-18,12.1,8.450377980949401,5,0.6983783455330084
S019,2025-09-19,12.1,2.3310071073637584,5,0.19264521548460814
S019,2025-09-20,12.1,9.199376452155008,5,0.7602790456326453
S019,2025-09-21,12.1,5.891750749868882,5,0.48692154957594064
S019,2025-09-22,12.1,4.236791769757884,5,0.3501480801452797
S019,2025-09-23,12.1,3.7109290810914346,5,0.3066883538092095
S019,2025-09-24,12.1,4.20952798239805,5,0.3478948745783512
S019,2025-09-25,12.1,7.224764102151532,5,0.5970879423265729
S019,2025-09-26,12.1,5.827932604201429,5,0.48164732266127513
S019,2025-09-27,12.1,2.7885390328749535,5,0.23045777131197964
S019,2025-09-28,12.1,3.586249148780385,5,0.29638422717193263
S019,2025-09-29,12.1,4.693854086808579,5,0.38792182535608094
S019,2025-09-30,12.1,9.746724850034514,5,0.8055144504160756
S019,2025-10-01,5.7,7.588810139725293,5,1.3313701999518057
S019,2025-10-02,0.53,0.9564921707436751,4,1.8047022089503302
S019,2025-10-03,7.41,5.720429893671443,5,0.7719878399016792
S019,2025-10-04,2.08,3.009169748459022,5,1.4467162252206835
S019,2025-10-05,4.71,4.489377636592989,5,0.9531587338838619
S019,2025-10-06,6.19,6.56401659470507,5,1.0604227131995265
S019,2025-10-07,5.62,6.862975412378824,5,1.2211700022026377
S019,2025-10-08,4.17,5.372251416608416,5,1.288309692232234
S019,2025-10-09,11.08,9.76579984317704,5,0.8813898775430542
S019,2025-10-10,7.029999999999999,6.884588891850592,5,0.9793156318421896
S019,2025-10-11,3.6799999999999997,4.305492782087525,5,1.169970864697697
S019,2025-10-12,1.3699999999999999,2.059863574164712,5,1.5035500541348266
S019,2025-10-13,1.7000000000000002,2.1972962169687413,5,1.2925271864522005
S019,2025-10-14,6.859999999999999,7.235426039145531,5,1.05472682786378
S019,2025-10-15,1.23,1.3147553214934997,5,1.0689067654418698
S019,2025-10-16,9.18,5.644528204076785,5,0.6148723533852707
S019,2025-10-17,1.33,2.079821423207672,5,1.5637755061711818
S019,2025-10-18,5.15,4.597105726290677,5,0.8926418886001315
S019,2025-10-19,5.1,8.281958730055637,5,1.6239134764814975
S019,2025-10-20,2.4,3.42250624606607,5,1.426044269194196
S019,2025-10-21,5.79,6.872009301030554,5,1.1868755269482822
S019,2025-10-22,11.639999999999999,10.35157369440359,5,0.8893104548456694
S019,2025-10-23,11.459999999999999,10.19054534879607,5,0.8892273428268822
S019,2025-10-24,8.42,9.155119537438935,5,1.0873063583656692
S019,2025-10-25,3.02,3.8375260334230177,5,1.2707039845771582
S019,2025-10-26,5.25,8.361065366152042,5,1.5925838792670557
S019,2025-10-27,10.76,10.52898752118335,5,0.9785304387716868
S019,2025-10-28,10.28,9.937840476632784,5,0.9667159996724499
S019,2025-10-29,10.5,9.578287250894796,5,0.912217833418552
S019,2025-10-30,2.59,4.861118709727258,5,1.876879810705505
S019,2025-10-31,5.43,6.703634281103605,5,1.2345551162253419
S019,2025-11-01,6.29,9.756680955891085,5,1.5511416464055778
S019,2025-11-02,10.98,10.346236060981227,5,0.9422801512733358
S019,2025-11-03,10.44,10.040372492862698,5,0.961721503147768
S019,2025-11-04,10.309999999999999,9.399503593489255,5,0.9116880304063294
S019,2025-11-05,9.879999999999999,9.752498653361222,5,0.9870950054009335
S019,2025-11-06,7.3999999999999995,5.400263316596465,5,0.7297653130535764
S019,2025-11-07,4.05,3.5674472708945832,5,0.8808511779986625
S019,2025-11-08,1.69,1.7894957068695694,5,1.0588731993311062
S019,2025-11-09,9.129999999999999,8.893937371137124,5,0.9741442903764649
S019,2025-11-10,10.79,9.728168820303678,5,0.9015911788974679
S019,2025-11-11,6.09,6.609144580895948,5,1.0852454155822575
S019,2025-11-12,9.879999999999999,9.463970895620339,5,0.9578917910546902
S019,2025-11-13,7.8100000000000005,9.185764487731452,5,1.176154223781236
S019,2025-11-14,9.370000000000001,9.023570918415713,5,0.9630278461489553
S019,2025-11-15,6.74,8.230654560308597,5,1.221165365030949
S019,2025-11-16,8.77,8.819702616197967,5,1.005667345062482
S019,2025-11-17,3.3,4.3763422821471805,5,1.3261643279233881
S019,2025-11-18,10.58,9.848349334722979,5,0.9308458728471625
S019,2025-11-19,9.86,9.432053209904943,5,0.956597688631333
S019,2025-11-20,8.62,8.420543337613749,5,0.9768611760572795
S019,2025-11-21,8.87,9.419396283524442,5,1.0619387016374795
S019,2025-11-22,8.98,9.076101280369672,5,1.0107017016001862
S019,2025-11-23,4.83,6.030645219253601,5,1.2485807907357351
S019,2025-11-24,8.34,8.706524821075222,5,1.0439478202728083
S019,2025-11-25,10.13,8.699425268291558,5,0.8587784075312495
S019,2025-11-26,9.3,8.798146640908964,5,0.9460372732160176
S019,2025-11-27,9.8,9.317136157292824,5,0.9507281793155942
S019,2025-11-28,8.85,8.985476978015319,5,1.0153081331090756
S019,2025-11-29,8.75,8.897014665478618,5,1.0168016760546992
S019,2025-11-30,8.08,8.807570397041124,5,1.0900458412179608
S019,2025-12-01,8.75,8.73189666236805,5,0.997931047127777
S019,2025-12-02,2.94,4.027887309696567,5,1.370029697175703
S019,2025-12-03,9.79,9.251795876401868,5,0.9450251150563707
S019,2025-12-04,8.89,8.832786506425942,5,0.9935642864371137
S019,2025-12-05,9.16,8.905904820246871,5,0.9722603515553352
S019,2025-12-06,8.08,8.728776582892033,5,1.0802941315460437
S019,2025-12-07,3.73,5.594436004011529,5,1.4998487946411605
S019,2025-12-08,8.22,8.609548306550533,5,1.0473903049331548
S019,2025-12-09,7.96,7.959261799788097,5,0.9999072612799117
S019,2025-12-10,6.33,7.290371830089118,5,1.1517175087028622
S019,2025-12-11,4.09,4.73256823607769,5,1.1571071481852544
S019,2025-12-12,2.26,2.878725176725087,5,1.2737722020907467
S019,2025-12-13,0.99,3.4059351985716884,5,3.440338584415847
S019,2025-12-14,9.379999999999999,8.822585916698184,5,0.9405741915456487
S019,2025-12-15,9.89,7.885957021120995,5,0.797366736210414
S019,2025-12-16,8.36,7.924372901865796,5,0.9478914954384924
S019,2025-12-17,9.719999999999999,8.618226520532108,5,0.8866488189847849
S019,2025-12-18,9.18,8.125574534156826,5,0.8851388381434451
S019,2025-12-19,6.59,7.437212327882085,5,1.1285602925465987
S019,2025-12-20,5.15,5.807375861652943,5,1.127645798379212
S019,2025-12-21,9.26,8.866570196182808,5,0.9575129801493314
S019,2025-12-22,4.72,4.240019199108397,5,0.8983091523534739
S019,2025-12-23,0.99,1.7644553346646097,5,1.782278115822838
S019,2025-12-24,4.72,6.644936285135451,5,1.4078254841388667
S019,2025-12-25,10.48,9.209578361297577,5,0.8787765611925169
S019,2025-12-26,10.27,8.438110159951316,5,0.8216270847080153
S019,2025-12-27,9.049999999999999,8.131183695450677,5,0.898473336513887
S019,2025-12-28,8.71,8.431771364738827,5,0.9680564138620925
S019,2025-12-29,7.21,8.209875729342976,5,1.138679019326349
S019,2025-12-30,8.66,8.424944645916735,5,0.9728573494130179
S019,2025-12-31,7.3999999999999995,6.59895567907474,5,0.8917507674425325
S032,2025-09-01,27.96,12.562755161361014,5,0.4493117010501078
S032,2025-09-02,26.92,11.700941120562995,5,0.4346560594562776
S032,2025-09-03,21.17,9.87630137444766,5,0.46652344706885496
S032,2025-09-04,19.41,9.672958780578778,5,0.49834924165784533
S032,2025-09-05,23.72,11.559501089465712,5,0.48733141186617673
S032,2025-09-06,14.19,8.471069227244486,5,0.5969745755633887
S032,2025-09-07,14.120000000000001,9.711707423845784,5,0.6877979761930442
S032,2025-09-08,4.32,5.626948576519561,5,1.3025343927128612
S032,2025-09-09,27.4,12.464529901995283,5,0.45490985043778404
S032,2025-09-10,32.71,16.432299214774208,5,0.5023631676788202
S032,2025-09-11,11.76,10.915623197924795,5,0.9281992515242172
S032,2025-09-12,4.25,3.5902750588400636,5,0.844770602080015
S032,2025-09-13,7.74,7.227960313025868,5,0.9338450016829286
S032,2025-09-14,22.41,10.349641349621196,5,0.4618313855252653
S032,2025-09-15,14.89,9.530525824741712,5,0.6400621776186509
S032,2025-09-16,23.48,10.898927792589317,5,0.46417920752083974
S032,2025-09-17,4.87,9.2237260714347,5,1.8939889263726282
S032,2025-09-18,20.97,12.606120041883226,5,0.6011502165895674
S032,2025-09-19,4.07,3.7116545854976652,5,0.9119544436112199
S032,2025-09-20,27.06,13.99094257598102,5,0.5170340937169631
S032,2025-09-21,24.830000000000002,9.972732641993918,5,0.401640460813287
S032,2025-09-22,17.78,8.725852254778493,5,0.49076784335087137
S032,2025-09-23,13.87,7.295602494111217,5,0.5259987378594966
S032,2025-09-24,6.44,6.435415892344748,5,0.9992881820411099
S032,2025-09-25,3.63,11.189864221150511,5,3.0826072234574413
S032,2025-09-26,9.28,8.32478801511415,5,0.8970676740424731
S032,2025-09-27,5.81,6.977231090400858,5,1.2009003597936074
S032,2025-09-28,7.5,6.746668900316916,5,0.8995558533755887
S032,2025-09-29,12.75,8.820298233399686,5,0.6917880967372303
S032,2025-09-30,27.0,13.351901450050143,5,0.4945148685203757
S032,2025-10-01,11.72,11.289398192378629,5,0.9632592314316236
S032,2025-10-02,1.21,2.9044349298567296,5,2.4003594461625863
S032,2025-10-03,12.16,8.093213244612361,5,0.6655602997214113
S032,2025-10-04,8.07,5.629006577017609,5,0.6975225002500135
S032,2025-10-05,19.16,8.401913702950484,5,0.4385132412813405
S032,2025-10-06,11.55,8.436444875498191,5,0.7304281277487611
S032,2025-10-07,21.77,9.492162675229014,5,0.43602033418599057
S032,2025-10-08,11.5,7.6420475410007445,5,0.6645258731304995
S032,2025-10-09,26.38,14.240899711443499,5,0.5398369867870925
S032,2025-10-10,21.5,9.306999599941308,5,0.43288370232285156
S032,2025-10-11,6.390000000000001,7.679581605807757,5,1.2018124578728882
S032,2025-10-12,2.96,5.443001481287106,5,1.8388518517861845
S032,2025-10-13,3.08,3.948775613054094,5,1.2820700042383422
S032,2025-10-14,13.32,8.578723678118141,5,0.6440483241830436
S032,2025-10-15,2.41,3.4851956431849254,5,1.4461392710310892
S032,2025-10-16,20.24,7.055220441362048,5,0.348578085047532
S032,2025-10-17,5.21,4.164713287446306,5,0.7993691530607113
S032,2025-10-18,11.82,6.369501372703997,5,0.5388749046280877
S032,2025-10-19,9.42,9.344372547557866,5,0.9919716080210048
S032,2025-10-20,8.17,5.284365197486735,5,0.6468011257633702
S032,2025-10-21,13.39,8.03434730894867,5,0.6000259379349268
S032,2025-10-22,25.990000000000002,10.377570747867981,5,0.399290909883339
S032,2025-10-23,25.94,10.427467876561973,5,0.4019841124349257
S032,2025-10-24,19.93,9.158445013854626,5,0.4595306078201017
S032,2025-10-25,7.28,5.706899065702007,5,0.7839147068271988
S032,2025-10-26,16.32,11.329418039012204,5,0.6942045367041791
S032,2025-10-27,25.5,9.700329140270476,5,0.3804050643243324
S032,2025-10-28,23.29,11.948030514390267,5,0.513011185675838
S032,2025-10-29,22.25,8.203991470337076,5,0.3687187177679585
S032,2025-10-30,5.32,6.548242717255853,5,1.2308726912135062
S032,2025-10-31,14.29,6.9649499560836325,5,0.48740027684280146
S032,2025-11-01,19.12,7.739843908652395,5,0.4048035517077612
S032,2025-11-02,24.59,6.692610134111428,5,0.27216795990693077
S032,2025-11-03,24.490000000000002,7.904194693800999,5,0.32275192706414857
S032,2025-11-04,22.05,8.560764233326942,5,0.3882432758878432
S032,2025-11-05,23.79,8.674993723535621,5,0.36464874836215305
S032,2025-11-06,17.89,5.192139699963311,5,0.2902258077117558
S032,2025-11-07,13.7,4.1436816519812,5,0.3024585147431533
S032,2025-11-08,3.2199999999999998,2.18470250861355,5,0.6784790399420964
S032,2025-11-09,20.5,8.081993578764353,5,0.3942435892080172
S032,2025-11-10,23.81,6.951769254786345,5,0.2919684693316399
S032,2025-11-11,16.03,8.111370234411236,5,0.5060118673993285
S032,2025-11-12,22.06,8.06356621298553,5,0.36552884011720443
S032,2025-11-13,17.43,9.201624974613203,5,0.5279188166731614
S032,2025-11-14,20.25,8.587124145790247,5,0.42405551337235786
S032,2025-11-15,16.85,8.00640654639064,5,0.4751576585395038
S032,2025-11-16,18.7,7.568293740426776,5,0.4047215903971538
S032,2025-11-17,8.37,5.3615449688952435,5,0.6405669018990734
S032,2025-11-18,22.0,9.152347365312773,5,0.41601578933239874
S032,2025-11-19,20.65,8.697669111643503,5,0.4211946301038016
S032,2025-11-20,18.06,8.28264771545231,5,0.45861836741153433
S032,2025-11-21,18.93,7.981387083980751,5,0.42162636471108034
S032,2025-11-22,19.36,8.355534394920934,5,0.4315875203988086
S032,2025-11-23,11.79,6.4006025724155045,5,0.5428840180165823
S032,2025-11-24,17.939999999999998,8.757405729650388,5,0.4881497062235446
S032,2025-11-25,19.71,9.469230227919057,5,0.48042771323790245
S032,2025-11-26,18.65,8.344937516326993,5,0.4474497327789273
S032,2025-11-27,19.490000000000002,8.712422745366705,5,0.4470201511219448
S032,2025-11-28,17.81,8.522021325117013,5,0.47849642476794013
S032,2025-11-29,17.25,8.567136604539385,5,0.4966456002631528
S032,2025-11-30,16.27,6.991235483147733,5,0.42970101310065967
S032,2025-12-01,16.8,7.003948050812494,5,0.4169016696912199
S032,2025-12-02,2.94,4.755843342009813,5,1.617633789799256
S032,2025-12-03,19.3,8.410058447905264,5,0.43575432372566136
S032,2025-12-04,18.08,6.993515481045972,5,0.38680948457112685
S032,2025-12-05,18.19,7.554623691323375,5,0.4153174101882009
S032,2025-12-06,16.15,7.541594046940487,5,0.4669717676124141
S032,2025-12-07,9.87,7.594079609754966,5,0.7694102948080007
S032,2025-12-08,16.1,7.225556140389106,5,0.44879230685646615
S032,2025-12-09,12.5,6.601098568274972,5,0.5280878854619978
S032,2025-12-10,8.69,6.741300045509545,5,0.7757537451679569
S032,2025-12-11,3.61,5.339298074302513,5,1.4790299374799205
S032,2025-12-12,4.13,5.44214374538471,5,1.3177103499720848
S032,2025-12-13,1.87,5.717929037976418,5,3.0577160630889937
S032,2025-12-14,19.270000000000003,7.841409426129356,5,0.40692316689825403
S032,2025-12-15,19.83,7.409199522782964,5,0.3736358811287425
S032,2025-12-16,17.04,7.1526988821830075,5,0.41975932407177274
S032,2025-12-17,19.009999999999998,6.779574755876048,5,0.3566320229287769
S032,2025-12-18,16.79,7.0177471888381024,5,0.4179718397163849
S032,2025-12-19,13.77,5.672768291810289,5,0.41196574377707257
S032,2025-12-20,11.17,6.472335527374234,5,0.579439169863405
S032,2025-12-21,18.8,7.240506306115146,5,0.3851333141550609
S032,2025-12-22,13.16,4.8418097630809,5,0.36791867500614744
S032,2025-12-23,2.0300000000000002,3.2459295475770116,5,1.598980072698035
S032,2025-12-24,9.54,6.600398901511561,5,0.6918657129467045
S032,2025-12-25,21.14,7.933584418533574,5,0.37528781544624285
S032,2025-12-26,19.75,7.576746900581029,5,0.38363275445979894
S032,2025-12-27,18.7,7.668094669496337,5,0.4100585384757399
S032,2025-12-28,17.919999999999998,7.83456906897777,5,0.4371969346527774
S032,2025-12-29,16.78,6.286627605342425,5,0.3746500360752339
S032,2025-12-30,19.08,7.07851913059552,5,0.3709915686894927
S032,2025-12-31,12.05,7.065450648293871,5,0.5863444521405702
S050,2025-09-01,4.93,6.217938703047295,5,1.2612451730319059
S050,2025-09-02,3.7600000000000002,5.529349192479695,5,1.4705715937445998
S050,2025-09-03,4.7299999999999995,4.479004875617587,5,0.9469354916739086
S050,2025-09-04,7.08,6.052773134814105,5,0.8549114597195063
S050,2025-09-05,6.74,5.690286862727484,5,0.8442562110871638
S050,2025-09-06,2.85,4.1368071208323665,5,1.451511270467497
S050,2025-09-07,2.89,4.100754462955999,5,1.4189461809536328
S050,2025-09-08,2.89,2.9191310892055724,5,1.0100799616628278
S050,2025-09-09,6.1,6.322101484258374,5,1.0364100793866187
S050,2025-09-10,7.07,6.789768109548557,5,0.9603632403887634
S050,2025-09-11,1.46,4.118735458705587,5,2.8210516840449227
S050,2025-09-12,0.8600000000000001,1.016611888056659,5,1.1821068465775104
S050,2025-09-13,2.61,3.5315407389306426,5,1.3530807428853038
S050,2025-09-14,5.17,5.390799727550108,5,1.0427078776692664
S050,2025-09-15,2.71,3.630128696908454,5,1.3395308844680642
S050,2025-09-16,5.14,4.722468081098867,5,0.9187681091632038
S050,2025-09-17,1.93,4.25070633397691,5,2.2024385150139434
S050,2025-09-18,4.21,5.421897299223142,5,1.2878615912644042
S050,2025-09-19,0.54,1.3494904103706342,5,2.4990563155011745
S050,2025-09-20,7.12,6.604622791280422,5,0.9276155605730929
S050,2025-09-21,4.62,4.208648418065232,5,0.9109628610530806
S050,2025-09-22,1.8599999999999999,2.571455189756062,5,1.382502790191431
S050,2025-09-23,1.79,2.3370875050046434,5,1.3056354776562253
S050,2025-09-24,1.48,3.337736041595541,5,2.255227055132122
S050,2025-09-25,3.99,5.223681111733136,5,1.3091932610859989
S050,2025-09-26,2.14,3.6684681460577515,5,1.7142374514288556
S050,2025-09-27,0.6,1.8644332352080026,5,3.107388725346671
S050,2025-09-28,2.06,2.3201454323398933,5,1.1262841904562588
S050,2025-09-29,4.26,2.9331593289233995,5,0.6885350537378873
S050,2025-09-30,6.5600000000000005,6.6862843287231435,5,1.0192506598663327
S050,2025-10-01,2.95,4.445541908212899,5,1.506963358716237
S050,2025-10-02,0.54,0.993556986039196,5,1.8399203445170293
S050,2025-10-03,3.54,3.4139521360939376,5,0.9643932587835982
S050,2025-10-04,1.68,1.8749296066708436,5,1.116029527780264
S050,2025-10-05,2.15,2.768228545253842,5,1.2875481605831824
S050,2025-10-06,4.4,4.358301230263009,5,0.9905230068779565
S050,2025-10-07,3.54,4.026662080572926,5,1.1374751640036513
S050,2025-10-08,2.67,3.465760464852606,5,1.2980376272856202
S050,2025-10-09,6.13,6.029359680853579,5,0.983582329666163
S050,2025-10-10,2.62,3.6853452673476124,5,1.4066203310487069
S050,2025-10-11,0.91,2.589310231816452,5,2.845395859138958
S050,2025-10-12,0.5700000000000001,1.4575622339563532,5,2.5571267262392157
S050,2025-10-13,0.77,1.728062697204126,5,2.2442372690962675
S050,2025-10-14,6.47,4.9408169387218965,5,0.7636502223681447
S050,2025-10-15,0.9400000000000001,0.9878645873148131,5,1.0509197737391627
S050,2025-10-16,3.24,4.066296375822908,5,1.2550297456243542
S050,2025-10-17,0.56,1.4611949929765247,5,2.609276773172365
S050,2025-10-18,2.9,3.082178897469672,5,1.0628203094723008
S050,2025-10-19,2.8600000000000003,5.733946572014281,5,2.0048764237812167
S050,2025-10-20,1.8599999999999999,2.375212934336978,5,1.2769962012564398
S050,2025-10-21,4.15,5.519045658672809,5,1.3298905201621225
S050,2025-10-22,6.07,6.479985071159553,5,1.0675428453310631
S050,2025-10-23,6.0,6.239184008597867,5,1.0398640014329779
S050,2025-10-24,3.74,5.576805224762802,5,1.491124391647808
S050,2025-10-25,1.57,2.5403959583227547,5,1.6180865976578054
S050,2025-10-26,3.92,5.1594255002319125,5,1.3161799745489573
S050,2025-10-27,5.25,6.214516907790838,5,1.1837175062458738
S050,2025-10-28,0.4,6.101248265661084,5,15.25312066415271
S050,2025-10-29,0.4,5.72774743606962,5,14.31936859017405
S050,2025-10-30,0.4,3.553020084285317,5,8.882550210713292
S050,2025-10-31,0.4,4.083764339521258,5,10.209410848803143
S050,2025-11-01,0.4,5.5636071026655465,5,13.909017756663866
S050,2025-11-02,0.4,5.95135666314421,5,14.878391657860526
S050,2025-11-03,0.4,5.793762386348437,5,14.484405965871092
S050,2025-11-04,0.4,5.502735726351041,5,13.756839315877603
S050,2025-11-05,0.4,5.732095711738603,5,14.330239279346507
S050,2025-11-06,0.4,2.7423690541283503,5,6.8559226353208755
S050,2025-11-07,0.4,1.5172575395087902,5,3.793143848771975
S050,2025-11-08,0.4,1.2434379074982367,5,3.1085947687455917
S050,2025-11-09,0.4,5.17833075247371,5,12.945826881184274
S050,2025-11-10,0.4,5.548148613162831,5,13.870371532907077
S050,2025-11-11,0.4,3.857187619036196,5,9.642969047590489
S050,2025-11-12,0.4,5.465820897559104,5,13.66455224389776
S050,2025-11-13,0.4,5.3293881280528455,5,13.323470320132113
S050,2025-11-14,0.4,5.200716862335279,5,13.001792155838196
S050,2025-11-15,0.4,4.814609420127656,5,12.03652355031914
S050,2025-11-16,0.4,5.095748442165062,5,12.739371105412655
S050,2025-11-17,0.4,2.8508815298752728,5,7.1272038246881815
S050,2025-11-18,0.4,5.838186772969181,5,14.595466932422953
S050,2025-11-19,0.4,5.594126147121808,5,13.98531536780452
S050,2025-11-20,0.4,5.132875584414677,5,12.832188961036692
S050,2025-11-21,0.4,5.478893084983962,5,13.697232712459906
S050,2025-11-22,0.4,5.261305470852552,5,13.15326367713138
S050,2025-11-23,0.4,3.6832497310579244,5,9.20812432764481
S050,2025-11-24,0.4,5.09644035877603,5,12.741100896940074
S050,2025-11-25,0.4,5.467139628144766,5,13.667849070361914
S050,2025-11-26,0.4,5.145936204929697,5,12.864840512324243
S050,2025-11-27,0.4,5.495235975045723,5,13.738089937614308
S050,2025-11-28,0.4,5.225929126330653,5,13.064822815826632
S050,2025-11-29,0.4,5.145844891490201,5,12.864612228725502
S050,2025-11-30,0.4,5.073195638714145,5,12.682989096785361
S050,2025-12-01,0.4,5.1147066941832104,5,12.786766735458025
S050,2025-12-02,0.4,2.7665956539537038,5,6.916489134884259
S050,2025-12-03,0.4,5.552377644728744,5,13.88094411182186
S050,2025-12-04,0.4,5.2257748497336625,5,13.064437124334155
S050,2025-12-05,0.4,5.248719700618738,5,13.121799251546843
S050,2025-12-06,0.4,5.170732644854535,5,12.926831612136338
S050,2025-12-07,0.4,3.406176469551261,5,8.515441173878152
S050,2025-12-08,0.4,5.111834179784236,5,12.77958544946059
S050,2025-12-09,0.4,4.76356204198123,5,11.908905104953075
S050,2025-12-10,0.4,4.338204788704747,5,10.845511971761868
S050,2025-12-11,2.59,3.8389288596083184,5,1.4822119149066868
S050,2025-12-12,1.5,2.485713718359539,5,1.6571424789063594
S050,2025-12-13,0.32,2.679830675507083,4,8.374470860959635
S050,2025-12-14,3.54,5.2104569812586945,5,1.471880503180422
S050,2025-12-15,3.35,4.769430099398982,5,1.423710477432532
S050,2025-12-16,3.04,4.718158887472365,5,1.5520259498264357
S050,2025-12-17,3.25,5.095556849957876,5,1.5678636461408848
S050,2025-12-18,3.39,4.867663611236212,5,1.4358889708661393
S050,2025-12-19,2.07,4.355726787354092,5,2.104215839301494
S050,2025-12-20,2.45,3.7772965328872496,5,1.5417536868927548
S050,2025-12-21,3.2,5.239598973406204,5,1.6373746791894386
S050,2025-12-22,1.72,2.618047311857502,5,1.5221205301497105
S050,2025-12-23,0.78,1.624495716481116,5,2.0826868160014307
S050,2025-12-24,2.2,4.378805369770291,5,1.9903660771683138
S050,2025-12-25,3.79,5.564124837448694,5,1.4681068172687848
S050,2025-12-26,2.99,5.066166365950416,5,1.694370022056995
S050,2025-12-27,3.1399999999999997,4.8574567219088705,5,1.5469607394614238
S050,2025-12-28,3.14,5.010571759701595,5,1.5957234903508262
S050,2025-12-29,2.92,4.921173181127056,5,1.685333281207896
S050,2025-12-30,3.18,4.99513806000092,5,1.570798132075761
S050,2025-12-31,2.69,4.1704972758817345,5,1.5503707345285258
S053,2025-09-01,27.7,35.09358330069049,5,1.266916364645866
S053,2025-09-02,27.7,35.505617200345455,5,1.281791234669511
S053,2025-09-03,27.7,30.152681637596967,5,1.088544463451154
S053,2025-09-04,27.7,36.2247330855128,5,1.3077520969499208
S053,2025-09-05,27.7,39.4256379702604,5,1.4233082299732995
S053,2025-09-06,27.7,29.2160652570587,5,1.054731597727751
S053,2025-09-07,27.7,25.54701466562082,5,0.9222748976758419
S053,2025-09-08,27.7,22.477534638352857,5,0.8114633443448686
S053,2025-09-09,27.7,38.51728810743971,5,1.3905158161530582
S053,2025-09-10,27.7,41.828357582768916,5,1.5100490102082642
S053,2025-09-11,27.7,28.360967920677968,5,1.0238616577862083
S053,2025-09-12,27.7,17.994677669415502,5,0.6496273526864802
S053,2025-09-13,27.7,25.48242915446876,5,0.9199432907750456
S053,2025-09-14,27.7,34.16911713796477,5,1.2335421349445765
S053,2025-09-15,27.7,27.433698685284668,5,0.9903862341258003
S053,2025-09-16,27.7,31.51540724916302,5,1.1377403339048022
S053,2025-09-17,27.7,25.53940668103257,5,0.9220002411925116
S053,2025-09-18,27.7,34.843828556797234,5,1.257899947898817
S053,2025-09-19,27.7,19.872303073380632,5,0.7174116632989398
S053,2025-09-20,27.7,36.30654667726408,5,1.3107056562189199
S053,2025-09-21,27.7,29.152788708036553,5,1.052447245777493
S053,2025-09-22,27.7,24.59191361707809,5,0.8877947154179817
S053,2025-09-23,27.7,23.244232661244034,5,0.8391419733301095
S053,2025-09-24,27.7,24.533040610366157,5,0.8856693361143018
S053,2025-09-25,27.7,28.57371795006671,5,1.0315421642623361
S053,2025-09-26,27.7,26.48321573731851,5,0.9560727703003072
S053,2025-09-27,27.7,20.687367145552578,5,0.7468363590452194
S053,2025-09-28,27.7,22.83415891579938,5,0.8243378669963676
S053,2025-09-29,27.7,24.758064763292474,5,0.8937929517434107
S053,2025-09-30,27.7,39.26431763886952,5,1.4174843912949286
S053,2025-10-01,27.7,26.621480474627866,5,0.9610642770623778
S053,2025-10-02,27.7,17.19176641764207,5,0.6206413869184864
S053,2025-10-03,27.7,23.815167497344618,5,0.8597533392543184
S053,2025-10-04,27.7,20.172759876780084,5,0.7282584793061403
S053,2025-10-05,27.7,23.443401512154146,5,0.8463321845543014
S053,2025-10-06,27.7,25.61065304877839,5,0.9245723122302668
S053,2025-10-07,27.7,25.29082262673636,5,0.9130260876078109
S053,2025-10-08,27.7,24.417080886125568,5,0.8814830644810675
S053,2025-10-09,27.7,36.20409462547145,5,1.307007026190305
S053,2025-10-10,27.7,29.571927841196093,5,1.0675786224258517
S053,2025-10-11,27.7,21.932851802454138,5,0.7917997040597162
S053,2025-10-12,27.7,17.78198236981439,5,0.64194882201496
S053,2025-10-13,27.7,18.519200569072936,5,0.6685631974394561
S053,2025-10-14,27.7,26.995756416223713,5,0.9745760439069933
S053,2025-10-15,27.7,16.749590367406853,5,0.6046783526139659
S053,2025-10-16,27.7,23.94610103026498,5,0.8644801815980138
S053,2025-10-17,27.7,18.24890519069743,5,0.6588052415414234
S053,2025-10-18,27.7,22.2693517838105,5,0.8039477178270938
S053,2025-10-19,27.7,31.32164489363565,5,1.1307453030193375
S053,2025-10-20,27.7,21.40629845759129,5,0.7727905580357867
S053,2025-10-21,27.7,25.521061438262993,5,0.9213379580600359
S053,2025-10-22,27.7,36.03767402679999,5,1.30099906233935
S053,2025-10-23,27.7,35.35011576174195,5,1.276177464322814
S053,2025-10-24,27.7,32.65929771922317,5,1.1790360187445188
S053,2025-10-25,27.7,21.36925384592453,5,0.7714532074340985
S053,2025-10-26,27.7,31.21536244067165,5,1.1269083913599873
S053,2025-10-27,27.7,35.578808537315794,5,1.2844335212027362
S053,2025-10-28,27.7,34.817913965378615,5,1.2569644030822604
S053,2025-10-29,27.7,33.77705972469991,5,1.2193884377147983
S053,2025-10-30,27.7,21.61901516319471,5,0.7804698614871737
S053,2025-10-31,27.7,27.09928308861543,5,0.9783134689030841
S053,2025-11-01,27.7,34.95558062412845,5,1.261934318560594
S053,2025-11-02,27.7,35.73102547938448,5,1.2899287176673098
S053,2025-11-03,27.7,35.17244612633453,5,1.2697633980626184
S053,2025-11-04,27.7,32.95528277759184,5,1.189721399913063
S053,2025-11-05,27.7,34.8679805215344,5,1.2587718599831914
S053,2025-11-06,27.7,22.95593562704293,5,0.8287341381603947
S053,2025-11-07,27.7,18.565035119174244,5,0.6702178743384204
S053,2025-11-08,27.7,16.314311561511854,5,0.588964316300067
S053,2025-11-09,27.7,32.90836646835627,5,1.1880276703377715
S053,2025-11-10,27.7,33.885692612896484,5,1.223310202631642
S053,2025-11-11,27.7,27.683168430385702,5,0.9993923621077871
S053,2025-11-12,27.7,33.527016279911855,5,1.2103615985527745
S053,2025-11-13,27.7,32.34318015222162,5,1.1676238322101669
S053,2025-11-14,27.7,32.67394550664415,5,1.179564819734446
S053,2025-11-15,27.7,30.41124709805962,5,1.0978789566086504
S053,2025-11-16,27.7,31.9665600778501,5,1.1540274396335777
S053,2025-11-17,27.7,21.327059962953655,5,0.7699299625615038
S053,2025-11-18,27.7,32.7028580719411,5,1.1806085946549134
S053,2025-11-19,27.7,32.35678507240863,5,1.1681149845634884
S053,2025-11-20,27.7,31.069068817223283,5,1.1216270331127538
S053,2025-11-21,27.7,32.510261299754355,5,1.1736556425904099
S053,2025-11-22,27.7,31.856452942030437,5,1.1500524527808822
S053,2025-11-23,27.7,26.61665282189558,5,0.9608899935702376
S053,2025-11-24,27.7,31.534403473279053,5,1.1384261181689188
S053,2025-11-25,27.7,31.498294618931133,5,1.1371225494198964
S053,2025-11-26,27.7,31.74513124249823,5,1.146033618862752
S053,2025-11-27,27.7,31.083400167152025,5,1.122144410366499
S053,2025-11-28,27.7,31.722759863068056,5,1.145225987836392
S053,2025-11-29,27.7,31.477235012519017,5,1.1363622748201812
S053,2025-11-30,27.7,31.36434245739671,5,1.1322867313139606
S053,2025-12-01,27.7,23.06493979237967,5,0.8326693065841035
S053,2025-12-02,27.7,16.35360325428279,5,0.5903827889632776
S053,2025-12-03,27.7,22.416627514104682,5,0.8092645311951149
S053,2025-12-04,27.7,22.524820189966107,5,0.8131704039698956
S053,2025-12-05,27.7,22.588306280067513,5,0.8154623205800546
S053,2025-12-06,27.7,22.778306544229913,5,0.8223215358927767
S053,2025-12-07,27.7,20.49272624894318,5,0.739809611875205
S053,2025-12-08,27.7,22.701636337385207,5,0.8195536583893577
S053,2025-12-09,27.7,22.499279470765373,5,0.8122483563453203
S053,2025-12-10,27.7,21.154060981053348,5,0.7636845119513844
S053,2025-12-11,27.7,17.942640648093565,5,0.6477487598589735
S053,2025-12-12,27.7,15.819707523077572,5,0.5711085748403456
S053,2025-12-13,27.7,15.018167628032089,5,0.5421721165354545
S053,2025-12-14,27.7,21.73005983780789,5,0.7844786945057
S053,2025-12-15,27.7,22.182282699646372,5,0.8008044295901218
S053,2025-12-16,27.7,21.71337617970492,5,0.783876396379239
S053,2025-12-17,27.7,21.724656401961624,5,0.7842836246195533
S053,2025-12-18,27.7,22.12062388664132,5,0.7985784796621415
S053,2025-12-19,27.7,21.011829915733955,5,0.7585498164524894
S053,2025-12-20,27.7,18.183592394120414,5,0.6564473788491124
S053,2025-12-21,27.7,21.278972769915672,5,0.7681939628128401
S053,2025-12-22,27.7,17.322120070336535,5,0.6253472949579977
S053,2025-12-23,27.7,13.056587303994672,5,0.4713569423824791
S053,2025-12-24,27.7,19.015773346959328,5,0.6864900125256075
S053,2025-12-25,27.7,22.575906664563416,5,0.8150146810311703
S053,2025-12-26,27.7,22.47010350413223,5,0.811195072351344
S053,2025-12-27,27.7,21.94919204650641,5,0.7923896045670185
S053,2025-12-28,27.7,22.44304051425595,5,0.8102180691067131
S053,2025-12-29,27.7,22.36261280174198,5,0.807314541579133
S053,2025-12-30,27.7,22.699003515149553,5,0.8194586106552185
S053,2025-12-31,27.7,20.024998329736412,5,0.7229241274273073
S055,2025-09-01,10.52,9.329785571320553,5,0.8868617463232465
S055,2025-09-02,10.4,8.291170687621657,5,0.7972279507328516
S055,2025-09-03,8.7,6.703061179832946,5,0.770466802279649
S055,2025-09-04,9.870000000000001,9.129968782192657,5,0.9250221663822347
S055,2025-09-05,11.69,8.751814068930262,5,0.7486581752720498
S055,2025-09-06,5.1,6.202016304765841,5,1.2160816283854592
S055,2025-09-07,6.109999999999999,6.05617608324812,5,0.9911908483221147
S055,2025-09-16,10.82,7.215213703873639,5,0.666840453223072
S055,2025-09-17,3.06,6.346243112170818,5,2.0739356575721626
S055,2025-09-18,6.1899999999999995,7.923007848560674,5,1.2799689577642448
S055,2025-09-19,0.9800000000000001,3.1951620762005626,5,3.2603694655107778
S055,2025-09-20,11.54,9.889041524604782,5,0.8569360073314369
S055,2025-09-21,8.3,6.22443286719625,5,0.7499316707465361
S055,2025-09-22,3.32,3.9962289446410844,5,1.2036834170605677
S055,2025-09-23,3.7199999999999998,3.7481374094444098,5,1.007563819743121
S055,2025-09-24,2.6399999999999997,5.064294577114611,5,1.9182934004222012
S055,2025-09-25,5.84,7.511390381052938,5,1.28619698305701
S055,2025-09-26,4.58,5.437667714487722,5,1.18726369311959
S055,2025-09-27,1.68,3.2691899961300934,5,1.945946426267913
S055,2025-09-28,4.3,3.6854742435874397,5,0.8570870333924279
S055,2025-09-29,7.35,4.470616052435839,5,0.6082470819640599
S055,2025-09-30,11.04,10.326708473929637,5,0.9353902603197135
S055,2025-10-01,4.65,6.258218340472237,5,1.3458534065531693
S055,2025-10-02,0.8400000000000001,1.5825432797602,3,1.8839800949526189
S055,2025-10-03,5.1,5.008059351225164,5,0.9819724218088557
S055,2025-10-04,2.63,3.3721685950233784,5,1.2821933821381668
S055,2025-10-05,1.4000000000000001,4.55248359058986,5,3.251773993278471
S055,2025-10-06,1.4000000000000001,6.443824794188218,5,4.6027319958487265
S055,2025-10-07,1.4000000000000001,6.028554078927157,5,4.30611005637654
S055,2025-10-08,1.4000000000000001,5.212158622386177,5,3.7229704445615543
S055,2025-10-09,1.4000000000000001,9.003371755613669,5,6.430979825438334
S055,2025-10-10,1.4000000000000001,5.592962193681225,5,3.994972995486589
S055,2025-10-11,1.4000000000000001,3.9370617278508133,5,2.8121869484648663
S055,2025-10-12,1.4000000000000001,2.9147995781303075,5,2.081999698664505
S055,2025-10-13,1.4000000000000001,3.270674302248527,5,2.336195930177519
S055,2025-10-14,1.4000000000000001,7.128562923533233,5,5.091830659666594
S055,2025-10-15,1.4000000000000001,2.579208491271177,5,1.842291779479412
S055,2025-10-16,1.4000000000000001,5.93050901721432,5,4.236077869438799
S055,2025-10-17,1.4000000000000001,2.8930800329598427,5,2.066485737828459
S055,2025-10-18,1.4000000000000001,4.382502762105842,5,3.130359115789887
S055,2025-10-19,1.4000000000000001,8.276511110369086,5,5.911793650263632
S055,2025-10-20,1.4000000000000001,3.6945516279675252,5,2.638965448548232
S055,2025-10-21,1.4000000000000001,8.400333793864238,5,6.0002384241887405
S055,2025-10-22,1.4000000000000001,10.06106993028644,5,7.186478521633171
S055,2025-10-23,1.4000000000000001,9.19397863006017,5,6.567127592900121
S055,2025-10-24,1.4000000000000001,7.96461119328075,5,5.6890079952005355
S055,2025-10-25,1.4000000000000001,3.7889731108393745,5,2.706409364885267
S055,2025-10-26,1.4000000000000001,7.529618876970697,5,5.378299197836212
S055,2025-10-27,1.4000000000000001,9.187101095976557,5,6.562215068554683
S055,2025-10-28,1.4000000000000001,9.09583902792169,5,6.4970278770869205
S055,2025-10-29,1.4000000000000001,8.303659453036829,5,5.9311853235977345
S055,2025-10-30,1.4000000000000001,5.110970258498397,5,3.650693041784569
S055,2025-10-31,1.4000000000000001,6.029761553319834,5,4.306972538085596
S055,2025-11-01,1.4000000000000001,8.246160615218988,5,5.89011472515642
S055,2025-11-02,1.4000000000000001,9.219301504715059,5,6.585215360510755
S055,2025-11-03,1.4000000000000001,8.911223150539277,5,6.36515939324234
S055,2025-11-04,1.4000000000000001,7.881667127994575,5,5.629762234281839
S055,2025-11-05,1.4000000000000001,8.430185463006286,5,6.021561045004489
S055,2025-11-06,1.4000000000000001,3.8723362362443163,5,2.7659544544602257
S055,2025-11-07,1.4000000000000001,2.5885089675981736,5,1.848934976855838
S055,2025-11-08,1.4000000000000001,2.3391598783195624,5,1.670828484513973
S055,2025-11-09,1.4000000000000001,7.8394795465565625,5,5.599628247540402
S055,2025-11-10,1.4000000000000001,8.008231508236134,5,5.72016536302581
S055,2025-11-11,1.4000000000000001,6.077728638617861,5,4.341234741869901
S055,2025-11-12,1.4000000000000001,8.198390073315391,5,5.855992909510993
S055,2025-11-13,1.4000000000000001,8.253228250897468,5,5.895163036355334
S055,2025-11-14,1.4000000000000001,7.604176778460192,5,5.431554841757279
S055,2025-11-15,1.4000000000000001,6.96726077817935,5,4.976614841556678
S055,2025-11-16,1.4000000000000001,7.630244661310014,5,5.450174758078581
S055,2025-11-17,1.4000000000000001,4.5617266181688505,5,3.2583761558348927
S055,2025-11-18,1.4000000000000001,9.152257283620987,5,6.537326631157847
S055,2025-11-19,1.4000000000000001,8.73166713640743,5,6.236905097433877
S055,2025-11-20,1.4000000000000001,8.049158030496912,5,5.74939859321208
S055,2025-11-21,1.4000000000000001,8.512819647808636,5,6.080585462720453
S055,2025-11-22,1.4000000000000001,7.810024566996015,5,5.578588976425724
S055,2025-11-23,1.4000000000000001,5.679366099078651,5,4.056690070770465
S055,2025-11-24,1.4000000000000001,7.614471443094899,5,5.438908173639214
S055,2025-11-25,1.4000000000000001,8.612236692425991,5,6.151597637447136
S055,2025-11-26,1.4000000000000001,7.6687650980498745,5,5.47768935574991
S055,2025-11-27,1.4000000000000001,8.593261248356303,5,6.13804374882593
S055,2025-11-28,1.4000000000000001,8.000791210969187,5,5.71485086497799
S055,2025-11-29,1.4000000000000001,7.961919991655988,5,5.687085708325705
S055,2025-11-30,1.4000000000000001,7.772293862171339,5,5.551638472979527
S055,2025-12-01,1.4000000000000001,7.783657618249919,5,5.559755441607084
S055,2025-12-02,1.4000000000000001,4.5113860535665005,5,3.222418609690357
S055,2025-12-03,1.4000000000000001,8.71782817665488,5,6.227020126182056
S055,2025-12-04,1.4000000000000001,8.074824049929695,5,5.767731464235497
S055,2025-12-05,1.4000000000000001,8.23074288594465,5,5.879102061389036
S055,2025-12-06,1.4000000000000001,8.039225776455206,5,5.742304126039432
S055,2025-12-07,1.4000000000000001,5.34549809272457,5,3.8182129233746926
S055,2025-12-08,1.4000000000000001,7.835282557293891,5,5.596630398067065
S055,2025-12-09,1.4000000000000001,7.402764667338025,5,5.2876890480985885
S055,2025-12-10,1.4000000000000001,6.776281653910473,5,4.840201181364623
S055,2025-12-11,1.4000000000000001,6.133035335461453,5,4.380739525329608
S055,2025-12-12,1.4000000000000001,4.104511207325772,5,2.9317937195184083
S055,2025-12-13,1.4000000000000001,5.050039255263517,5,3.6071708966167977
S055,2025-12-14,1.4000000000000001,8.131722470631699,5,5.8083731933083556
S055,2025-12-15,1.4000000000000001,7.42746109355321,5,5.305329352538006
S055,2025-12-16,1.4000000000000001,7.391164029184876,5,5.279402877989196
S055,2025-12-17,1.4000000000000001,8.008205232617563,5,5.72014659472683
S055,2025-12-18,1.4000000000000001,7.600281618727477,5,5.4287725848053405
S055,2025-12-19,1.4000000000000001,6.439702194452881,5,4.599787281752057
S055,2025-12-20,1.4000000000000001,5.828519622747059,5,4.163228301962185
S055,2025-12-21,1.4000000000000001,8.211531433031082,5,5.865379595022201
S055,2025-12-22,1.4000000000000001,4.075545524106221,5,2.9111039457901575
S055,2025-12-23,1.4000000000000001,3.026794710164321,5,2.161996221545943
S055,2025-12-24,1.4000000000000001,6.820925460290805,5,4.872089614493432
S055,2025-12-25,1.4000000000000001,8.719282625292754,5,6.2280590180662525
S055,2025-12-26,1.4000000000000001,7.713125041127906,5,5.509375029377075
S055,2025-12-27,1.4000000000000001,7.634709429160241,5,5.4533638779716
S055,2025-12-28,1.4000000000000001,7.823119909802722,5,5.5879427927162295
S055,2025-12-29,1.4000000000000001,7.5337913203292075,5,5.381279514520862
S055,2025-12-30,1.4000000000000001,7.597249170918126,5,5.426606550655803
S055,2025-12-31,1.4000000000000001,6.429005497076091,5,4.592146783625779
S116,2025-09-01,71.66,55.07820452750812,5,0.7686045845312325
S116,2025-09-02,42.27,55.07820452750812,5,1.303009333510956
S116,2025-09-03,36.01,55.07820452750812,5,1.529525257636993
S116,2025-09-04,52.44,55.07820452750812,5,1.0503090108220465
S116,2025-09-05,79.55,55.07820452750812,5,0.6923721499372486
S116,2025-09-06,37.32,55.07820452750812,5,1.4758361341776023
S116,2025-09-07,29.11,55.07820452750812,5,1.8920716086399216
S116,2025-09-08,9.13,55.07820452750812,5,6.032662051205708
S116,2025-09-09,54.58,55.07820452750812,5,1.009127968624187
S116,2025-09-10,84.85,55.07820452750812,5,0.6491243904243739
S116,2025-09-11,20.36,55.07820452750812,5,2.705216332392344
S116,2025-09-12,10.58,55.07820452750812,5,5.205879444944057
S116,2025-09-13,27.259999999999998,55.07820452750812,5,2.020477055301105
S116,2025-09-14,62.480000000000004,55.07820452750812,5,0.8815333631163271
S116,2025-09-15,37.9,55.07820452750812,5,1.453250779089924
S116,2025-09-16,73.55,55.07820452750812,5,0.7488539024814157
S116,2025-09-17,12.5,55.07820452750812,5,4.40625636220065
S116,2025-09-18,45.22,55.07820452750812,5,1.2180054075079196
S116,2025-09-19,9.32,55.07820452750812,5,5.909678597372116
S116,2025-09-20,80.32,55.07820452750812,5,0.685734618121366
S116,2025-09-21,60.47,55.07820452750812,5,0.9108351997272717
S116,2025-09-22,35.37,55.07820452750812,5,1.5572011458158928
S116,2025-09-23,27.01,55.07820452750812,5,2.039178249815184
S116,2025-09-24,12.52,55.07820452750812,5,4.39921761401822
S116,2025-09-25,32.15,55.07820452750812,5,1.713163437869615
S116,2025-09-26,18.91,55.07820452750812,5,2.9126496312801757
S116,2025-09-27,14.07,55.07820452750812,5,3.914584543532915
S116,2025-09-28,24.549999999999997,55.07820452750812,5,2.243511386049211
S116,2025-09-29,38.120000000000005,55.07820452750812,5,1.4448637074372537
S116,2025-09-30,70.68,55.07820452750812,5,0.7792615241582925
S116,2025-10-01,48.34,54.59996125838261,5,1.1294985779557842
S116,2025-10-02,2.7,54.59996125838261,5,20.22220787347504
S116,2025-10-03,26.31,54.59996125838261,5,2.0752550839370056
S116,2025-10-04,16.56,54.59996125838261,5,3.2970991098057136
S116,2025-10-05,42.44,54.59996125838261,5,1.2865212360599108
S116,2025-10-06,27.15,54.59996125838261,5,2.011048296809673
S116,2025-10-07,31.91,54.59996125838261,5,1.711061148805472
S116,2025-10-08,34.08,54.59996125838261,5,1.6021115392717904
S116,2025-10-09,82.02000000000001,54.59996125838261,5,0.6656908224626019
S116,2025-10-10,53.68,54.59996125838261,5,1.0171378773916284
S116,2025-10-11,24.94,54.59996125838261,5,2.1892526567114117
S116,2025-10-12,9.54,54.59996125838261,5,5.7232663792853895
S116,2025-10-13,8.62,54.59996125838261,5,6.334102234151116
S116,2025-10-14,35.01,54.59996125838261,5,1.559553306437664
S116,2025-10-15,7.38,54.59996125838261,5,7.398368734198186
S116,2025-10-16,39.61,54.59996125838261,5,1.378438809855658
S116,2025-10-17,10.55,54.59996125838261,5,5.175351778045745
S116,2025-10-18,34.55,54.59996125838261,5,1.5803172578403073
S116,2025-10-19,38.23,54.59996125838261,5,1.4281967370751405
S116,2025-10-20,11.129999999999999,54.59996125838261,5,4.905656896530334
S116,2025-10-21,29.369999999999997,54.59996125838261,5,1.8590385174798303
S116,2025-10-22,80.47,54.59996125838261,5,0.678513250383778
S116,2025-10-23,82.99,54.59996125838261,5,0.6579101248148285
S116,2025-10-24,58.88,54.59996125838261,5,0.9273091246328569
S116,2025-10-25,22.51,54.59996125838261,5,2.4255869061920308
S116,2025-10-26,46.67,54.59996125838261,5,1.1699156044221686
S116,2025-10-27,74.04,54.59996125838261,5,0.7374386987896084
S116,2025-10-28,75.13,54.59996125838261,5,0.7267398011231547
S116,2025-10-29,65.57,54.59996125838261,5,0.8326972892844688
S116,2025-10-30,15.58,54.59996125838261,5,3.504490453041246
S116,2025-10-31,26.730000000000004,54.59996125838261,5,2.042647259946974
S116,2025-11-01,45.42,51.20651372884424,5,1.1274001261304325
S116,2025-11-02,80.56,51.20651372884424,5,0.6356319976271628
S116,2025-11-03,73.28999999999999,51.20651372884424,5,0.6986835001888968
S116,2025-11-04,68.94,51.20651372884424,5,0.7427692736995104
S116,2025-11-05,75.96000000000001,51.20651372884424,5,0.6741247199689868
S116,2025-11-06,60.11,51.20651372884424,5,0.8518801152694101
S116,2025-11-07,31.060000000000002,51.20651372884424,5,1.6486321226285976
S116,2025-11-08,7.49,51.20651372884424,5,6.836650698110046
S116,2025-11-09,62.230000000000004,51.20651372884424,5,0.822858970413695
S116,2025-11-10,79.25,51.20651372884424,5,0.6461389744964573
S116,2025-11-11,64.41,51.20651372884424,5,0.7950087521944457
S116,2025-11-12,73.37,51.20651372884424,5,0.6979216809165086
S116,2025-11-13,49.269999999999996,51.20651372884424,5,1.0393041146507864
S116,2025-11-14,67.41,51.20651372884424,5,0.7596278553455607
S116,2025-11-15,46.7,51.20651372884424,5,1.0964992233157225
S116,2025-11-16,63.84,51.20651372884424,5,0.8021070446247531
S116,2025-11-17,17.96,51.20651372884424,5,2.851142189802018
S116,2025-11-18,79.02,51.20651372884424,5,0.6480196624758826
S116,2025-11-19,73.35,51.20651372884424,5,0.6981119799433435
S116,2025-11-20,65.39,51.20651372884424,5,0.7830939551742505
S116,2025-11-21,66.1,51.20651372884424,5,0.7746825072442397
S116,2025-11-22,64.17,51.20651372884424,5,0.7979821369618862
S116,2025-11-23,35.98,51.20651372884424,5,1.423193822369212
S116,2025-11-24,58.89,51.20651372884424,5,0.8695281665621369
S116,2025-11-25,77.25,51.20651372884424,5,0.6628674916355242
S116,2025-11-26,72.34,51.20651372884424,5,0.7078589124805673
S116,2025-11-27,75.05,51.20651372884424,5,0.6822986506175116
S116,2025-11-28,64.74000000000001,51.20651372884424,5,0.7909563442824257
S116,2025-11-29,63.92,51.20651372884424,5,0.801103155958139
S116,2025-11-30,58.14,51.20651372884424,5,0.8807449901761996
S116,2025-12-01,61.69,50.98481735123861,5,0.8264681042509096
S116,2025-12-02,19.45,50.98481735123861,5,2.6213273702436304
S116,2025-12-03,79.27,50.98481735123861,5,0.6431792273399598
S116,2025-12-04,71.59,50.98481735123861,5,0.7121779208162957
S116,2025-12-05,73.86,50.98481735123861,5,0.6902899722615572
S116,2025-12-06,64.02,50.98481735123861,5,0.796388899581984
S116,2025-12-07,58.65,50.98481735123861,5,0.8693063486997206
S116,2025-12-08,67.37,50.98481735123861,5,0.7567881453352918
S116,2025-12-09,57.15,50.98481735123861,5,0.8921227882981384
S116,2025-12-10,50.9,50.98481735123861,5,1.0016663526765937
S116,2025-12-11,20.549999999999997,50.98481735123861,5,2.4810130097926333
S116,2025-12-12,14.32,50.98481735123861,5,3.5603922731311877
S116,2025-12-13,6.21,50.98481735123861,5,8.21011551549736
S116,2025-12-14,75.07,50.98481735123861,5,0.6791636785831706
S116,2025-12-15,78.96,50.98481735123861,5,0.6457043737492226
S116,2025-12-16,66.69,50.98481735123861,5,0.7645046836293089
S116,2025-12-17,77.36,50.98481735123861,5,0.659059169483436
S116,2025-12-18,71.32,50.98481735123861,5,0.7148740514755835
S116,2025-12-19,46.76,50.98481735123861,5,1.09035109818731
S116,2025-12-20,46.769999999999996,50.98481735123861,5,1.09011796774083
S116,2025-12-21,77.8,50.98481735123861,5,0.6553318425609076
S116,2025-12-22,32.57,50.98481735123861,5,1.56539199727475
S116,2025-12-23,6.01,50.98481735123861,5,8.483330674082964
S116,2025-12-24,27.75,50.98481735123861,5,1.83729071535995
S116,2025-12-25,86.02,50.98481735123861,5,0.5927088741134459
S116,2025-12-26,80.2,50.98481735123861,5,0.6357209146039727
S116,2025-12-27,73.15,50.98481735123861,5,0.6969899842958115
S116,2025-12-28,70.69,50.98481735123861,5,0.7212451174315831
S116,2025-12-29,58.980000000000004,50.98481735123861,5,0.8644424779796305
S116,2025-12-30,72.98,50.98481735123861,5,0.6986135564707948
S116,2025-12-31,41.99,50.98481735123861,5,1.2142133210583141
