site_id,site_name,hour,samples,capacity_mw,zero_actual_ratio_pct,zero_pred_ratio_pct,active_ratio_pct,nrmse_pct,active_nrmse_pct,bias_pct,pred_actual
S002,S002,6,122,3.3,55.737705,100.0,43.442623,17.888026,27.139532,-100.0,0.0
S002,S002,7,122,3.3,7.377049,98.360656,67.213115,17.973317,21.908474,-99.014821,0.009852
S002,S002,8,122,3.3,0.819672,0.0,96.721311,14.743231,14.948056,-43.333477,0.566665
S002,S002,9,122,3.3,0.819672,0.0,98.360656,12.172335,12.061398,-17.451924,0.825481
S002,S002,10,122,3.3,0.819672,0.0,97.540984,12.310288,12.049167,-16.848761,0.831512
S002,S002,11,122,3.3,0.819672,0.0,98.360656,14.25022,14.047973,-16.615166,0.833848
S002,S002,12,122,3.3,0.0,0.0,99.180328,15.982016,16.039591,-19.175681,0.808243
S002,S002,13,122,3.3,0.0,0.0,100.0,14.18199,14.18199,-16.270619,0.837294
S002,S002,14,122,3.3,0.0,0.0,99.180328,11.911713,11.952968,-16.767234,0.832328
S002,S002,15,122,3.3,0.0,0.0,99.180328,11.947864,11.991259,-18.590433,0.814096
S002,S002,16,122,3.3,0.0,0.0,95.081967,14.434298,14.791069,-40.990401,0.590096
S002,S002,17,122,3.3,31.147541,52.459016,50.819672,17.126989,24.020225,-92.512765,0.074872
S002,S002,18,122,3.3,71.311475,100.0,28.688525,11.7097,21.862089,-100.0,0.0
S002,S002,19,122,3.3,71.311475,100.0,28.688525,11.7097,21.862089,-100.0,0.0
S003,S003,6,122,4.1667,100.0,0.0,0.0,2.639979,,,
S003,S003,7,122,4.1667,100.0,0.0,0.0,2.808442,,,
S003,S003,8,122,4.1667,100.0,0.0,0.0,7.541746,,,
S003,S003,9,122,4.1667,100.0,0.0,0.0,13.454812,,,
S003,S003,10,122,4.1667,100.0,0.0,0.0,19.109156,,,
S003,S003,11,122,4.1667,100.0,0.0,0.0,22.119965,,,
S003,S003,12,122,4.1667,100.0,0.0,0.0,23.304573,,,
S003,S003,13,122,4.1667,100.0,0.0,0.0,21.93437,,,
S003,S003,14,122,4.1667,100.0,0.0,0.0,18.783853,,,
S003,S003,15,122,4.1667,100.0,0.0,0.0,13.424785,,,
S003,S003,16,122,4.1667,100.0,0.0,0.0,7.904187,,,
S003,S003,17,122,4.1667,100.0,50.0,0.0,3.369433,,,
S003,S003,18,122,4.1667,100.0,0.0,0.0,2.732189,,,
S003,S003,19,122,4.1667,100.0,0.0,0.0,2.639979,,,
S004,S004,6,122,3.97,96.721311,100.0,0.0,0.18386,,-100.0,0.0
S004,S004,7,122,3.97,46.721311,98.360656,27.04918,3.861907,7.335085,-93.221518,0.067785
S004,S004,8,122,3.97,2.459016,56.557377,87.704918,6.850898,7.309924,-38.288196,0.617118
S004,S004,9,122,3.97,0.819672,12.295082,90.163934,8.264301,8.476028,-1.687273,0.983127
S004,S004,10,122,3.97,2.459016,4.098361,95.081967,10.962091,10.855822,9.03702,1.09037
S004,S004,11,122,3.97,0.0,4.098361,98.360656,11.111852,11.17854,6.179373,1.061794
S004,S004,12,122,3.97,0.819672,3.278689,97.540984,13.511003,13.50386,2.882474,1.028825
S004,S004,13,122,3.97,0.0,3.278689,97.540984,13.134409,13.082619,8.7207,1.087207
S004,S004,14,122,3.97,0.0,4.918033,95.901639,11.331058,11.32737,8.251384,1.082514
S004,S004,15,122,3.97,1.639344,9.836066,91.803279,8.220324,8.226225,2.254858,1.022549
S004,S004,16,122,3.97,9.016393,18.852459,81.967213,4.488312,4.676064,-2.50358,0.974964
S004,S004,17,122,3.97,71.311475,80.327869,15.57377,2.567426,6.353685,-38.665834,0.613342
S004,S004,18,122,3.97,97.540984,100.0,0.819672,0.234792,2.267003,-100.0,0.0
S004,S004,19,122,3.97,100.0,100.0,0.0,0.0,,,
S006,S006,6,122,5.0,100.0,100.0,0.0,0.0,,,
S006,S006,7,122,5.0,92.622951,99.180328,7.377049,0.718242,2.644415,-78.33876,0.216612
S006,S006,8,122,5.0,43.442623,0.0,56.557377,6.049719,4.544844,209.894562,3.098946
S006,S006,9,122,5.0,20.491803,0.0,79.508197,10.238634,8.521577,149.470542,2.494705
S006,S006,10,122,5.0,14.754098,0.0,85.245902,9.148575,7.001085,79.788795,1.797888
S006,S006,11,122,5.0,13.934426,0.0,86.065574,9.844912,7.561832,63.357157,1.633572
S006,S006,12,122,5.0,12.295082,0.0,87.704918,10.479897,7.949675,64.030657,1.640307
S006,S006,13,122,5.0,13.114754,0.0,86.885246,9.746766,7.207483,58.26241,1.582624
S006,S006,14,122,5.0,13.114754,0.0,86.885246,8.512673,6.040714,60.193251,1.601933
S006,S006,15,122,5.0,14.754098,0.0,85.245902,8.845183,6.757057,108.87628,2.088763
S006,S006,16,122,5.0,21.311475,0.0,78.688525,4.81082,2.692074,100.184798,2.001848
S006,S006,17,122,5.0,84.42623,50.0,15.57377,1.577797,2.681181,-3.806907,0.961931
S006,S006,18,122,5.0,100.0,98.360656,0.0,0.07496,,,
S006,S006,19,122,5.0,100.0,100.0,0.0,0.0,,,
S007,S007,6,122,22.0,89.344262,100.0,0.0,0.358193,,-100.0,0.0
S007,S007,7,122,22.0,21.311475,98.360656,41.803279,5.87455,9.027353,-92.901805,0.070982
S007,S007,8,122,22.0,1.639344,0.0,91.803279,8.325356,8.410733,8.473542,1.084735
S007,S007,9,122,22.0,0.0,0.0,94.262295,12.365236,12.514658,6.278797,1.062788
S007,S007,10,122,22.0,0.0,0.0,98.360656,13.795309,13.844398,13.179906,1.131799
S007,S007,11,122,22.0,0.0,0.0,99.180328,15.015244,15.071645,7.166812,1.071668
S007,S007,12,122,22.0,0.0,0.0,99.180328,13.892033,13.937591,10.051452,1.100515
S007,S007,13,122,22.0,0.0,0.0,99.180328,15.900262,15.939135,13.224116,1.132241
S007,S007,14,122,22.0,0.0,0.0,98.360656,11.365397,11.167022,7.310607,1.073106
S007,S007,15,122,22.0,0.0,0.0,97.540984,8.48373,8.461041,4.919233,1.049192
S007,S007,16,122,22.0,0.0,0.0,88.52459,4.133291,4.200133,19.424401,1.194244
S007,S007,17,122,22.0,51.639344,51.639344,25.409836,1.407132,2.639159,-19.257333,0.807427
S007,S007,18,122,22.0,90.163934,100.0,0.0,0.325418,,-100.0,0.0
S007,S007,19,122,22.0,100.0,100.0,0.0,0.0,,,
S008,S008,6,122,3.172,84.42623,0.0,3.278689,2.104779,1.261034,1023.684211,11.236842
S008,S008,7,122,3.172,13.934426,0.0,51.639344,5.111981,6.934187,-42.795469,0.572045
S008,S008,8,122,3.172,0.0,0.0,97.540984,6.952805,6.923792,6.602392,1.066024
S008,S008,9,122,3.172,0.819672,0.0,98.360656,10.357597,10.253667,12.160501,1.121605
S008,S008,10,122,3.172,0.0,0.0,99.180328,16.548638,16.53465,25.935368,1.259354
S008,S008,11,122,3.172,0.0,0.0,100.0,16.619602,16.619602,17.061004,1.17061
S008,S008,12,122,3.172,0.0,0.0,100.0,16.558825,16.558825,17.407938,1.174079
S008,S008,13,122,3.172,0.0,0.0,99.180328,18.389165,18.343141,19.633533,1.196335
S008,S008,14,122,3.172,0.0,0.0,99.180328,16.537755,16.49579,33.104396,1.331044
S008,S008,15,122,3.172,0.0,0.0,100.0,10.347931,10.347931,21.760859,1.217609
S008,S008,16,122,3.172,0.0,0.0,94.262295,6.825589,6.713355,21.077215,1.210772
S008,S008,17,122,3.172,31.147541,51.639344,27.868852,2.050195,3.027519,15.910204,1.159102
S008,S008,18,122,3.172,88.52459,0.0,4.098361,2.112439,0.973241,1095.189428,11.951894
S008,S008,19,122,3.172,100.0,0.0,0.0,2.20681,,,
S009,S009,6,122,5.25,81.147541,0.0,2.459016,3.640432,0.190476,1548.648649,16.486486
S009,S009,7,122,5.25,28.688525,0.0,45.901639,4.326134,5.183825,21.695761,1.216958
S009,S009,8,122,5.25,0.0,0.0,91.803279,7.580508,7.307797,30.897263,1.308973
S009,S009,9,122,5.25,0.819672,0.0,97.540984,11.91471,11.507288,21.701851,1.217019
S009,S009,10,122,5.25,0.0,0.0,100.0,17.924573,17.924573,44.846444,1.448464
S009,S009,11,122,5.25,0.0,0.0,100.0,22.532954,22.532954,45.618183,1.456182
S009,S009,12,122,5.25,0.0,0.0,100.0,22.842542,22.842542,45.724869,1.457249
S009,S009,13,122,5.25,0.0,0.0,100.0,21.916842,21.916842,50.314315,1.503143
S009,S009,14,122,5.25,0.0,0.0,99.180328,18.383476,18.296584,45.181152,1.451812
S009,S009,15,122,5.25,0.0,0.0,97.540984,11.461289,11.242329,38.704138,1.387041
S009,S009,16,122,5.25,0.0,0.0,93.442623,7.448871,7.197349,60.762361,1.607624
S009,S009,17,122,5.25,36.065574,52.459016,27.868852,2.947268,4.343967,7.263794,1.072638
S009,S009,18,122,5.25,81.967213,0.0,4.918033,3.627993,0.699854,1335.294118,14.352941
S009,S009,19,122,5.25,95.901639,0.0,2.459016,3.759429,0.190476,4035.59322,41.355932
S010,S010,6,122,2.0,60.655738,0.0,0.0,1.783922,,650.769231,7.507692
S010,S010,7,122,2.0,24.590164,0.0,28.688525,3.081306,5.282241,-9.915425,0.900846
S010,S010,8,122,2.0,3.278689,0.0,88.52459,5.011634,4.588843,18.200039,1.182
S010,S010,9,122,2.0,0.0,0.0,91.803279,7.860821,7.816753,18.687633,1.186876
S010,S010,10,122,2.0,0.0,0.0,97.540984,9.763246,9.832994,13.774703,1.137747
S010,S010,11,122,2.0,0.0,0.0,98.360656,9.081679,9.090658,7.553466,1.075535
S010,S010,12,122,2.0,0.0,0.0,97.540984,10.18646,10.216654,12.594607,1.125946
S010,S010,13,122,2.0,0.0,0.0,100.0,10.403721,10.403721,8.778133,1.087781
S010,S010,14,122,2.0,0.0,0.0,98.360656,9.624859,9.668008,12.728961,1.12729
S010,S010,15,122,2.0,0.0,0.0,95.081967,6.016659,6.014168,12.344552,1.123446
S010,S010,16,122,2.0,0.0,0.0,88.52459,3.966046,4.109832,23.228607,1.232286
S010,S010,17,122,2.0,24.590164,51.639344,23.770492,1.603708,2.663881,9.904826,1.099048
S010,S010,18,122,2.0,55.737705,0.0,0.819672,1.754946,1.655276,483.894766,5.838948
S010,S010,19,122,2.0,66.393443,0.0,0.0,1.847129,,1090.243902,11.902439
S011,S011,6,122,2.323,96.721311,0.0,0.0,1.279618,,9050.0,91.5
S011,S011,7,122,2.323,27.04918,0.0,33.606557,2.744565,4.546378,-36.994694,0.630053
S011,S011,8,122,2.323,1.639344,0.0,90.163934,4.092129,4.097833,-4.010512,0.959895
S011,S011,9,122,2.323,0.0,0.0,97.540984,6.523557,6.587054,3.295536,1.032955
S011,S011,10,122,2.323,0.0,0.0,99.180328,10.166931,10.188011,5.928908,1.059289
S011,S011,11,122,2.323,0.0,0.0,100.0,10.727831,10.727831,3.330894,1.033309
S011,S011,12,122,2.323,0.0,0.0,100.0,11.639963,11.639963,3.051476,1.030515
S011,S011,13,122,2.323,0.0,0.0,100.0,10.984355,10.984355,16.422351,1.164224
S011,S011,14,122,2.323,0.0,0.0,100.0,11.848162,11.848162,15.212765,1.152128
S011,S011,15,122,2.323,0.0,0.0,97.540984,7.814516,7.42663,26.426403,1.264264
S011,S011,16,122,2.323,0.0,0.0,89.344262,5.472912,5.678196,31.840971,1.31841
S011,S011,17,122,2.323,45.081967,51.639344,27.04918,2.646326,4.810307,13.610736,1.136107
S011,S011,18,122,2.323,78.688525,0.0,8.196721,1.519472,3.384114,195.16129,2.951613
S011,S011,19,122,2.323,96.721311,0.0,0.819672,1.496303,8.609557,1307.692308,14.076923
S012,S012,6,122,17.55,37.704918,100.0,0.0,0.917689,,-100.0,0.0
S012,S012,7,122,17.55,16.393443,99.180328,20.491803,2.776403,5.750004,-96.183108,0.038169
S012,S012,8,122,17.55,11.47541,0.0,29.508197,8.006588,5.172909,139.095907,2.390959
S012,S012,9,122,17.55,11.47541,0.0,30.327869,16.520825,8.738263,176.304977,2.76305
S012,S012,10,122,17.55,10.655738,0.0,31.967213,22.744924,8.096292,204.148773,3.041488
S012,S012,11,122,17.55,10.655738,0.0,31.147541,27.009024,9.229802,225.624956,3.25625
S012,S012,12,122,17.55,10.655738,0.0,31.147541,28.271111,13.073664,189.109604,2.891096
S012,S012,13,122,17.55,10.655738,0.0,31.147541,26.080553,10.883611,198.101918,2.981019
S012,S012,14,122,17.55,10.655738,0.0,31.147541,21.679222,10.30347,202.330383,3.023304
S012,S012,15,122,17.55,10.655738,0.0,31.147541,14.789022,6.790258,191.082123,2.910821
S012,S012,16,122,17.55,12.295082,0.0,27.868852,6.086767,5.129946,112.665645,2.126656
S012,S012,17,122,17.55,18.032787,50.0,19.672131,1.8822,3.716184,-51.871857,0.481281
S012,S012,18,122,17.55,36.885246,98.360656,0.819672,0.932733,0.647498,-96.224316,0.037757
S012,S012,19,122,17.55,42.622951,100.0,0.0,0.906382,,-100.0,0.0
S014,S014,6,122,5.1,88.52459,100.0,0.0,0.301263,,-100.0,0.0
S014,S014,7,122,5.1,27.868852,99.180328,39.344262,3.49553,5.469785,-97.04314,0.029569
S014,S014,8,122,5.1,1.639344,0.0,90.983607,5.095577,4.801951,23.343436,1.233434
S014,S014,9,122,5.1,1.639344,0.0,95.901639,9.1135,8.261453,37.574542,1.375745
S014,S014,10,122,5.1,1.639344,0.0,97.540984,12.529205,11.822998,26.906645,1.269066
S014,S014,11,122,5.1,1.639344,0.0,98.360656,13.191846,12.188073,26.650549,1.266505
S014,S014,12,122,5.1,1.639344,0.0,98.360656,14.124698,13.156851,26.955842,1.269558
S014,S014,13,122,5.1,1.639344,0.0,97.540984,14.102041,13.231351,32.471361,1.324714
S014,S014,14,122,5.1,2.459016,0.0,94.262295,12.739816,11.882598,29.787222,1.297872
S014,S014,15,122,5.1,1.639344,0.0,91.803279,8.37483,8.349056,32.104726,1.321047
S014,S014,16,122,5.1,2.459016,0.0,86.885246,4.472509,4.2521,37.233149,1.372331
S014,S014,17,122,5.1,44.262295,53.278689,18.852459,1.609312,3.523184,-40.994375,0.590056
S014,S014,18,122,5.1,89.344262,100.0,0.0,0.362943,,-100.0,0.0
S014,S014,19,122,5.1,100.0,100.0,0.0,0.0,,,
S016,S016,6,122,8.5,100.0,100.0,0.0,0.0,,,
S016,S016,7,122,8.5,68.032787,99.180328,27.04918,4.028004,7.712613,-96.57101,0.03429
S016,S016,8,122,8.5,16.393443,0.0,83.606557,6.182769,5.501178,22.446915,1.224469
S016,S016,9,122,8.5,7.377049,0.0,91.803279,9.849016,9.449057,24.40448,1.244045
S016,S016,10,122,8.5,1.639344,0.0,95.901639,12.126275,12.102862,22.14586,1.221459
S016,S016,11,122,8.5,3.278689,0.0,95.901639,11.656408,11.330608,16.710179,1.167102
S016,S016,12,122,8.5,2.459016,0.0,97.540984,10.981434,10.514537,13.288719,1.132887
S016,S016,13,122,8.5,1.639344,0.0,97.540984,11.11361,11.03249,22.848232,1.228482
S016,S016,14,122,8.5,6.557377,0.0,91.803279,12.418968,12.199852,19.981081,1.199811
S016,S016,15,122,8.5,11.47541,0.0,87.704918,8.199313,7.94287,33.706545,1.337065
S016,S016,16,122,8.5,25.409836,0.0,72.95082,5.305188,4.840738,43.123009,1.43123
S016,S016,17,122,8.5,85.245902,53.278689,14.754098,1.913938,4.671579,-18.89662,0.811034
S016,S016,18,122,8.5,100.0,99.180328,0.0,0.078445,,,
S016,S016,19,122,8.5,100.0,100.0,0.0,0.0,,,
S017,S017,6,122,0.954,75.409836,100.0,24.590164,7.796929,15.72327,-100.0,0.0
S017,S017,7,122,0.954,43.442623,99.180328,25.409836,7.788231,15.332892,-98.371465,0.016285
S017,S017,8,122,0.954,1.639344,0.0,37.704918,4.46112,6.95818,-24.651986,0.75348
S017,S017,9,122,0.954,2.459016,0.0,70.491803,5.30657,5.374457,14.668354,1.146684
S017,S017,10,122,0.954,0.819672,0.819672,86.065574,8.016828,7.762852,39.040209,1.390402
S017,S017,11,122,0.954,0.819672,0.0,88.52459,8.413327,8.471309,39.4571,1.394571
S017,S017,12,122,0.954,0.0,0.0,90.983607,8.782138,8.949294,35.174062,1.351741
S017,S017,13,122,0.954,1.639344,0.0,86.065574,9.159896,8.700512,46.731551,1.467316
S017,S017,14,122,0.954,0.819672,0.0,81.967213,7.564988,7.550866,42.636861,1.426369
S017,S017,15,122,0.954,1.639344,0.0,60.655738,4.685694,5.281859,5.110231,1.051102
S017,S017,16,122,0.954,3.278689,0.819672,27.868852,4.685135,8.536911,-22.574553,0.774254
S017,S017,17,122,0.954,61.47541,52.459016,25.409836,5.515008,10.83878,-59.92747,0.400725
S017,S017,18,122,0.954,75.409836,100.0,24.590164,7.713314,15.554651,-100.0,0.0
S017,S017,19,122,0.954,75.409836,100.0,24.590164,7.713314,15.554651,-100.0,0.0
S018,S018,6,122,5.1,89.344262,0.0,0.819672,2.475194,1.372549,2133.802817,22.338028
S018,S018,7,122,5.1,27.04918,0.0,40.983607,3.818584,5.38417,-10.005103,0.899949
S018,S018,8,122,5.1,0.819672,0.0,91.803279,4.879767,4.90715,2.473858,1.024739
S018,S018,9,122,5.1,0.819672,0.0,96.721311,8.113258,8.153413,1.52206,1.015221
S018,S018,10,122,5.1,0.819672,0.0,97.540984,10.641042,10.638808,10.545658,1.105457
S018,S018,11,122,5.1,0.0,0.0,100.0,12.374779,12.374779,-2.372665,0.976273
S018,S018,12,122,5.1,0.0,0.0,100.0,11.915554,11.915554,2.235953,1.02236
S018,S018,13,122,5.1,0.819672,0.0,99.180328,11.993834,12.001736,3.753667,1.037537
S018,S018,14,122,5.1,0.0,0.0,98.360656,10.292494,10.313959,7.388262,1.073883
S018,S018,15,122,5.1,0.0,0.0,97.540984,8.203688,8.276374,19.01745,1.190174
S018,S018,16,122,5.1,0.819672,0.0,91.803279,4.439126,4.549149,19.892074,1.198921
S018,S018,17,122,5.1,55.737705,52.459016,25.409836,1.925921,2.737681,39.846898,1.398469
S018,S018,18,122,5.1,90.163934,0.0,0.819672,2.481767,2.85763,2250.843993,23.50844
S018,S018,19,122,5.1,100.0,0.0,0.0,2.54902,,,
S019,S019,6,122,3.0,74.590164,0.0,24.590164,38.748089,78.0,-86.558325,0.134417
S019,S019,7,122,3.0,16.393443,0.0,53.278689,38.618681,52.870605,-87.287327,0.127127
S019,S019,8,122,3.0,0.0,0.0,94.262295,30.813687,31.709068,-49.855165,0.501448
S019,S019,9,122,3.0,0.0,0.0,99.180328,27.305448,27.412447,-27.718276,0.722817
S019,S019,10,122,3.0,0.819672,0.0,98.360656,23.861358,24.018847,-9.675532,0.903245
S019,S019,11,122,3.0,0.0,0.0,98.360656,21.863146,22.005263,-10.797668,0.892023
S019,S019,12,122,3.0,0.0,0.0,99.180328,21.030633,21.100612,-6.730313,0.932697
S019,S019,13,122,3.0,0.0,0.0,100.0,21.780424,21.780424,-7.340619,0.926594
S019,S019,14,122,3.0,0.0,0.0,100.0,23.648322,23.648322,-7.486053,0.925139
S019,S019,15,122,3.0,0.0,0.0,98.360656,26.386662,26.576127,-16.078317,0.839217
S019,S019,16,122,3.0,0.0,0.0,92.622951,29.552437,30.666226,-35.52304,0.64477
S019,S019,17,122,3.0,43.442623,51.639344,32.786885,34.521885,60.246481,-82.028691,0.179713
S019,S019,18,122,3.0,76.229508,0.0,23.770492,38.100098,78.0,-86.092904,0.139071
S019,S019,19,122,3.0,76.229508,0.0,23.770492,38.100098,78.0,-86.092904,0.139071
S020,S020,6,122,3.8,85.245902,0.0,0.0,5.139068,,3712.5,38.125
S020,S020,7,122,3.8,22.95082,0.0,45.901639,4.382023,3.740176,93.037975,1.93038
S020,S020,8,122,3.8,2.459016,0.0,89.344262,6.871854,6.067008,33.623246,1.336232
S020,S020,9,122,3.8,3.278689,0.0,95.081967,11.067069,10.008416,21.971169,1.219712
S020,S020,10,122,3.8,2.459016,0.0,95.901639,15.102262,13.635096,35.00788,1.350079
S020,S020,11,122,3.8,2.459016,0.0,96.721311,17.827828,16.544297,31.766037,1.31766
S020,S020,12,122,3.8,2.459016,0.0,97.540984,17.721452,15.944144,32.700638,1.327006
S020,S020,13,122,3.8,2.459016,0.0,97.540984,17.732415,16.718319,33.870688,1.338707
S020,S020,14,122,3.8,1.639344,0.0,97.540984,14.732426,14.208719,31.862937,1.318629
S020,S020,15,122,3.8,0.819672,0.0,97.540984,9.721428,9.544638,34.154531,1.341545
S020,S020,16,122,3.8,1.639344,0.0,89.344262,7.203545,6.675046,61.871358,1.618714
S020,S020,17,122,3.8,54.918033,52.459016,24.590164,3.217297,3.338048,79.930482,1.799305
S020,S020,18,122,3.8,88.52459,0.0,1.639344,5.154013,2.766289,4035.59322,41.355932
S020,S020,19,122,3.8,100.0,0.0,0.0,5.263158,,,
S021,S021,6,122,2.2,90.983607,0.0,0.0,8.970609,,6871.428571,69.714286
S021,S021,7,122,2.2,39.344262,0.0,41.803279,7.385031,5.089938,193.975904,2.939759
S021,S021,8,122,2.2,4.918033,0.0,86.885246,8.092884,7.367821,12.592278,1.125923
S021,S021,9,122,2.2,3.278689,0.0,95.081967,13.080772,12.263827,1.831081,1.018311
S021,S021,10,122,2.2,2.459016,0.0,95.901639,15.748962,14.290204,18.417159,1.184172
S021,S021,11,122,2.2,2.459016,0.0,96.721311,19.30967,17.952598,18.413774,1.184138
S021,S021,12,122,2.2,2.459016,0.0,97.540984,18.157356,16.182887,19.017887,1.190179
S021,S021,13,122,2.2,2.459016,0.0,97.540984,19.185485,18.19855,25.104459,1.251045
S021,S021,14,122,2.2,2.459016,0.0,96.721311,16.313143,15.366947,25.914885,1.259149
S021,S021,15,122,2.2,0.819672,0.0,97.540984,10.265823,10.103153,22.353019,1.22353
S021,S021,16,122,2.2,3.278689,0.0,87.704918,8.282901,7.783593,55.020172,1.550202
S021,S021,17,122,2.2,64.754098,52.459016,23.770492,5.444148,5.064916,152.924519,2.529245
S021,S021,18,122,2.2,92.622951,0.0,1.639344,8.962487,5.909091,6156.410256,62.564103
S021,S021,19,122,2.2,100.0,0.0,0.0,9.090909,,,
S022,S022,6,122,3.24,88.52459,0.0,1.639344,3.284715,0.872971,2213.793103,23.137931
S022,S022,7,122,3.24,18.852459,0.0,54.098361,3.722944,4.284087,0.922896,1.009229
S022,S022,8,122,3.24,0.819672,0.0,94.262295,7.392253,7.589141,-28.570332,0.714297
S022,S022,9,122,3.24,0.0,0.0,97.540984,10.3542,10.467049,-21.894416,0.781056
S022,S022,10,122,3.24,0.0,0.0,98.360656,12.097169,12.149153,-7.200748,0.927993
S022,S022,11,122,3.24,0.0,0.0,98.360656,13.012007,13.054812,-8.372182,0.916278
S022,S022,12,122,3.24,0.0,0.0,99.180328,14.96904,14.973954,-7.775735,0.922243
S022,S022,13,122,3.24,0.0,0.0,100.0,12.716778,12.716778,-7.396782,0.926032
S022,S022,14,122,3.24,0.0,0.0,100.0,11.768131,11.768131,-4.61053,0.953895
S022,S022,15,122,3.24,0.0,0.0,99.180328,8.35097,8.384477,-23.459446,0.765406
S022,S022,16,122,3.24,0.819672,0.0,94.262295,3.840949,3.907064,-9.03072,0.909693
S022,S022,17,122,3.24,28.688525,51.639344,28.688525,2.194029,2.967742,51.827466,1.518275
S022,S022,18,122,3.24,86.065574,0.0,2.459016,3.287716,1.810777,2150.736155,22.507362
S022,S022,19,122,3.24,100.0,0.0,0.0,3.395062,,,
S023,S023,6,122,16.37,91.803279,0.0,0.0,1.180946,,1681.021898,17.810219
S023,S023,7,122,16.37,34.42623,0.0,32.786885,2.466077,4.095664,-32.502011,0.67498
S023,S023,8,122,16.37,1.639344,0.0,88.52459,4.121068,4.197323,5.145561,1.051456
S023,S023,9,122,16.37,0.0,0.0,95.081967,6.446995,6.55383,2.494769,1.024948
S023,S023,10,122,16.37,0.0,0.0,98.360656,8.11544,8.161123,0.91982,1.009198
S023,S023,11,122,16.37,0.0,0.0,97.540984,8.55064,8.635803,-2.245789,0.977542
S023,S023,12,122,16.37,0.0,0.0,99.180328,9.380441,9.398884,2.863488,1.028635
S023,S023,13,122,16.37,0.819672,0.0,98.360656,8.862327,8.885308,2.223549,1.022235
S023,S023,14,122,16.37,0.0,0.0,95.081967,8.368376,8.485212,2.804082,1.028041
S023,S023,15,122,16.37,0.819672,0.0,91.803279,6.374085,6.345141,-2.950757,0.970492
S023,S023,16,122,16.37,4.098361,0.0,81.147541,3.269319,2.924332,3.113932,1.031139
S023,S023,17,122,16.37,61.47541,52.459016,21.311475,1.333255,2.608425,3.655404,1.036554
S023,S023,18,122,16.37,92.622951,0.0,0.0,1.185147,,1776.923077,18.769231
S023,S023,19,122,16.37,100.0,0.0,0.0,1.221747,,,
S024,S024,6,122,5.99,89.344262,0.0,0.819672,2.770489,0.834725,3300.0,34.0
S024,S024,7,122,5.99,30.327869,0.0,40.163934,3.067745,3.713885,22.848678,1.228487
S024,S024,8,122,5.99,1.639344,0.0,90.983607,4.809877,4.85086,-2.75212,0.972479
S024,S024,9,122,5.99,0.819672,0.0,95.901639,7.409153,7.039342,-5.227415,0.947726
S024,S024,10,122,5.99,0.819672,0.0,98.360656,10.925811,10.609198,-7.30236,0.926976
S024,S024,11,122,5.99,1.639344,0.0,97.540984,12.417939,11.37533,-8.03223,0.919678
S024,S024,12,122,5.99,1.639344,0.0,97.540984,14.014318,12.796252,-4.997599,0.950024
S024,S024,13,122,5.99,2.459016,0.0,97.540984,13.467706,12.615712,-5.172866,0.948271
S024,S024,14,122,5.99,2.459016,0.0,96.721311,11.245625,10.607005,-1.218406,0.987816
S024,S024,15,122,5.99,1.639344,0.0,95.901639,7.261223,7.234743,-4.244717,0.957553
S024,S024,16,122,5.99,0.819672,0.0,88.52459,4.742421,4.825415,5.694595,1.056946
S024,S024,17,122,5.99,45.901639,51.639344,23.770492,1.892439,2.951811,38.99264,1.389926
S024,S024,18,122,5.99,87.704918,0.0,2.459016,2.738909,1.066314,1732.983688,18.329837
S024,S024,19,122,5.99,100.0,0.0,0.0,2.838063,,,
S025,S025,6,122,5.65,94.262295,0.0,0.819672,3.29659,0.353982,3638.709677,37.387097
S025,S025,7,122,5.65,32.786885,0.0,44.262295,3.576733,4.2742,13.128355,1.131284
S025,S025,8,122,5.65,0.819672,0.0,95.081967,4.314653,4.332926,-4.523695,0.954763
S025,S025,9,122,5.65,0.819672,0.0,99.180328,7.561671,7.570538,-2.469363,0.975306
S025,S025,10,122,5.65,0.0,0.0,99.180328,11.181524,11.157842,-8.966331,0.910337
S025,S025,11,122,5.65,0.0,0.0,100.0,13.118122,13.118122,-14.633764,0.853662
S025,S025,12,122,5.65,0.0,0.0,98.360656,11.992084,11.912327,-9.999124,0.900009
S025,S025,13,122,5.65,0.0,0.0,99.180328,13.899868,13.91524,-16.912399,0.830876
S025,S025,14,122,5.65,0.0,0.0,98.360656,10.734387,10.65528,-9.695493,0.903045
S025,S025,15,122,5.65,0.819672,0.0,95.901639,6.800043,6.861344,0.615005,1.00615
S025,S025,16,122,5.65,0.819672,0.0,91.803279,4.180665,3.968523,8.688726,1.086887
S025,S025,17,122,5.65,59.836066,51.639344,25.409836,1.907303,3.040986,25.318147,1.253181
S025,S025,18,122,5.65,92.622951,0.0,0.819672,3.284183,0.530973,3119.444444,32.194444
S025,S025,19,122,5.65,100.0,0.0,0.0,3.362832,,,
S028,S028,6,122,3.14,93.442623,0.0,0.819672,3.118637,1.273885,2875.609756,29.756098
S028,S028,7,122,3.14,36.885246,0.0,44.262295,4.706398,6.333322,-6.087961,0.93912
S028,S028,8,122,3.14,1.639344,0.0,95.901639,7.438874,7.578224,-28.222033,0.71778
S028,S028,9,122,3.14,0.0,0.0,98.360656,10.484591,10.569962,-9.930272,0.900697
S028,S028,10,122,3.14,0.0,0.0,100.0,13.68824,13.68824,-7.963651,0.920363
S028,S028,11,122,3.14,0.0,0.0,100.0,13.945854,13.945854,-8.199375,0.918006
S028,S028,12,122,3.14,0.0,0.0,100.0,16.639367,16.639367,-12.540338,0.874597
S028,S028,13,122,3.14,0.0,0.0,100.0,17.129596,17.129596,-8.869466,0.911305
S028,S028,14,122,3.14,0.0,0.0,99.180328,15.309056,15.371205,-5.579756,0.944202
S028,S028,15,122,3.14,0.0,0.0,100.0,8.7785,8.7785,4.837445,1.048374
S028,S028,16,122,3.14,0.0,0.0,92.622951,5.639833,5.595995,8.198451,1.081985
S028,S028,17,122,3.14,60.655738,0.0,26.229508,3.008281,2.844985,126.591741,2.265917
S028,S028,18,122,3.14,92.622951,0.0,2.459016,3.096701,0.687977,2389.795918,24.897959
S028,S028,19,122,3.14,100.0,0.0,0.0,3.184713,,,
S030,S030,6,122,2.9,90.983607,100.0,1.639344,1.164356,8.875543,-100.0,0.0
S030,S030,7,122,2.9,26.229508,99.180328,40.163934,5.118245,8.015046,-97.477958,0.02522
S030,S030,8,122,2.9,1.639344,0.0,94.262295,6.033862,6.010326,0.678104,1.006781
S030,S030,9,122,2.9,0.819672,0.0,96.721311,9.004577,8.870864,5.667975,1.05668
S030,S030,10,122,2.9,1.639344,0.0,98.360656,11.926689,11.463077,14.70228,1.147023
S030,S030,11,122,2.9,1.639344,0.0,98.360656,12.420892,12.006031,10.972662,1.109727
S030,S030,12,122,2.9,0.819672,0.0,99.180328,12.396378,12.265904,4.621775,1.046218
S030,S030,13,122,2.9,0.819672,0.0,99.180328,14.41682,14.37665,11.690091,1.116901
S030,S030,14,122,2.9,0.819672,0.0,98.360656,13.847294,13.890467,16.12281,1.161228
S030,S030,15,122,2.9,0.819672,0.0,98.360656,9.753709,9.786987,22.973787,1.229738
S030,S030,16,122,2.9,0.819672,0.0,90.163934,6.249933,6.216605,52.482496,1.524825
S030,S030,17,122,2.9,54.918033,51.639344,24.590164,1.588509,3.036267,8.018431,1.080184
S030,S030,18,122,2.9,90.983607,100.0,0.819672,0.355954,2.068966,-100.0,0.0
S030,S030,19,122,2.9,100.0,100.0,0.0,0.0,,,
S031,S031,6,122,0.9222,99.180328,0.0,0.0,1.07991,,12100.0,122.0
S031,S031,7,122,0.9222,61.47541,0.0,7.377049,2.235546,6.150401,-19.552567,0.804474
S031,S031,8,122,0.9222,7.377049,0.0,49.180328,3.740292,4.600905,8.484567,1.084846
S031,S031,9,122,0.9222,3.278689,0.0,84.42623,6.152399,6.074021,15.920172,1.159202
S031,S031,10,122,0.9222,1.639344,0.0,89.344262,7.360915,7.516074,11.993558,1.119936
S031,S031,11,122,0.9222,0.819672,0.0,91.803279,7.096852,7.082515,7.345597,1.073456
S031,S031,12,122,0.9222,1.639344,0.0,91.803279,9.22051,8.310483,1.141593,1.011416
S031,S031,13,122,0.9222,1.639344,0.0,91.803279,9.159326,8.411521,4.182701,1.041827
S031,S031,14,122,0.9222,2.459016,0.0,85.245902,10.280697,10.085066,7.475203,1.074752
S031,S031,15,122,0.9222,4.918033,0.0,77.04918,7.375344,7.362826,0.431661,1.004317
S031,S031,16,122,0.9222,13.114754,0.0,35.245902,3.644503,4.313668,19.112134,1.191121
S031,S031,17,122,0.9222,74.590164,52.459016,9.016393,1.643588,3.168264,17.294575,1.172946
S031,S031,18,122,0.9222,98.360656,0.0,0.0,1.084363,,2950.0,30.5
S031,S031,19,122,0.9222,100.0,0.0,0.0,1.084363,,,
S032,S032,6,122,9.335,100.0,0.0,0.0,2.142475,,,
S032,S032,7,122,9.335,20.491803,0.0,47.540984,4.269522,5.909911,-32.014489,0.679855
S032,S032,8,122,9.335,0.0,0.0,93.442623,8.590054,8.795585,-35.811012,0.64189
S032,S032,9,122,9.335,0.0,0.0,96.721311,13.95504,14.112983,-41.858258,0.581417
S032,S032,10,122,9.335,0.0,0.0,98.360656,16.26099,16.352117,-30.958986,0.69041
S032,S032,11,122,9.335,0.0,0.0,100.0,19.561133,19.561133,-34.145884,0.658541
S032,S032,12,122,9.335,0.0,0.0,99.180328,20.656431,20.735763,-35.477358,0.645226
S032,S032,13,122,9.335,0.0,0.0,100.0,19.728576,19.728576,-36.682071,0.633179
S032,S032,14,122,9.335,0.0,0.0,96.721311,14.219359,14.393444,-28.150599,0.718494
S032,S032,15,122,9.335,0.0,0.0,95.081967,13.996121,14.331463,-53.081932,0.469181
S032,S032,16,122,9.335,0.0,0.0,90.163934,6.727761,7.00605,-31.507401,0.684926
S032,S032,17,122,9.335,53.278689,50.819672,22.131148,2.865157,5.738791,-22.673271,0.773267
S032,S032,18,122,9.335,90.983607,0.0,0.819672,2.078813,0.107124,2315.841584,24.158416
S032,S032,19,122,9.335,100.0,0.0,0.0,2.142475,,,
S033,S033,6,122,5.688,88.52459,100.0,4.098361,0.551839,2.301685,-100.0,0.0
S033,S033,7,122,5.688,23.770492,98.360656,43.442623,4.894721,7.346235,-93.617088,0.063829
S033,S033,8,122,5.688,0.819672,59.016393,94.262295,8.37244,8.619172,-44.068273,0.559317
S033,S033,9,122,5.688,0.0,13.114754,94.262295,9.496333,9.633046,-5.140269,0.948597
S033,S033,10,122,5.688,0.0,4.098361,98.360656,12.195659,12.24722,0.263169,1.002632
S033,S033,11,122,5.688,0.0,4.098361,99.180328,13.260853,13.314923,-4.809728,0.951903
S033,S033,12,122,5.688,0.0,3.278689,99.180328,14.795612,14.855584,-3.358586,0.966414
S033,S033,13,122,5.688,0.0,3.278689,100.0,13.193896,13.193896,0.260467,1.002605
S033,S033,14,122,5.688,0.0,4.918033,100.0,14.132921,14.132921,-3.084558,0.969154
S033,S033,15,122,5.688,0.0,9.836066,98.360656,8.405223,8.411249,-6.732086,0.932679
S033,S033,16,122,5.688,0.819672,18.852459,93.442623,5.273829,5.450618,-14.74811,0.852519
S033,S033,17,122,5.688,50.0,80.327869,27.04918,1.911818,3.485025,-41.688713,0.583113
S033,S033,18,122,5.688,88.52459,99.180328,2.459016,0.429581,2.013246,-83.777406,0.162226
S033,S033,19,122,5.688,100.0,100.0,0.0,0.0,,,
S034,S034,6,122,3.496,97.540984,100.0,0.0,0.044855,,-100.0,0.0
S034,S034,7,122,3.496,57.377049,99.180328,32.786885,4.031586,7.006643,-95.878892,0.041211
S034,S034,8,122,3.496,13.934426,53.278689,81.967213,9.18563,8.991556,-32.958304,0.670417
S034,S034,9,122,3.496,9.836066,12.295082,89.344262,10.764338,8.841549,7.664736,1.076647
S034,S034,10,122,3.496,8.196721,4.918033,91.803279,14.626209,12.073207,7.30582,1.073058
S034,S034,11,122,3.496,9.016393,4.098361,90.983607,14.825399,12.067749,10.564082,1.105641
S034,S034,12,122,3.496,7.377049,3.278689,92.622951,16.22474,13.974218,2.456196,1.024562
S034,S034,13,122,3.496,7.377049,1.639344,91.803279,16.1767,13.847363,8.759703,1.087597
S034,S034,14,122,3.496,9.016393,4.098361,87.704918,13.372407,11.922218,9.722158,1.097222
S034,S034,15,122,3.496,12.295082,9.016393,86.065574,9.905325,8.648701,12.433393,1.124334
S034,S034,16,122,3.496,13.934426,15.57377,81.147541,5.803992,4.739262,13.474694,1.134747
S034,S034,17,122,3.496,77.04918,79.508197,17.213115,2.047003,4.196596,-15.600324,0.843997
S034,S034,18,122,3.496,99.180328,100.0,0.0,0.155382,,-100.0,0.0
S034,S034,19,122,3.496,100.0,100.0,0.0,0.0,,,
S035,S035,6,122,5.296,87.704918,0.0,0.819672,2.940211,1.321752,2370.886076,24.708861
S035,S035,7,122,5.296,18.852459,0.0,43.442623,4.231286,5.72039,0.678049,1.00678
S035,S035,8,122,5.296,0.0,0.0,94.262295,5.181622,5.272641,-9.690597,0.903094
S035,S035,9,122,5.296,0.0,0.0,98.360656,8.46185,8.513172,-4.723617,0.952764
S035,S035,10,122,5.296,0.0,0.0,99.180328,11.440407,11.473358,-7.449631,0.925504
S035,S035,11,122,5.296,0.819672,0.0,99.180328,12.85758,12.284974,-10.231456,0.897685
S035,S035,12,122,5.296,0.819672,0.0,99.180328,13.244512,12.706307,-10.495967,0.89504
S035,S035,13,122,5.296,0.819672,0.0,99.180328,13.126372,12.671514,-8.332952,0.91667
S035,S035,14,122,5.296,0.819672,0.0,97.540984,11.712979,11.169586,-5.367194,0.946328
S035,S035,15,122,5.296,0.819672,0.0,98.360656,7.668342,7.216175,3.617425,1.036174
S035,S035,16,122,5.296,0.819672,0.0,90.163934,4.612453,4.038128,0.599059,1.005991
S035,S035,17,122,5.296,45.901639,51.639344,24.590164,2.017275,2.48589,33.230811,1.332308
S035,S035,18,122,5.296,89.344262,0.0,2.459016,2.922015,0.698045,2118.181818,22.181818
S035,S035,19,122,5.296,100.0,0.0,0.0,3.021148,,,
S037,S037,6,122,5.946,100.0,100.0,0.0,0.0,,,
S037,S037,7,122,5.946,63.934426,99.180328,21.311475,2.214362,4.096254,-90.227365,0.097726
S037,S037,8,122,5.946,36.885246,0.0,62.295082,8.499541,5.933678,25.219123,1.252191
S037,S037,9,122,5.946,36.065574,0.0,63.114754,13.74116,10.348264,15.438168,1.154382
S037,S037,10,122,5.946,35.245902,0.0,64.754098,17.856915,14.591284,1.602904,1.016029
S037,S037,11,122,5.946,35.245902,0.0,64.754098,20.406509,17.525025,-3.887317,0.961127
S037,S037,12,122,5.946,35.245902,0.0,64.754098,21.379546,18.843745,-6.662269,0.933377
S037,S037,13,122,5.946,35.245902,0.0,64.754098,20.194019,17.224732,-1.734664,0.982653
S037,S037,14,122,5.946,35.245902,0.0,64.754098,15.909932,12.538417,4.647249,1.046472
S037,S037,15,122,5.946,34.42623,0.0,62.295082,11.269222,7.236683,20.817895,1.208179
S037,S037,16,122,5.946,37.704918,0.0,59.016393,7.000303,3.042572,62.094014,1.62094
S037,S037,17,122,5.946,92.622951,59.016393,1.639344,1.818686,2.315901,499.896355,5.998964
S037,S037,18,122,5.946,100.0,100.0,0.0,0.0,,,
S037,S037,19,122,5.946,100.0,100.0,0.0,0.0,,,
S038,S038,6,122,1.672,90.163934,100.0,0.0,0.610219,,-100.0,0.0
S038,S038,7,122,1.672,34.42623,99.180328,36.065574,5.186982,8.463105,-96.688309,0.033117
S038,S038,8,122,1.672,3.278689,57.377049,90.163934,8.185711,8.508744,-37.377207,0.626228
S038,S038,9,122,1.672,2.459016,12.295082,93.442623,10.57418,10.575416,-5.050398,0.949496
S038,S038,10,122,1.672,2.459016,4.098361,95.081967,12.664971,12.528292,-1.425065,0.985749
S038,S038,11,122,1.672,1.639344,4.098361,95.901639,15.793709,15.608521,-7.505423,0.924946
S038,S038,12,122,1.672,1.639344,3.278689,96.721311,15.221421,14.937565,-7.905345,0.920947
S038,S038,13,122,1.672,0.819672,3.278689,99.180328,16.426406,16.295185,-5.950709,0.940493
S038,S038,14,122,1.672,1.639344,4.918033,95.081967,15.426733,15.647608,-4.18989,0.958101
S038,S038,15,122,1.672,1.639344,10.655738,95.081967,11.632395,11.778639,-1.691918,0.983081
S038,S038,16,122,1.672,4.918033,18.032787,84.42623,4.467839,4.674582,-0.410306,0.995897
S038,S038,17,122,1.672,60.655738,81.147541,19.672131,1.843522,3.466501,-32.245223,0.677548
S038,S038,18,122,1.672,91.803279,100.0,0.819672,0.55749,3.588517,-100.0,0.0
S038,S038,19,122,1.672,100.0,100.0,0.0,0.0,,,
S039,S039,6,122,3.45,90.983607,100.0,0.0,0.259785,,-100.0,0.0
S039,S039,7,122,3.45,27.868852,99.180328,39.344262,2.67794,4.167679,-95.599715,0.044003
S039,S039,8,122,3.45,0.819672,59.016393,92.622951,6.63863,6.889793,-21.879364,0.781206
S039,S039,9,122,3.45,0.819672,12.295082,95.901639,10.343171,10.559011,24.225976,1.24226
S039,S039,10,122,3.45,0.0,5.737705,98.360656,11.607612,11.663082,21.576402,1.215764
S039,S039,11,122,3.45,0.0,4.098361,98.360656,12.428533,12.499,14.593651,1.145937
S039,S039,12,122,3.45,0.0,4.098361,100.0,14.045834,14.045834,7.527703,1.075277
S039,S039,13,122,3.45,0.0,3.278689,99.180328,12.382727,12.433678,13.450567,1.134506
S039,S039,14,122,3.45,0.0,4.918033,99.180328,10.901394,10.945206,21.635166,1.216352
S039,S039,15,122,3.45,0.0,13.114754,98.360656,8.131993,8.168233,26.196601,1.261966
S039,S039,16,122,3.45,0.819672,18.852459,88.52459,4.997215,5.169827,29.338455,1.293385
S039,S039,17,122,3.45,50.819672,79.508197,24.590164,1.510388,2.889295,-6.060238,0.939398
S039,S039,18,122,3.45,90.163934,98.360656,0.819672,0.299757,0.585616,-62.101497,0.378985
S039,S039,19,122,3.45,100.0,100.0,0.0,0.0,,,
S040,S040,6,122,5.96,89.344262,100.0,1.639344,0.487283,2.372842,-100.0,0.0
S040,S040,7,122,5.96,28.688525,98.360656,45.081967,4.994517,7.383327,-94.876221,0.051238
S040,S040,8,122,5.96,2.459016,57.377049,95.901639,7.793664,7.956487,-44.922148,0.550779
S040,S040,9,122,5.96,0.0,14.754098,98.360656,10.509361,10.59496,-8.677985,0.91322
S040,S040,10,122,5.96,0.0,4.918033,99.180328,13.000777,13.001654,-2.429298,0.975707
S040,S040,11,122,5.96,0.0,4.918033,98.360656,12.905595,12.966789,-6.038953,0.93961
S040,S040,12,122,5.96,0.0,2.459016,100.0,14.157496,14.157496,-1.498993,0.98501
S040,S040,13,122,5.96,0.0,3.278689,100.0,14.324272,14.324272,-0.064729,0.999353
S040,S040,14,122,5.96,0.0,4.098361,99.180328,13.412971,13.467238,-1.725154,0.982748
S040,S040,15,122,5.96,0.0,9.836066,99.180328,10.15814,10.199105,-2.263973,0.97736
S040,S040,16,122,5.96,0.0,18.032787,92.622951,5.448979,5.56106,-15.960951,0.84039
S040,S040,17,122,5.96,54.098361,81.967213,29.508197,2.403909,4.308595,-53.750043,0.4625
S040,S040,18,122,5.96,89.344262,98.360656,4.918033,0.652011,2.668177,-93.177887,0.068221
S040,S040,19,122,5.96,100.0,100.0,0.0,0.0,,,
S041,S041,6,122,2.2,87.704918,100.0,0.0,0.50903,,-100.0,0.0
S041,S041,7,122,2.2,29.508197,98.360656,37.704918,4.757061,7.647327,-92.815401,0.071846
S041,S041,8,122,2.2,1.639344,0.0,93.442623,7.313487,7.331073,17.618492,1.176185
S041,S041,9,122,2.2,0.0,0.0,95.901639,11.97625,12.049,11.598815,1.115988
S041,S041,10,122,2.2,0.0,0.0,99.180328,17.578106,17.638817,20.495436,1.204954
S041,S041,11,122,2.2,0.819672,0.0,99.180328,16.54518,16.575829,11.048339,1.110483
S041,S041,12,122,2.2,0.0,0.0,100.0,18.08624,18.08624,8.442912,1.084429
S041,S041,13,122,2.2,0.0,0.0,99.180328,19.232915,19.272357,13.094142,1.130941
S041,S041,14,122,2.2,0.0,0.0,99.180328,16.33043,15.570773,12.216197,1.122162
S041,S041,15,122,2.2,0.0,0.0,99.180328,11.678794,11.709227,15.667783,1.156678
S041,S041,16,122,2.2,3.278689,0.0,88.52459,10.600513,10.434819,77.056931,1.770569
S041,S041,17,122,2.2,55.737705,51.639344,23.770492,2.457564,3.837579,37.871662,1.378717
S041,S041,18,122,2.2,90.983607,98.360656,0.819672,0.551131,2.707544,-36.031751,0.639682
S041,S041,19,122,2.2,100.0,100.0,0.0,0.0,,,
S042,S042,6,122,3.724,90.983607,100.0,0.819672,0.450254,2.416756,-100.0,0.0
S042,S042,7,122,3.724,31.147541,98.360656,44.262295,5.482284,8.167573,-94.651572,0.053484
S042,S042,8,122,3.724,3.278689,0.0,94.262295,5.576351,5.592923,0.849631,1.008496
S042,S042,9,122,3.724,0.0,0.0,95.901639,9.359497,9.45119,6.284718,1.062847
S042,S042,10,122,3.724,0.819672,0.0,98.360656,12.453715,12.494045,17.751892,1.177519
S042,S042,11,122,3.724,0.819672,0.0,99.180328,12.941314,12.97229,8.443691,1.084437
S042,S042,12,122,3.724,0.0,0.0,99.180328,13.417373,13.4414,9.801206,1.098012
S042,S042,13,122,3.724,0.0,0.0,100.0,15.0599,15.0599,19.234311,1.192343
S042,S042,14,122,3.724,0.0,0.0,98.360656,11.98947,11.8909,17.946097,1.179461
S042,S042,15,122,3.724,0.0,0.0,98.360656,8.13111,8.120637,14.878433,1.148784
S042,S042,16,122,3.724,3.278689,0.0,91.803279,5.186075,5.267161,30.076206,1.300762
S042,S042,17,122,3.724,59.836066,51.639344,27.04918,1.502318,2.667324,-14.451323,0.855487
S042,S042,18,122,3.724,92.622951,100.0,1.639344,0.464469,2.698678,-100.0,0.0
S042,S042,19,122,3.724,100.0,100.0,0.0,0.0,,,
S044,S044,6,122,8.492,100.0,100.0,0.0,0.0,,,
S044,S044,7,122,8.492,100.0,99.180328,0.0,1.051751,,,
S044,S044,8,122,8.492,100.0,0.0,0.0,9.536418,,,
S044,S044,9,122,8.492,100.0,0.0,0.0,17.908812,,,
S044,S044,10,122,8.492,100.0,0.0,0.0,23.651322,,,
S044,S044,11,122,8.492,100.0,0.0,0.0,26.310874,,,
S044,S044,12,122,8.492,100.0,0.0,0.0,27.341849,,,
S044,S044,13,122,8.492,100.0,0.0,0.0,25.878411,,,
S044,S044,14,122,8.492,100.0,0.0,0.0,21.42367,,,
S044,S044,15,122,8.492,100.0,0.0,0.0,15.419503,,,
S044,S044,16,122,8.492,100.0,0.819672,0.0,7.642112,,,
S044,S044,17,122,8.492,100.0,55.737705,0.0,1.726701,,,
S044,S044,18,122,8.492,100.0,100.0,0.0,0.0,,,
S044,S044,19,122,8.492,100.0,100.0,0.0,0.0,,,
S045,S045,6,122,2.915,100.0,0.0,0.0,5.145798,,,
S045,S045,7,122,2.915,100.0,0.0,0.0,5.30868,,,
S045,S045,8,122,2.915,86.065574,0.0,13.934426,8.845498,3.443913,705.731696,8.057317
S045,S045,9,122,2.915,85.245902,0.0,14.754098,15.973864,9.690533,387.568198,4.875682
S045,S045,10,122,2.915,85.245902,0.0,14.754098,22.998178,13.942726,359.645028,4.59645
S045,S045,11,122,2.915,85.245902,0.0,14.754098,26.099533,18.12867,311.966309,4.119663
S045,S045,12,122,2.915,85.245902,0.0,14.754098,27.273909,21.106864,274.344297,3.743443
S045,S045,13,122,2.915,85.245902,0.0,14.754098,26.160194,17.865506,304.879722,4.048797
S045,S045,14,122,2.915,85.245902,0.0,14.754098,21.801937,14.620901,307.001821,4.070018
S045,S045,15,122,2.915,85.245902,0.0,13.934426,15.351012,11.502464,328.499557,4.284996
S045,S045,16,122,2.915,86.065574,0.0,13.934426,8.513355,2.39499,608.245342,7.082453
S045,S045,17,122,2.915,100.0,53.278689,0.0,4.096072,,,
S045,S045,18,122,2.915,100.0,0.0,0.0,5.145798,,,
S045,S045,19,122,2.915,100.0,0.0,0.0,5.145798,,,
S046,S046,6,122,4.25,81.967213,0.0,6.557377,4.487811,2.258395,1618.309859,17.183099
S046,S046,7,122,4.25,21.311475,0.0,45.901639,4.211279,4.22583,46.72279,1.467228
S046,S046,8,122,4.25,0.819672,0.0,95.081967,6.957946,6.928941,8.834235,1.088342
S046,S046,9,122,4.25,0.0,0.0,97.540984,11.981845,11.875516,-0.433871,0.995661
S046,S046,10,122,4.25,0.0,0.0,99.180328,14.853614,14.767671,10.464976,1.10465
S046,S046,11,122,4.25,0.0,0.0,99.180328,17.832222,17.732499,15.00183,1.150018
S046,S046,12,122,4.25,0.0,0.0,100.0,19.841355,19.841355,26.276085,1.262761
S046,S046,13,122,4.25,0.0,0.0,100.0,19.706542,19.706542,25.294423,1.252944
S046,S046,14,122,4.25,0.0,0.0,100.0,15.796524,15.796524,24.281602,1.242816
S046,S046,15,122,4.25,0.0,0.0,99.180328,11.318571,11.238883,9.900597,1.099006
S046,S046,16,122,4.25,0.0,0.0,90.983607,7.215257,6.749374,41.295642,1.412956
S046,S046,17,122,4.25,47.540984,51.639344,29.508197,3.142794,3.780157,35.818457,1.358185
S046,S046,18,122,4.25,83.606557,0.0,7.377049,4.492561,2.187659,1618.309859,17.183099
S046,S046,19,122,4.25,95.901639,0.0,4.098361,4.632994,2.352941,4780.0,48.8
S047,S047,6,122,4.8,98.360656,0.0,0.0,2.28093,,13320.0,134.2
S047,S047,7,122,4.8,47.540984,0.0,31.147541,3.119122,4.709903,16.459064,1.164591
S047,S047,8,122,4.8,3.278689,0.0,92.622951,5.11736,5.133534,-9.294366,0.907056
S047,S047,9,122,4.8,0.819672,0.0,96.721311,7.154347,7.22596,-16.624667,0.833753
S047,S047,10,122,4.8,0.819672,0.0,98.360656,9.798869,9.83328,-17.971438,0.820286
S047,S047,11,122,4.8,0.819672,0.0,98.360656,12.033117,12.055457,-23.368759,0.766312
S047,S047,12,122,4.8,0.819672,0.0,99.180328,12.723354,12.663399,-24.709321,0.752907
S047,S047,13,122,4.8,0.819672,0.0,99.180328,13.441718,13.346908,-24.127092,0.758729
S047,S047,14,122,4.8,0.819672,0.0,97.540984,11.580947,11.492285,-16.828236,0.831718
S047,S047,15,122,4.8,0.819672,0.0,96.721311,6.598329,6.234145,-4.643621,0.953564
S047,S047,16,122,4.8,0.819672,0.0,88.52459,3.983662,3.943831,-3.734235,0.962658
S047,S047,17,122,4.8,47.540984,51.639344,23.770492,1.340391,2.221013,16.579261,1.165793
S047,S047,18,122,4.8,88.52459,0.0,0.819672,2.208823,0.208333,1873.529412,19.735294
S047,S047,19,122,4.8,100.0,0.0,0.0,2.291667,,,
S048,S048,6,122,4.0,100.0,100.0,0.0,0.0,,,
S048,S048,7,122,4.0,61.47541,98.360656,31.147541,3.978584,7.090285,-94.539272,0.054607
S048,S048,8,122,4.0,7.377049,0.0,87.704918,4.925402,4.880037,18.71871,1.187187
S048,S048,9,122,4.0,5.737705,0.0,91.803279,8.127486,8.035454,18.455405,1.184554
S048,S048,10,122,4.0,2.459016,0.0,97.540984,10.556423,10.366829,13.34064,1.133406
S048,S048,11,122,4.0,0.819672,0.0,99.180328,11.188326,11.213764,10.474716,1.104747
S048,S048,12,122,4.0,0.819672,0.0,99.180328,11.959975,11.97794,12.809926,1.128099
S048,S048,13,122,4.0,1.639344,0.0,97.540984,12.013584,12.066456,14.308539,1.143085
S048,S048,14,122,4.0,3.278689,0.0,94.262295,10.569013,10.533046,22.01838,1.220184
S048,S048,15,122,4.0,2.459016,0.0,95.081967,8.38631,8.37803,27.082172,1.270822
S048,S048,16,122,4.0,13.114754,0.0,84.42623,4.631468,4.552082,46.460547,1.464605
S048,S048,17,122,4.0,76.229508,52.459016,20.491803,1.453039,3.131226,-29.023079,0.709769
S048,S048,18,122,4.0,99.180328,100.0,0.0,0.135804,,-100.0,0.0
S048,S048,19,122,4.0,100.0,100.0,0.0,0.0,,,
S049,S049,6,122,14.1,90.983607,0.0,0.0,1.375558,,2246.153846,23.461538
S049,S049,7,122,14.1,31.967213,0.0,34.42623,2.616771,4.173774,-26.22834,0.737717
S049,S049,8,122,14.1,3.278689,0.0,88.52459,4.69015,4.479615,-7.076438,0.929236
S049,S049,9,122,14.1,0.819672,0.0,95.081967,6.132591,6.003159,-4.042885,0.959571
S049,S049,10,122,14.1,0.0,0.0,99.180328,8.394243,8.418836,-3.958698,0.960413
S049,S049,11,122,14.1,0.0,0.0,98.360656,8.817681,8.706967,-2.096058,0.979039
S049,S049,12,122,14.1,0.0,0.0,98.360656,10.612983,10.590374,-8.479101,0.915209
S049,S049,13,122,14.1,0.0,0.0,99.180328,11.151509,11.157366,-7.10577,0.928942
S049,S049,14,122,14.1,0.0,0.0,94.262295,8.318446,8.399797,-2.721143,0.972789
S049,S049,15,122,14.1,0.0,0.0,91.803279,4.657481,4.766699,0.98099,1.00981
S049,S049,16,122,14.1,2.459016,0.0,82.786885,2.912912,2.899587,8.239149,1.082391
S049,S049,17,122,14.1,62.295082,53.278689,17.213115,1.371539,2.230174,24.732251,1.247323
S049,S049,18,122,14.1,93.442623,0.0,0.0,1.391412,,3596.969697,36.969697
S049,S049,19,122,14.1,100.0,0.0,0.0,1.41844,,,
S050,S050,6,122,2.55,56.557377,100.0,35.245902,1.878035,3.137255,-100.0,0.0
S050,S050,7,122,2.55,18.032787,99.180328,65.57377,3.72793,4.554537,-97.488261,0.025117
S050,S050,8,122,2.55,0.819672,58.196721,90.163934,5.786509,6.075127,-30.327233,0.696728
S050,S050,9,122,2.55,0.819672,13.114754,95.901639,12.401248,12.653363,38.897273,1.388973
S050,S050,10,122,2.55,0.819672,7.377049,98.360656,17.945683,18.071424,54.934732,1.549347
S050,S050,11,122,2.55,0.0,4.918033,98.360656,20.634068,20.780676,54.066906,1.540669
S050,S050,12,122,2.55,0.0,3.278689,99.180328,22.084122,22.160708,49.54849,1.495485
S050,S050,13,122,2.55,0.0,3.278689,99.180328,21.220049,21.307435,54.138271,1.541383
S050,S050,14,122,2.55,0.0,5.737705,98.360656,18.136693,18.1876,56.486957,1.56487
S050,S050,15,122,2.55,0.0,13.114754,95.901639,11.158104,11.347517,35.378946,1.353789
S050,S050,16,122,2.55,0.819672,18.852459,87.704918,4.179994,4.280604,3.285352,1.032854
S050,S050,17,122,2.55,22.131148,79.508197,56.557377,2.582469,3.327472,-61.466428,0.385336
S050,S050,18,122,2.55,54.918033,98.360656,36.065574,1.886079,3.102309,-96.105644,0.038944
S050,S050,19,122,2.55,64.754098,100.0,35.245902,1.862534,3.137255,-100.0,0.0
S051,S051,6,122,5.025,91.803279,100.0,3.278689,3.702759,20.433654,-100.0,0.0
S051,S051,7,122,5.025,32.786885,99.180328,35.245902,5.023145,8.325418,-97.326491,0.026735
S051,S051,8,122,5.025,8.196721,0.0,82.786885,6.20819,5.456151,36.480954,1.36481
S051,S051,9,122,5.025,6.557377,0.0,90.163934,10.001673,8.919788,43.43139,1.434314
S051,S051,10,122,5.025,5.737705,0.0,92.622951,13.883756,12.458409,45.131147,1.451311
S051,S051,11,122,5.025,3.278689,0.0,95.901639,14.671681,13.514385,35.68485,1.356849
S051,S051,12,122,5.025,2.459016,0.0,97.540984,14.671137,13.644221,23.763398,1.237634
S051,S051,13,122,5.025,1.639344,0.0,98.360656,15.044685,14.336153,32.347405,1.323474
S051,S051,14,122,5.025,0.819672,0.0,98.360656,12.932502,12.655771,34.521928,1.345219
S051,S051,15,122,5.025,0.819672,0.0,96.721311,8.919783,8.521095,30.04792,1.300479
S051,S051,16,122,5.025,0.819672,0.0,86.885246,7.579776,7.84288,-3.888939,0.961111
S051,S051,17,122,5.025,36.885246,51.639344,32.786885,7.001523,12.210117,-77.413268,0.225867
S051,S051,18,122,5.025,81.147541,100.0,14.754098,6.044423,15.724262,-100.0,0.0
S051,S051,19,122,5.025,89.344262,100.0,9.836066,4.764858,15.191111,-100.0,0.0
S052,S052,6,122,6.08,86.065574,0.0,0.819672,3.214057,0.164474,3197.297297,32.972973
S052,S052,7,122,6.08,18.852459,0.0,41.803279,4.216778,5.629754,4.737111,1.047371
S052,S052,8,122,6.08,0.0,0.0,95.081967,5.942789,6.071194,-25.821053,0.741789
S052,S052,9,122,6.08,0.819672,0.0,98.360656,9.811822,9.880892,-25.713772,0.742862
S052,S052,10,122,6.08,0.0,0.0,99.180328,11.180089,11.223257,-16.858778,0.831412
S052,S052,11,122,6.08,0.0,0.0,99.180328,14.6594,14.712267,-23.129382,0.768706
S052,S052,12,122,6.08,0.0,0.0,100.0,17.20921,17.20921,-27.150443,0.728496
S052,S052,13,122,6.08,0.0,0.0,100.0,16.344108,16.344108,-23.921906,0.760781
S052,S052,14,122,6.08,0.0,0.0,99.180328,12.954644,12.990481,-25.029183,0.749708
S052,S052,15,122,6.08,0.0,0.0,100.0,10.249066,10.249066,-28.842648,0.711574
S052,S052,16,122,6.08,0.0,0.0,93.442623,5.89423,6.007849,-31.8931,0.681069
S052,S052,17,122,6.08,46.721311,51.639344,28.688525,2.253433,3.306503,27.609551,1.276096
S052,S052,18,122,6.08,90.163934,0.0,4.918033,3.164485,0.77145,1668.115942,17.681159
S052,S052,19,122,6.08,100.0,0.0,0.0,3.289474,,,
S053,S053,6,122,13.33,0.0,0.0,100.0,40.060015,40.060015,-96.389892,0.036101
S053,S053,7,122,13.33,0.0,0.0,100.0,39.912115,39.912115,-95.850684,0.041493
S053,S053,8,122,13.33,0.0,0.0,100.0,14.527567,14.527567,-30.941389,0.690586
S053,S053,9,122,13.33,0.0,0.0,100.0,10.44847,10.44847,-12.275894,0.877241
S053,S053,10,122,13.33,0.0,0.0,100.0,13.336438,13.336438,12.956775,1.129568
S053,S053,11,122,13.33,0.0,0.0,100.0,14.480029,14.480029,17.891733,1.178917
S053,S053,12,122,13.33,0.0,0.0,100.0,14.251572,14.251572,17.871326,1.178713
S053,S053,13,122,13.33,0.0,0.0,100.0,12.804381,12.804381,13.88726,1.138873
S053,S053,14,122,13.33,0.0,0.0,100.0,10.22689,10.22689,4.286393,1.042864
S053,S053,15,122,13.33,0.0,0.0,100.0,11.653693,11.653693,-20.872052,0.791279
S053,S053,16,122,13.33,0.0,0.0,100.0,15.832916,15.832916,-35.127573,0.648724
S053,S053,17,122,13.33,0.0,51.639344,100.0,31.941198,31.941198,-70.457195,0.295428
S053,S053,18,122,13.33,18.852459,0.0,81.147541,35.971384,39.925304,-95.141327,0.048587
S053,S053,19,122,13.33,18.852459,0.0,81.147541,36.092714,40.060015,-95.55118,0.044488
S054,S054,6,122,11.272,90.163934,0.0,1.639344,1.702558,0.621008,1310.404624,14.104046
S054,S054,7,122,11.272,32.786885,0.0,40.163934,3.683668,5.552545,-28.978322,0.710217
S054,S054,8,122,11.272,1.639344,0.0,93.442623,4.645196,4.628546,15.101977,1.15102
S054,S054,9,122,11.272,0.819672,0.0,95.901639,8.199374,8.274123,13.634707,1.136347
S054,S054,10,122,11.272,0.0,0.0,96.721311,9.768132,9.595574,14.392373,1.143924
S054,S054,11,122,11.272,0.0,0.0,99.180328,10.43491,10.459334,7.41079,1.074108
S054,S054,12,122,11.272,0.0,0.0,99.180328,12.043384,12.072447,8.068249,1.080682
S054,S054,13,122,11.272,0.0,0.0,99.180328,11.115562,11.097419,11.621411,1.116214
S054,S054,14,122,11.272,0.0,0.0,97.540984,10.37704,10.305004,12.115657,1.121157
S054,S054,15,122,11.272,0.819672,0.0,97.540984,6.486907,6.502375,15.137734,1.151377
S054,S054,16,122,11.272,0.819672,0.0,88.52459,3.644864,3.699153,19.985851,1.199859
S054,S054,17,122,11.272,61.47541,52.459016,25.409836,1.303999,2.143653,7.840967,1.07841
S054,S054,18,122,11.272,90.983607,0.0,3.278689,1.705643,0.608202,1170.833333,12.708333
S054,S054,19,122,11.272,98.360656,0.0,1.639344,1.7615,0.621008,4418.518519,45.185185
S055,S055,6,122,4.0,28.688525,100.0,71.311475,5.911229,7.0,-100.0,0.0
S055,S055,7,122,4.0,12.295082,99.180328,87.704918,6.39087,6.824141,-99.039192,0.009608
S055,S055,8,122,4.0,6.557377,0.0,93.442623,5.066805,4.079279,2.178068,1.021781
S055,S055,9,122,4.0,7.377049,0.0,92.622951,10.441381,9.651495,72.047133,1.720471
S055,S055,10,122,4.0,7.377049,0.0,92.622951,15.773657,15.291179,93.536494,1.935365
S055,S055,11,122,4.0,7.377049,0.0,92.622951,20.04531,19.633416,108.409491,2.084095
S055,S055,12,122,4.0,6.557377,0.0,93.442623,21.067449,20.595291,106.67556,2.066756
S055,S055,13,122,4.0,6.557377,0.0,93.442623,19.67669,19.199041,102.298949,2.022989
S055,S055,14,122,4.0,6.557377,0.0,93.442623,15.533835,15.025286,89.259551,1.892596
S055,S055,15,122,4.0,7.377049,0.0,92.622951,10.174091,9.55625,70.356823,1.703568
S055,S055,16,122,4.0,7.377049,0.0,92.622951,5.155389,4.381164,-7.073129,0.929269
S055,S055,17,122,4.0,10.655738,50.0,89.344262,6.561265,6.8491,-89.827209,0.101728
S055,S055,18,122,4.0,25.409836,98.360656,73.770492,5.957695,6.934386,-99.881334,0.001187
S055,S055,19,122,4.0,27.868852,100.0,72.131148,5.945104,7.0,-100.0,0.0
S056,S056,6,122,3.15,100.0,100.0,0.0,0.0,,,
S056,S056,7,122,3.15,56.557377,98.360656,28.688525,3.691253,6.813226,-92.959403,0.070406
S056,S056,8,122,3.15,5.737705,0.0,87.704918,4.525384,4.300407,20.108859,1.201089
S056,S056,9,122,3.15,2.459016,0.0,90.163934,7.357632,7.258134,16.327873,1.163279
S056,S056,10,122,3.15,2.459016,0.0,95.901639,8.792997,8.532632,14.729797,1.147298
S056,S056,11,122,3.15,0.819672,0.0,98.360656,10.028262,10.022272,5.46336,1.054634
S056,S056,12,122,3.15,0.819672,0.0,99.180328,11.118372,11.137955,5.618789,1.056188
S056,S056,13,122,3.15,0.0,0.0,97.540984,10.507125,10.511758,15.196679,1.151967
S056,S056,14,122,3.15,3.278689,0.0,95.081967,9.094654,9.003361,19.168889,1.191689
S056,S056,15,122,3.15,2.459016,0.0,96.721311,6.388111,6.300241,27.74511,1.277451
S056,S056,16,122,3.15,10.655738,0.0,81.967213,4.818648,4.814348,49.797071,1.497971
S056,S056,17,122,3.15,75.409836,52.459016,18.032787,0.986438,1.892849,4.295113,1.042951
S056,S056,18,122,3.15,98.360656,100.0,0.0,0.128536,,-100.0,0.0
S056,S056,19,122,3.15,100.0,100.0,0.0,0.0,,,
S058,S058,6,122,5.99,86.065574,0.0,0.819672,3.230471,1.335559,2389.795918,24.897959
S058,S058,7,122,5.99,18.032787,0.0,40.983607,3.795039,4.928541,21.442876,1.214429
S058,S058,8,122,5.99,0.819672,0.0,92.622951,4.746559,4.763434,-3.394148,0.966059
S058,S058,9,122,5.99,0.0,0.0,94.262295,8.393344,8.415468,-8.029598,0.919704
S058,S058,10,122,5.99,0.0,0.0,99.180328,13.114317,13.164264,-17.555304,0.824447
S058,S058,11,122,5.99,0.0,0.0,99.180328,15.367916,15.427759,-19.858902,0.801411
S058,S058,12,122,5.99,0.0,0.0,98.360656,16.053908,16.042474,-16.712844,0.832872
S058,S058,13,122,5.99,0.0,0.0,99.180328,15.548557,15.55461,-16.744661,0.832553
S058,S058,14,122,5.99,0.0,0.0,98.360656,12.692165,12.79199,-25.23811,0.747619
S058,S058,15,122,5.99,0.0,0.0,98.360656,7.456476,7.49715,-10.956205,0.890438
S058,S058,16,122,5.99,1.639344,0.0,91.803279,3.604868,3.704278,4.10786,1.041079
S058,S058,17,122,5.99,43.442623,51.639344,23.770492,2.152577,3.187437,63.94826,1.639483
S058,S058,18,122,5.99,87.704918,0.0,1.639344,3.24409,0.973448,2611.111111,27.111111
S058,S058,19,122,5.99,100.0,0.0,0.0,3.338898,,,
S059,S059,6,122,2.0,6.557377,0.0,88.52459,16.491428,17.5,-83.498647,0.165014
S059,S059,7,122,2.0,3.278689,0.0,95.081967,16.560037,16.972188,-83.597733,0.164023
S059,S059,8,122,2.0,0.0,0.0,98.360656,11.646704,11.733175,-51.08189,0.489181
S059,S059,9,122,2.0,0.0,0.0,100.0,7.633103,7.633103,-15.784207,0.842158
S059,S059,10,122,2.0,0.0,0.0,100.0,11.162074,11.162074,16.02918,1.160292
S059,S059,11,122,2.0,0.0,0.0,100.0,11.947649,11.947649,24.793215,1.247932
S059,S059,12,122,2.0,0.0,0.0,100.0,13.63595,13.63595,33.337772,1.333378
S059,S059,13,122,2.0,0.0,0.0,100.0,12.892034,12.892034,31.610196,1.316102
S059,S059,14,122,2.0,0.0,0.0,100.0,10.659215,10.659215,15.976769,1.159768
S059,S059,15,122,2.0,0.0,0.0,100.0,8.483885,8.483885,-19.69327,0.803067
S059,S059,16,122,2.0,0.0,0.0,100.0,11.588396,11.588396,-49.890186,0.501098
S059,S059,17,122,2.0,1.639344,51.639344,96.721311,17.730285,18.027279,-86.814819,0.131852
S059,S059,18,122,2.0,3.278689,0.0,90.983607,16.554802,17.341691,-83.74778,0.162522
S059,S059,19,122,2.0,10.655738,0.0,89.344262,16.570329,17.5,-83.620497,0.163795
S060,S060,6,122,5.84,87.704918,100.0,1.639344,0.532535,2.761047,-100.0,0.0
S060,S060,7,122,5.84,40.983607,98.360656,41.803279,4.430992,6.803309,-93.956165,0.060438
S060,S060,8,122,5.84,1.639344,57.377049,96.721311,6.636484,6.746906,-30.146887,0.698531
S060,S060,9,122,5.84,0.819672,13.934426,98.360656,11.136631,11.07375,9.186996,1.09187
S060,S060,10,122,5.84,0.0,4.098361,100.0,14.301165,14.301165,19.436553,1.194366
S060,S060,11,122,5.84,0.0,4.098361,99.180328,14.895769,14.911638,11.83944,1.118394
S060,S060,12,122,5.84,0.0,2.459016,100.0,17.087552,17.087552,15.56585,1.155659
S060,S060,13,122,5.84,0.0,3.278689,100.0,15.577093,15.577093,25.016369,1.250164
S060,S060,14,122,5.84,0.0,4.098361,99.180328,13.909637,13.966684,19.694985,1.19695
S060,S060,15,122,5.84,0.0,10.655738,98.360656,11.802186,11.835829,6.515261,1.065153
S060,S060,16,122,5.84,0.0,18.852459,93.442623,5.700184,5.806074,-6.232824,0.937672
S060,S060,17,122,5.84,54.098361,81.147541,25.409836,2.506572,4.828546,-55.200867,0.447991
S060,S060,18,122,5.84,89.344262,98.360656,4.098361,0.60641,2.495647,-93.780089,0.062199
S060,S060,19,122,5.84,100.0,100.0,0.0,0.0,,,
S061,S061,6,122,3.784,87.704918,100.0,0.819672,0.446333,2.378436,-100.0,0.0
S061,S061,7,122,3.784,22.95082,98.360656,41.803279,5.088965,7.790192,-95.817543,0.041825
S061,S061,8,122,3.784,0.0,58.196721,93.442623,8.413342,8.700339,-52.740808,0.472592
S061,S061,9,122,3.784,0.0,13.114754,95.081967,10.579093,10.811009,-15.188245,0.848118
S061,S061,10,122,3.784,0.819672,4.098361,98.360656,12.701906,12.784378,-4.183675,0.958163
S061,S061,11,122,3.784,0.0,4.098361,99.180328,14.107996,14.166092,-8.944228,0.910558
S061,S061,12,122,3.784,0.0,3.278689,99.180328,13.529667,13.585268,-3.967297,0.960327
S061,S061,13,122,3.784,0.0,3.278689,99.180328,13.584372,13.639353,4.850136,1.048501
S061,S061,14,122,3.784,0.0,4.918033,98.360656,12.95475,12.953648,-6.033252,0.939667
S061,S061,15,122,3.784,0.0,9.016393,98.360656,8.008555,8.037607,-8.390005,0.9161
S061,S061,16,122,3.784,0.0,18.852459,90.163934,5.330139,5.596506,-24.566422,0.754336
S061,S061,17,122,3.784,52.459016,81.147541,26.229508,2.192946,4.169749,-60.766706,0.392333
S061,S061,18,122,3.784,89.344262,100.0,1.639344,0.44376,2.541673,-100.0,0.0
S061,S061,19,122,3.784,100.0,100.0,0.0,0.0,,,
S062,S062,6,122,4.45368,91.803279,0.0,0.0,2.412311,,3431.578947,35.315789
S062,S062,7,122,4.45368,38.52459,0.0,31.967213,2.730073,3.761848,38.852627,1.388526
S062,S062,8,122,4.45368,4.098361,0.0,90.163934,3.631459,3.780305,-19.787539,0.802125
S062,S062,9,122,4.45368,2.459016,0.0,91.803279,6.310505,6.465771,-12.42312,0.875769
S062,S062,10,122,4.45368,0.819672,0.0,96.721311,7.581895,7.639071,-11.209989,0.8879
S062,S062,11,122,4.45368,0.819672,0.0,97.540984,10.492853,10.595093,-18.158207,0.818418
S062,S062,12,122,4.45368,0.0,0.0,97.540984,10.75437,10.803321,-17.720593,0.822794
S062,S062,13,122,4.45368,0.0,0.0,98.360656,10.413024,10.491715,-13.899216,0.861008
S062,S062,14,122,4.45368,0.0,0.0,96.721311,8.66025,8.799362,-15.315485,0.846845
S062,S062,15,122,4.45368,0.0,0.0,95.901639,6.031907,6.111596,-14.400104,0.855999
S062,S062,16,122,4.45368,4.918033,0.0,87.704918,2.801585,2.946511,-4.130141,0.958699
S062,S062,17,122,4.45368,63.934426,51.639344,19.672131,1.565226,2.435954,65.23555,1.652356
S062,S062,18,122,4.45368,93.442623,0.0,0.0,2.422141,,3966.666667,40.666667
S062,S062,19,122,4.45368,100.0,0.0,0.0,2.469868,,,
S063,S063,6,122,3.66,100.0,0.0,0.0,2.73224,,,
S063,S063,7,122,3.66,68.852459,0.0,31.147541,3.391035,4.518444,52.537418,1.525374
S063,S063,8,122,3.66,11.47541,0.0,88.52459,6.759446,6.30998,11.260988,1.11261
S063,S063,9,122,3.66,6.557377,0.0,93.442623,12.475535,11.851322,-6.022435,0.939776
S063,S063,10,122,3.66,4.098361,0.0,95.901639,13.310539,11.852831,7.512497,1.075125
S063,S063,11,122,3.66,3.278689,0.0,96.721311,13.439481,11.758784,2.15481,1.021548
S063,S063,12,122,3.66,1.639344,0.0,98.360656,15.582495,14.183987,1.810497,1.018105
S063,S063,13,122,3.66,4.918033,0.0,95.081967,16.930037,15.974785,-0.63588,0.993641
S063,S063,14,122,3.66,4.918033,0.0,95.081967,14.705442,13.709868,6.157585,1.061576
S063,S063,15,122,3.66,5.737705,0.0,94.262295,8.474391,7.700232,7.149711,1.071497
S063,S063,16,122,3.66,18.852459,0.0,81.147541,6.63201,6.205783,26.440465,1.264405
S063,S063,17,122,3.66,81.967213,50.0,17.213115,3.154344,4.889094,115.836145,2.158361
S063,S063,18,122,3.66,100.0,0.0,0.0,2.800014,,,
S063,S063,19,122,3.66,100.0,0.0,0.0,2.73224,,,
S064,S064,6,122,3.288,100.0,0.0,0.0,1.824818,,,
S064,S064,7,122,3.288,64.754098,0.0,34.42623,3.093114,4.639525,0.493097,1.004931
S064,S064,8,122,3.288,9.016393,0.0,90.163934,4.45321,4.449311,5.222213,1.052222
S064,S064,9,122,3.288,3.278689,0.0,95.901639,6.986812,6.907391,3.790762,1.037908
S064,S064,10,122,3.288,0.819672,0.0,99.180328,9.388263,9.420652,12.187894,1.121879
S064,S064,11,122,3.288,1.639344,0.0,98.360656,9.86387,9.837737,4.855053,1.048551
S064,S064,12,122,3.288,1.639344,0.0,97.540984,9.493401,9.313612,2.165089,1.021651
S064,S064,13,122,3.288,2.459016,0.0,96.721311,9.898286,9.838658,10.573893,1.105739
S064,S064,14,122,3.288,0.819672,0.0,97.540984,9.03302,9.060268,16.301307,1.163013
S064,S064,15,122,3.288,2.459016,0.0,96.721311,7.208154,7.234887,22.798987,1.22799
S064,S064,16,122,3.288,10.655738,0.0,86.885246,5.63846,5.380938,50.075132,1.500751
S064,S064,17,122,3.288,75.409836,51.639344,20.491803,2.421947,4.660848,101.888658,2.018887
S064,S064,18,122,3.288,96.721311,0.0,0.0,1.835549,,3815.187506,39.151875
S064,S064,19,122,3.288,100.0,0.0,0.0,1.824818,,,
S065,S065,6,122,1.9239,61.47541,0.0,0.819672,2.921416,5.717553,838.461538,9.384615
S065,S065,7,122,1.9239,25.409836,0.0,35.245902,3.701984,5.24927,4.028967,1.04029
S065,S065,8,122,1.9239,0.819672,0.0,91.803279,5.911699,5.932464,8.219875,1.082199
S065,S065,9,122,1.9239,0.819672,0.0,95.081967,11.918253,11.786426,1.820487,1.018205
S065,S065,10,122,1.9239,0.819672,0.0,97.540984,14.010841,13.32758,13.079591,1.130796
S065,S065,11,122,1.9239,0.0,0.0,98.360656,13.932556,13.963872,2.64336,1.026434
S065,S065,12,122,1.9239,0.0,0.0,100.0,14.116578,14.116578,5.126456,1.051265
S065,S065,13,122,1.9239,0.0,0.0,98.360656,14.710852,14.80653,6.549746,1.065497
S065,S065,14,122,1.9239,0.0,0.0,99.180328,13.651485,13.699461,4.399574,1.043996
S065,S065,15,122,1.9239,0.0,0.0,97.540984,8.660056,8.688412,8.567604,1.085676
S065,S065,16,122,1.9239,0.0,0.0,89.344262,6.237439,6.213022,32.539353,1.325394
S065,S065,17,122,1.9239,27.04918,50.0,25.409836,2.25321,3.639199,28.246611,1.282466
S065,S065,18,122,1.9239,59.016393,0.0,1.639344,2.928198,4.782252,703.732527,8.037325
S065,S065,19,122,1.9239,66.393443,0.0,0.819672,2.986636,5.717553,1162.068966,12.62069
S066,S066,6,122,5.45,84.42623,0.0,7.377049,3.470649,1.09239,1233.333333,13.333333
S066,S066,7,122,5.45,22.131148,0.0,58.196721,3.475933,3.662676,6.457243,1.064572
S066,S066,8,122,5.45,0.0,0.0,96.721311,6.519529,6.407898,16.870327,1.168703
S066,S066,9,122,5.45,0.819672,0.0,99.180328,10.604507,10.32452,9.792434,1.097924
S066,S066,10,122,5.45,0.0,0.0,100.0,13.474105,13.474105,20.494413,1.204944
S066,S066,11,122,5.45,0.0,0.0,100.0,17.273627,17.273627,26.355715,1.263557
S066,S066,12,122,5.45,0.0,0.0,100.0,17.894568,17.894568,30.464868,1.304649
S066,S066,13,122,5.45,0.0,0.0,100.0,17.371782,17.371782,29.811266,1.298113
S066,S066,14,122,5.45,0.819672,0.0,99.180328,15.028052,14.359344,33.69778,1.336978
S066,S066,15,122,5.45,0.819672,0.0,99.180328,9.576511,9.332087,25.155962,1.25156
S066,S066,16,122,5.45,0.819672,0.0,95.901639,6.744484,6.380961,49.808025,1.49808
S066,S066,17,122,5.45,50.819672,52.459016,33.606557,2.604492,3.789249,4.136239,1.041362
S066,S066,18,122,5.45,89.344262,0.0,6.557377,3.511595,0.983835,1434.591195,15.345912
S066,S066,19,122,5.45,100.0,0.0,0.0,3.669725,,,
S068,S068,6,122,1.223,94.262295,0.0,0.0,2.402193,,3227.272727,33.272727
S068,S068,7,122,1.223,40.163934,0.0,19.672131,3.401839,6.585303,6.293298,1.062933
S068,S068,8,122,1.223,4.098361,0.0,73.770492,4.466605,4.49893,-0.718923,0.992811
S068,S068,9,122,1.223,0.819672,0.0,90.983607,7.255446,7.524115,-1.085238,0.989148
S068,S068,10,122,1.223,0.819672,0.0,94.262295,9.044011,9.232338,5.928576,1.059286
S068,S068,11,122,1.223,0.0,0.0,96.721311,11.139812,11.261035,5.882657,1.058827
S068,S068,12,122,1.223,0.0,0.0,95.901639,11.28504,11.410786,7.966682,1.079667
S068,S068,13,122,1.223,0.0,0.0,96.721311,12.05604,12.100394,6.209885,1.062099
S068,S068,14,122,1.223,0.0,0.0,92.622951,10.886356,11.094471,11.539665,1.115397
S068,S068,15,122,1.223,0.0,0.0,86.065574,7.753712,7.886963,15.750419,1.157504
S068,S068,16,122,1.223,3.278689,0.0,54.098361,4.311732,4.749786,24.486266,1.244863
S068,S068,17,122,1.223,57.377049,51.639344,14.754098,1.989302,2.977467,34.906514,1.349065
S068,S068,18,122,1.223,90.983607,0.0,0.0,2.356125,,1255.555556,13.555556
S068,S068,19,122,1.223,100.0,0.0,0.0,2.452984,,,
S069,S069,6,122,3.0,100.0,100.0,0.0,0.0,,,
S069,S069,7,122,3.0,100.0,99.180328,0.0,1.093299,,,
S069,S069,8,122,3.0,100.0,0.0,0.0,8.89695,,,
S069,S069,9,122,3.0,100.0,0.0,0.0,16.875499,,,
S069,S069,10,122,3.0,100.0,0.0,0.0,21.386107,,,
S069,S069,11,122,3.0,100.0,0.0,0.0,25.094979,,,
S069,S069,12,122,3.0,100.0,0.0,0.0,27.288554,,,
S069,S069,13,122,3.0,100.0,0.0,0.0,26.232101,,,
S069,S069,14,122,3.0,100.0,0.0,0.0,20.807049,,,
S069,S069,15,122,3.0,100.0,0.0,0.0,16.19332,,,
S069,S069,16,122,3.0,100.0,0.0,0.0,8.394086,,,
S069,S069,17,122,3.0,100.0,50.0,0.0,2.483472,,,
S069,S069,18,122,3.0,100.0,98.360656,0.0,0.442966,,,
S069,S069,19,122,3.0,100.0,100.0,0.0,0.0,,,
S070,S070,6,122,2.1,100.0,0.0,0.0,1.428571,,,
S070,S070,7,122,2.1,59.016393,0.0,19.672131,2.740303,5.631957,1.515666,1.015157
S070,S070,8,122,2.1,3.278689,0.0,84.42623,3.765035,3.849993,16.66775,1.166678
S070,S070,9,122,2.1,0.819672,0.0,90.163934,6.780444,6.973964,8.840107,1.088401
S070,S070,10,122,2.1,0.0,0.0,95.081967,9.699611,9.774653,8.724475,1.087245
S070,S070,11,122,2.1,0.0,0.0,97.540984,10.028355,10.135799,5.928853,1.059289
S070,S070,12,122,2.1,0.0,0.0,98.360656,10.441776,10.51946,7.573474,1.075735
S070,S070,13,122,2.1,0.0,0.0,95.901639,11.410208,11.555596,7.264105,1.072641
S070,S070,14,122,2.1,0.0,0.0,93.442623,8.934596,9.108297,9.853237,1.098532
S070,S070,15,122,2.1,0.819672,0.0,94.262295,7.180414,7.321257,7.650029,1.0765
S070,S070,16,122,2.1,1.639344,0.0,82.786885,4.869615,5.165541,15.506447,1.155064
S070,S070,17,122,2.1,50.819672,52.459016,22.95082,1.419047,2.350005,12.643299,1.126433
S070,S070,18,122,2.1,90.163934,0.0,0.819672,1.376895,1.904762,976.470588,10.764706
S070,S070,19,122,2.1,100.0,0.0,0.0,1.428571,,,
S071,S071,6,122,20.0,32.786885,0.0,60.655738,16.482588,21.15,-92.574785,0.074252
S071,S071,7,122,20.0,27.868852,0.0,70.491803,16.516847,19.662187,-92.40984,0.075902
S071,S071,8,122,20.0,2.459016,0.0,91.803279,13.562154,14.153401,-66.77947,0.332205
S071,S071,9,122,20.0,1.639344,0.0,95.081967,9.738402,9.798865,-26.508636,0.734914
S071,S071,10,122,20.0,1.639344,0.0,95.901639,9.441827,9.137711,-5.058737,0.949413
S071,S071,11,122,20.0,1.639344,0.0,97.540984,10.279177,9.715909,4.08149,1.040815
S071,S071,12,122,20.0,1.639344,0.0,98.360656,11.37083,10.773272,8.473423,1.084734
S071,S071,13,122,20.0,1.639344,0.0,98.360656,10.01425,9.425174,2.342652,1.023427
S071,S071,14,122,20.0,1.639344,0.0,97.540984,9.681537,9.15542,-11.953695,0.880463
S071,S071,15,122,20.0,1.639344,0.0,93.442623,10.445562,10.540555,-35.774622,0.642254
S071,S071,16,122,20.0,1.639344,0.0,89.344262,13.868857,14.650804,-68.604534,0.313955
S071,S071,17,122,20.0,27.04918,0.0,68.032787,16.273693,19.708515,-88.73622,0.112638
S071,S071,18,122,20.0,31.967213,0.0,60.655738,16.482405,21.15,-92.576818,0.074232
S071,S071,19,122,20.0,39.344262,0.0,60.655738,16.483938,21.15,-92.556891,0.074431
S072,S072,6,122,3.125,88.52459,0.0,0.819672,2.460356,0.32,1707.407407,18.074074
S072,S072,7,122,3.125,20.491803,0.0,46.721311,4.477185,6.184725,-22.176716,0.778233
S072,S072,8,122,3.125,0.819672,0.0,91.803279,8.99468,9.274241,-19.475937,0.805241
S072,S072,9,122,3.125,0.0,0.0,93.442623,14.654602,14.914706,-9.053916,0.909461
S072,S072,10,122,3.125,0.0,0.0,99.180328,15.494237,15.55721,-4.968765,0.950312
S072,S072,11,122,3.125,0.0,0.0,99.180328,17.617763,17.688275,-13.298028,0.86702
S072,S072,12,122,3.125,0.0,0.0,98.360656,18.70202,18.824385,-14.128373,0.858716
S072,S072,13,122,3.125,0.0,0.0,100.0,19.627872,19.627872,-15.008995,0.84991
S072,S072,14,122,3.125,0.0,0.0,100.0,16.534997,16.534997,-14.608719,0.853913
S072,S072,15,122,3.125,0.0,0.0,98.360656,12.028859,12.024326,-12.55966,0.874403
S072,S072,16,122,3.125,1.639344,0.0,90.163934,5.158648,5.181316,14.096136,1.140961
S072,S072,17,122,3.125,46.721311,51.639344,31.147541,1.741066,2.414966,22.619343,1.226193
S072,S072,18,122,3.125,90.983607,0.0,1.639344,2.472437,0.452548,1741.509434,18.415094
S072,S072,19,122,3.125,100.0,0.0,0.0,2.56,,,
S073,S073,6,122,15.0,78.688525,0.0,1.639344,1.260829,1.0,793.772894,8.937729
S073,S073,7,122,15.0,14.754098,0.0,45.901639,5.001697,7.313279,-63.407319,0.365927
S073,S073,8,122,15.0,0.0,0.0,95.081967,6.871977,7.016241,-22.136849,0.778632
S073,S073,9,122,15.0,0.0,0.0,97.540984,9.738407,9.848234,-18.954952,0.81045
S073,S073,10,122,15.0,0.0,0.0,100.0,13.08245,13.08245,-21.660683,0.783393
S073,S073,11,122,15.0,0.0,0.0,100.0,15.841837,15.841837,-23.442938,0.765571
S073,S073,12,122,15.0,0.0,0.0,99.180328,15.496406,15.535645,-21.939101,0.780609
S073,S073,13,122,15.0,0.0,0.0,100.0,13.90024,13.90024,-21.665738,0.783343
S073,S073,14,122,15.0,0.0,0.0,100.0,12.775575,12.775575,-17.348436,0.826516
S073,S073,15,122,15.0,0.0,0.0,97.540984,8.5945,8.681931,-15.988941,0.840111
S073,S073,16,122,15.0,0.0,0.0,93.442623,4.302004,4.436382,-15.26753,0.847325
S073,S073,17,122,15.0,34.42623,51.639344,28.688525,2.654366,4.908701,-30.923366,0.690766
S073,S073,18,122,15.0,82.786885,0.0,3.278689,1.290896,1.185093,787.272727,8.872727
S073,S073,19,122,15.0,96.721311,0.0,0.0,1.326307,,9660.0,97.6
S074,S074,6,122,4.0,86.065574,100.0,0.0,0.469347,,-100.0,0.0
S074,S074,7,122,4.0,19.672131,99.180328,47.540984,5.63989,8.123105,-97.260982,0.02739
S074,S074,8,122,4.0,0.819672,51.639344,90.983607,8.475744,8.760435,-36.828982,0.63171
S074,S074,9,122,4.0,0.0,12.295082,97.540984,8.607115,8.71213,-1.386278,0.986137
S074,S074,10,122,4.0,0.0,4.098361,99.180328,10.823302,10.86677,3.205315,1.032053
S074,S074,11,122,4.0,0.0,4.098361,100.0,12.454591,12.454591,1.883499,1.018835
S074,S074,12,122,4.0,0.0,3.278689,99.180328,12.663683,12.714909,-2.648311,0.973517
S074,S074,13,122,4.0,0.0,2.459016,100.0,12.98798,12.98798,-2.024253,0.979757
S074,S074,14,122,4.0,0.0,3.278689,97.540984,13.454239,13.536199,-1.91263,0.980874
S074,S074,15,122,4.0,0.0,9.016393,95.081967,8.615841,8.785822,-4.351325,0.956487
S074,S074,16,122,4.0,0.0,15.57377,90.163934,5.245452,5.33096,-3.941673,0.960583
S074,S074,17,122,4.0,51.639344,78.688525,22.131148,2.002352,4.004024,-31.705646,0.682944
S074,S074,18,122,4.0,91.803279,100.0,0.819672,0.390066,2.25,-100.0,0.0
S074,S074,19,122,4.0,100.0,100.0,0.0,0.0,,,
S075,S075,6,122,2.63,88.52459,100.0,0.0,0.389466,,-100.0,0.0
S075,S075,7,122,2.63,22.95082,98.360656,30.327869,4.394094,7.840431,-93.226351,0.067736
S075,S075,8,122,2.63,0.0,57.377049,87.704918,7.309394,7.792636,-38.817198,0.611828
S075,S075,9,122,2.63,0.0,13.114754,90.163934,8.937739,9.096113,0.737441,1.007374
S075,S075,10,122,2.63,0.0,4.098361,95.081967,11.393196,11.258863,10.402871,1.104029
S075,S075,11,122,2.63,0.0,4.098361,98.360656,13.121209,13.228962,0.841324,1.008413
S075,S075,12,122,2.63,0.0,3.278689,97.540984,13.914339,14.05606,5.509133,1.055091
S075,S075,13,122,2.63,0.0,3.278689,99.180328,14.971635,14.902913,7.384198,1.073842
S075,S075,14,122,2.63,0.0,4.918033,95.081967,12.627658,12.77826,8.220445,1.082204
S075,S075,15,122,2.63,0.0,10.655738,94.262295,8.145634,8.17664,5.747569,1.057476
S075,S075,16,122,2.63,0.0,18.852459,82.786885,4.483618,4.704274,7.766374,1.077664
S075,S075,17,122,2.63,49.180328,80.327869,18.032787,1.573277,2.970452,-17.679109,0.823209
S075,S075,18,122,2.63,89.344262,99.180328,0.0,0.430264,,-72.639507,0.273605
S075,S075,19,122,2.63,100.0,100.0,0.0,0.0,,,
S076,S076,6,122,5.0,100.0,0.0,0.0,3.4,,,
S076,S076,7,122,5.0,100.0,0.0,0.0,3.636799,,,
S076,S076,8,122,5.0,100.0,0.0,0.0,11.502403,,,
S076,S076,9,122,5.0,100.0,0.0,0.0,20.494633,,,
S076,S076,10,122,5.0,100.0,0.0,0.0,29.756091,,,
S076,S076,11,122,5.0,100.0,0.0,0.0,34.560577,,,
S076,S076,12,122,5.0,100.0,0.0,0.0,37.679749,,,
S076,S076,13,122,5.0,100.0,0.0,0.0,33.323994,,,
S076,S076,14,122,5.0,100.0,0.0,0.0,28.770347,,,
S076,S076,15,122,5.0,100.0,0.0,0.0,19.612796,,,
S076,S076,16,122,5.0,100.0,0.0,0.0,10.450736,,,
S076,S076,17,122,5.0,100.0,50.0,0.0,4.136259,,,
S076,S076,18,122,5.0,100.0,0.0,0.0,3.462839,,,
S076,S076,19,122,5.0,100.0,0.0,0.0,3.4,,,
S077,S077,6,122,0.901,100.0,0.0,0.0,2.219756,,,
S077,S077,7,122,0.901,100.0,0.0,0.0,2.375218,,,
S077,S077,8,122,0.901,100.0,0.0,0.0,2.641171,,,
S077,S077,9,122,0.901,100.0,0.0,0.0,4.402511,,,
S077,S077,10,122,0.901,100.0,0.0,0.0,5.228012,,,
S077,S077,11,122,0.901,100.0,0.0,0.0,5.593409,,,
S077,S077,12,122,0.901,100.0,0.0,0.0,5.941526,,,
S077,S077,13,122,0.901,100.0,0.0,0.0,5.623201,,,
S077,S077,14,122,0.901,100.0,0.0,0.0,4.449382,,,
S077,S077,15,122,0.901,100.0,0.0,0.0,3.025975,,,
S077,S077,16,122,0.901,100.0,0.0,0.0,1.956558,,,
S077,S077,17,122,0.901,100.0,52.459016,0.0,1.991284,,,
S077,S077,18,122,0.901,100.0,0.0,0.0,2.219756,,,
S077,S077,19,122,0.901,100.0,0.0,0.0,2.219756,,,
S115,S115,6,122,7.0,100.0,100.0,0.0,0.0,,,
S115,S115,7,122,7.0,36.885246,100.0,42.622951,14.469433,22.143938,-100.0,0.0
S115,S115,8,122,7.0,16.393443,0.0,78.688525,16.368513,15.365799,31.610391,1.316104
S115,S115,9,122,7.0,12.295082,0.0,82.786885,23.601609,20.713446,30.52716,1.305272
S115,S115,10,122,7.0,11.47541,0.0,87.704918,31.312439,27.528661,44.369439,1.443694
S115,S115,11,122,7.0,10.655738,0.0,86.885246,33.769644,28.672249,27.769545,1.277695
S115,S115,12,122,7.0,10.655738,0.0,87.704918,35.710823,30.436642,35.349207,1.353492
S115,S115,13,122,7.0,9.016393,0.0,90.163934,32.760994,29.179268,34.035672,1.340357
S115,S115,14,122,7.0,8.196721,0.0,88.52459,29.350058,25.475937,39.232031,1.39232
S115,S115,15,122,7.0,7.377049,0.0,91.803279,21.468452,19.98942,24.437065,1.244371
S115,S115,16,122,7.0,11.47541,0.0,83.606557,17.170373,16.669265,42.021093,1.420211
S115,S115,17,122,7.0,54.918033,100.0,31.967213,15.760731,27.859932,-100.0,0.0
S115,S115,18,122,7.0,84.42623,100.0,9.836066,14.352677,45.75558,-100.0,0.0
S115,S115,19,122,7.0,100.0,100.0,0.0,0.0,,,
S116,S116,6,122,22.0,89.344262,100.0,0.819672,0.410661,4.045455,-100.0,0.0
S116,S116,7,122,22.0,21.311475,100.0,41.803279,5.553299,8.540525,-100.0,0.0
S116,S116,8,122,22.0,0.0,0.0,93.442623,11.657355,10.902267,32.480146,1.324801
S116,S116,9,122,22.0,0.0,0.0,98.360656,18.146917,17.764853,12.578629,1.125786
S116,S116,10,122,22.0,0.0,0.0,98.360656,25.352433,24.719872,25.064733,1.250647
S116,S116,11,122,22.0,0.0,0.0,100.0,27.142574,27.142574,16.995781,1.169958
S116,S116,12,122,22.0,0.0,0.0,100.0,27.777468,27.777468,14.328503,1.143285
S116,S116,13,122,22.0,0.0,0.0,99.180328,26.636824,26.261852,15.538204,1.155382
S116,S116,14,122,22.0,0.0,0.0,98.360656,24.681837,24.061834,27.918393,1.279184
S116,S116,15,122,22.0,0.0,0.0,100.0,19.468003,19.468003,36.963446,1.369634
S116,S116,16,122,22.0,0.0,0.0,91.803279,11.739986,11.013447,68.447454,1.684475
S116,S116,17,122,22.0,18.852459,100.0,27.868852,4.006889,7.503674,-100.0,0.0
S116,S116,18,122,22.0,77.868852,100.0,3.278689,0.586681,2.50062,-100.0,0.0
S116,S116,19,122,22.0,99.180328,100.0,0.0,0.012346,,-100.0,0.0
