site_full_name,site_short_name,dev_type,scheduler_type,capacity_mw,design_capacity_mw,lon,lat,county,install_type_raw,commission_date,station_status,group_name,tracking_type,cell_type,grid_mode,source_name,site_name_norm,install_group,coastal_flag,capacity_bucket,src_priority,site_id,has_geo,geo_source,geo_confidence,geo_note,longitude,latitude
智邦纺织光伏电站,智邦纺织光伏,分布式,地调,5.99,5.99,119.260101,34.257925,灌云县,屋顶,2026-02-09,运行,无,固定式,单晶硅,全额自用,dist_ledger,智邦纺织光伏,rooftop,0,medium,0,S001,1,,,,119.260101,34.257925
华筑泰宝光伏电站,华筑泰宝光伏,分布式,地调,3.3,3.3,119.293554,34.711837,连云区,屋顶,2025-04-29,运行,无,固定式,单晶硅,全额上网,dist_ledger,华筑泰宝光伏,rooftop,1,small,0,S002,1,,,,119.293554,34.711837
京运通西湖光伏电站,京运通西湖光伏电站,分布式,地调,4.1667,4.1667,118.72778,34.51139,东海县,屋顶,2016-09-30,运行,北京京运通科技股份有限公司,固定式,多晶硅,自发自用余电上网,dist_ledger,京运通西湖,rooftop,0,small,0,S003,1,,,,118.72778,34.51139
旭樱东堡光伏电站,旭樱东堡光伏,分布式,地调,3.97,3.97,119.314178,34.727811,连云区,屋顶,2025-04-23,运行,无,固定式,单晶硅,全额上网,dist_ledger,旭樱东堡光伏,rooftop,1,small,0,S004,1,,,,119.314178,34.727811
华之检恒邦光伏电站,华之检恒邦光伏,分布式,地调,7.04,7.04,119.261944,34.258333,灌云县,屋顶,2023-12-29,运行,无,固定式,单晶硅,自发自用余电上网,dist_ledger,华之检恒邦光伏,rooftop,0,medium,0,S005,1,,,,119.261944,34.258333
沐恒石湖光伏电站,沐恒石湖光伏,分布式,地调,5.0,5.0,118.701168,34.490323,东海县,屋顶,2025-04-27,运行,无,固定式,单晶硅,全额上网,dist_ledger,沐恒石湖光伏,rooftop,0,medium,0,S006,1,,,,118.701168,34.490323
林洋朝阳光伏电站,林洋朝阳光伏,分布式,地调,22.0,22.0,119.25,34.68333,连云区,地面,2016-07-21,运行,江苏林洋能源股份有限公司,固定式,单晶硅,全额上网,dist_ledger,林洋朝阳光伏,ground,1,large,0,S007,1,,,,119.25,34.68333
协鑫盛昌光伏电站,协鑫盛昌光伏,分布式,地调,3.172,3.172,119.267567,34.336619,灌云县,屋顶,2025-03-29,运行,协鑫集团,固定式,单晶硅,全额上网,dist_ledger,协鑫盛昌光伏,rooftop,0,small,0,S008,1,,,,119.267567,34.336619
华电金叶光伏电站,华电金叶光伏,分布式,地调,5.25,5.25,119.233484,35.075689,赣榆区,屋顶,2024-10-18,运行,华电集团,固定式,单晶硅,全额上网,dist_ledger,华电金叶光伏,rooftop,1,medium,0,S009,1,,,,119.233484,35.075689
易睐珂浦南光伏发电站,易睐珂浦南光伏,分布式,地调,2.0,2.0,119.12417,34.62806,海州区,屋顶,2017-06-29,运行,连云港易睐珂新能源有限公司,固定式,单晶硅,全额上网,dist_ledger,易睐珂浦南光伏,rooftop,0,small,0,S010,1,,,,119.12417,34.62806
中森西苑光伏电站,中森西苑光伏,分布式,地调,2.323,2.323,119.23,34.265,灌云县,屋顶,2017-12-29,运行,灌云中森太阳能科技有限公司,固定式,多晶硅,全额上网,dist_ledger,中森西苑光伏,rooftop,0,small,0,S011,1,,,,119.23,34.265
泰富如意情光伏电站,泰富如意情光伏,分布式,地调,17.55,17.55,118.697846,34.507682,东海县,屋顶,2025-04-30,运行,无,固定式,单晶硅,自发自用余电上网,dist_ledger,泰富如意情光伏,rooftop,0,medium,0,S012,1,,,,118.697846,34.507682
鑫众墩尚光伏发电站,鑫众墩尚光伏,分布式,地调,7.0,7.0,119.18306,34.71778,赣榆区,地面及鱼塘,2018-11-29,运行,协鑫新能源控股有限公司,固定式,多晶硅,全额上网,dist_ledger,鑫众墩尚光伏,ground,1,medium,0,S013,1,,,,119.18306,34.71778
鲲鹏昇昌光伏电站,鲲鹏昇昌光伏,分布式,地调,5.1,5.1,119.724032,34.444819,灌云县,屋顶,2025-04-28,运行,无,固定式,单晶硅,全额上网,dist_ledger,鲲鹏昇昌光伏,rooftop,0,medium,0,S014,1,,,,119.724032,34.444819
振江轨道交通光伏电站,振江轨道交通光伏,分布式,地调,9.73,9.73,119.220196,34.266578,灌云县,屋顶,2024-08-30,运行,无,固定式,单晶硅,自发自用余电上网,dist_ledger,振江轨道交通光伏,rooftop,0,medium,0,S015,1,,,,119.220196,34.266578
衡航亚新光伏电站,衡航亚新光伏,分布式,地调,8.5,8.5,119.783505,34.419149,灌南县,屋顶,2025-04-30,运行,无,固定式,单晶硅,自发自用余电上网,dist_ledger,衡航亚新光伏,rooftop,0,medium,0,S016,1,,,,119.783505,34.419149
富云四队光伏电站,富云四队光伏,分布式,地调,0.954,0.954,119.47,34.41,灌云县,地面,2017-09-28,运行,连云港富云新能源有限公司,水平单轴,多晶硅,全额上网,dist_ledger,富云四队光伏,ground,0,small,0,S017,1,,,,119.47,34.41
国能百菇源光伏电站,国能百菇源光伏,分布式,地调,5.1,5.1,119.352367,34.550936,灌云县,屋顶,2024-02-28,运行,国能集团,固定式,单晶硅,自发自用余电上网,dist_ledger,国能百菇源光伏,rooftop,0,medium,0,S018,1,,,,119.352367,34.550936
首耀新海光伏电站,首耀新海光伏,分布式,地调,3.0,3.0,119.25,34.53028,海州区,屋顶,2017-12-30,运行,连云港市首耀新能源科技有限公司,固定式,单晶硅,全额上网,dist_ledger,首耀新海光伏,rooftop,0,small,0,S019,1,,,,119.25,34.53028
国能赫睿光伏电站,国能赫睿光伏,分布式,地调,3.8,3.8,119.227957,35.070259,赣榆区,屋顶,2024-12-27,运行,国能,固定式,单晶硅,全额上网,dist_ledger,国能赫睿光伏,rooftop,1,small,0,S020,1,,,,119.227957,35.070259
国能鑫江源光伏电站,国能鑫江源光伏,分布式,地调,2.2,2.2,119.241791,35.062244,赣榆区,屋顶,2025-04-09,运行,无,固定式,单晶硅,全额上网,dist_ledger,国能鑫江源光伏,rooftop,1,small,0,S021,1,,,,119.241791,35.062244
浦西光伏电站,浦西光伏电站,分布式,地调,3.24,3.24,119.098121,34.597054,海州区,屋顶,2011-12-29,运行,中国大唐集团,固定式,多晶硅,全额上网,dist_ledger,浦西,rooftop,0,small,0,S022,1,,,,119.098121,34.597054
连洋徐圩光伏发电站,连洋徐圩光伏,分布式,地调,16.37,16.37,119.521793,34.575091,连云区,屋顶,2017-06-27,运行,江苏品和新能源发展有限公司,固定式,多晶硅,全额上网,dist_ledger,连洋徐圩光伏,rooftop,1,medium,0,S023,1,,,,119.521793,34.575091
兴怡紧固件光伏电站,兴怡紧固件光伏,分布式,地调,5.99,5.99,119.167317,34.901261,赣榆区,屋顶,2023-07-27,运行,无,固定式,单晶硅,自发自用余电上网,dist_ledger,兴怡紧固件光伏,rooftop,1,medium,0,S024,1,,,,119.167317,34.901261
夏源银得隆光伏电站,夏源银得隆光伏,分布式,地调,5.65,5.65,119.258124,34.099471,灌南县,屋顶,2024-05-13,运行,灌南夏源新能源科技有限公司,固定式,单晶硅,全额上网,dist_ledger,夏源银得隆光伏,rooftop,0,medium,0,S025,1,,,,119.258124,34.099471
京运通牛山光伏电站,京运通牛山光伏电站,分布式,地调,2.6,2.6,118.74,34.5,东海县,屋顶,2017-12-29,运行,北京京运通科技股份有限公司,固定式,多晶硅,自发自用余电上网,dist_ledger,京运通牛山,rooftop,0,small,0,S026,1,,,,118.74,34.5
林洋伊山光伏电站,林洋伊山光伏,分布式,地调,22.0,22.0,119.21,34.31667,灌云县,屋顶,2016-06-11,运行,江苏林洋能源股份有限公司,固定式,单晶硅,全额上网,dist_ledger,林洋伊山光伏,rooftop,0,large,0,S027,1,,,,119.21,34.31667
华能星耀光伏电站,华能星耀光伏,分布式,地调,3.14,3.14,119.242254,34.271901,灌云县,屋顶,2024-10-18,运行,华能集团,固定式,单晶硅,全额上网,dist_ledger,华能星耀光伏,rooftop,0,small,0,S028,1,,,,119.242254,34.271901
协鑫曲阳光伏发电站,协鑫曲阳光伏电站,分布式,地调,20.0,20.0,118.719599,34.441605,东海县,鱼塘,2015-12-09,运行,国家电投集团,固定式,单晶硅,全额上网,dist_ledger,协鑫曲阳,other,0,large,0,S029,1,,,,118.719599,34.441605
中森侍庄光伏发电站,中森侍庄光伏,分布式,地调,2.9,2.9,119.24,34.25,灌云县,屋顶,2017-06-26,运行,江苏林洋能源股份有限公司,固定式,单晶硅,全额上网,dist_ledger,中森侍庄光伏,rooftop,0,small,0,S030,1,,,,119.24,34.25
富云杨集光伏电站,富云杨集光伏,分布式,地调,0.9222,0.9222,119.49,34.31028,灌云县,地面,2017-06-29,运行,连云港富云新能源有限公司,水平单轴,多晶硅,全额上网,dist_ledger,富云杨集光伏,ground,0,small,0,S031,1,,,,119.49,34.31028
华能中林光伏电站,华能中林光伏,分布式,地调,9.335,9.335,119.767511,32.488611,灌云县,屋顶,2023-12-13,运行,华能集团,固定式,单晶硅,自发自用余电上网,dist_ledger,华能中林光伏,rooftop,0,medium,0,S032,1,,,,119.767511,32.488611
天瀚万发光伏电站,天瀚万发光伏,分布式,地调,5.688,5.688,119.142248,34.661766,海州区,屋顶,2025-03-12,运行,无,固定式,单晶硅,全额上网,dist_ledger,天瀚万发光伏,rooftop,0,medium,0,S033,1,,,,119.142248,34.661766
建魄俊达光伏电站,建魄俊达光伏,分布式,地调,3.496,3.496,119.713647,34.432424,灌云县,屋顶,2025-05-09,运行,无,固定式,单晶硅,自发自用余电上网,dist_ledger,建魄俊达光伏,rooftop,0,small,0,S034,1,,,,119.713647,34.432424
国能品品鲜光伏电站,国能品品鲜光伏,分布式,地调,5.296,5.296,119.237411,34.259864,灌云县,屋顶,2023-09-27,运行,国能,固定式,单晶硅,自发自用余电上网,dist_ledger,国能品品鲜光伏,rooftop,0,medium,0,S035,1,,,,119.237411,34.259864
新朗启创光伏电站,新朗启创光伏,分布式,地调,2.97,2.97,119.234427,34.713338,连云区,屋顶,2025-04-30,运行,无,固定式,单晶硅,自发自用余电上网,dist_ledger,新朗启创光伏,rooftop,1,small,0,S036,1,,,,119.234427,34.713338
华能中林三期光伏电站,华能中林三期光伏,分布式,地调,5.946,5.946,119.755537,34.502521,灌云县,屋顶,2025-04-27,运行,华能集团,固定式,单晶硅,自发自用余电上网,dist_ledger,华能中林三期光伏,rooftop,0,medium,0,S037,1,,,,119.755537,34.502521
衡诚天晴光伏电站,衡诚天晴光伏,分布式,地调,1.672,1.672,119.201559,34.549705,海州区,车棚,2025-04-28,运行,无,固定式,单晶硅,自发自用余电上网,dist_ledger,衡诚天晴光伏,other,0,small,0,S038,1,,,,119.201559,34.549705
沐恒腾东光伏电站,沐恒腾东光伏,分布式,地调,3.45,3.45,118.786288,34.540131,东海县,屋顶,2025-04-30,运行,无,固定式,单晶硅,全额上网,dist_ledger,沐恒腾东光伏,rooftop,0,small,0,S039,1,,,,118.786288,34.540131
华电苏班光伏电站,华电苏班光伏,分布式,地调,5.96,5.96,118.893734,34.890817,赣榆区,屋顶,2025-04-11,运行,华电集团,固定式,单晶硅,全额上网,dist_ledger,华电苏班光伏,rooftop,1,medium,0,S040,1,,,,118.893734,34.890817
交控赣榆南光伏电站,交控赣榆南光伏,分布式,地调,2.2,2.2,119.106206,34.768953,赣榆区,地面,2023-12-30,运行,无,固定式,单晶硅,全额上网,dist_ledger,交控赣榆南光伏,ground,1,small,0,S041,1,,,,119.106206,34.768953
国能联合动力光伏电站,国能联合动力光伏,分布式,地调,3.724,3.724,119.221773,34.703167,连云区,屋顶,2024-11-22,运行,国家能源集团,固定式,单晶硅,自发自用余电上网,dist_ledger,国能联合动力光伏,rooftop,1,small,0,S042,1,,,,119.221773,34.703167
博爱东海光伏发电站,博爱东海光伏,分布式,地调,0.9,0.9,118.77222,34.55306,东海县,屋顶,2017-06-29,运行,连云港博爱新能源科技有限公司1400,固定式,多晶硅,全额上网,dist_ledger,博爱东海光伏,rooftop,0,small,0,S043,1,,,,118.77222,34.55306
国能汇菇源光伏电站,国能汇菇源光伏,分布式,地调,8.492,8.492,119.207928,34.327352,灌云县,屋顶,2025-03-04,运行,无,固定式,单晶硅,自发自用余电上网,dist_ledger,国能汇菇源光伏,rooftop,0,medium,0,S044,1,,,,119.207928,34.327352
华能华兴光伏电站,华能华兴光伏,分布式,地调,2.915,2.915,119.689925,34.497101,灌云县,屋顶,2024-11-27,运行,华能集团,固定式,单晶硅,全额上网,dist_ledger,华能华兴光伏,rooftop,0,small,0,S045,1,,,,119.689925,34.497101
国能新易春光伏电站,国能新易春光伏,分布式,地调,4.25,4.25,119.076854,35.015457,赣榆区,屋顶,2024-12-14,运行,国能,固定式,单晶硅,全额上网,dist_ledger,国能新易春光伏,rooftop,1,small,0,S046,1,,,,119.076854,35.015457
汇九齿轮光伏发电站,汇九齿轮光伏电站,分布式,地调,4.8,4.8,119.23748,34.26355,灌云县,屋顶,2023-05-20,运行,无,固定式,多晶硅,自发自用余电上网,dist_ledger,汇九齿轮,rooftop,0,small,0,S047,1,,,,119.23748,34.26355
卓贵光之明光伏电站,卓贵光之明光伏,分布式,地调,4.0,4.0,119.290512,34.717851,连云区,屋顶,2025-04-29,运行,无,固定式,单晶硅,全额上网,dist_ledger,卓贵光之明光伏,rooftop,1,small,0,S048,1,,,,119.290512,34.717851
华能灌云光伏发电站,华能灌云光伏,分布式,地调,14.1,14.1,119.7,34.41667,灌云县,屋顶,2017-06-27,运行,中国华能集团公司,固定式,单晶硅,全额上网,dist_ledger,华能灌云光伏,rooftop,0,medium,0,S049,1,,,,119.7,34.41667
沐恒东海产业园光伏电站,沐恒东海产业园光伏,分布式,地调,2.55,2.55,118.710548,34.510364,东海县,屋顶,2025-04-30,运行,无,固定式,单晶硅,全额上网,dist_ledger,沐恒东海产业园光伏,rooftop,0,small,0,S050,1,,,,118.710548,34.510364
鲲鹏德宇光伏电站,鲲鹏德宇光伏,分布式,地调,5.025,5.025,119.236371,34.257845,灌云县,屋顶,2025-04-28,运行,无,固定式,单晶硅,全额上网,dist_ledger,鲲鹏德宇光伏,rooftop,0,medium,0,S051,1,,,,119.236371,34.257845
鹰游新立成二期光伏电站,鹰游新立成二期光伏,分布式,地调,6.08,6.08,119.253067,34.258786,灌云县,屋顶,2024-08-20,运行,无,固定式,单晶硅,自发自用余电上网,dist_ledger,鹰游新立成二期光伏,rooftop,0,medium,0,S052,1,,,,119.253067,34.258786
鹰游新立成光伏发电站,鹰游新立成光伏电站,分布式,地调,13.33,13.33,119.25,34.26,灌云县,屋顶,2022-12-31,运行,,固定式,单晶硅,自发自用余电上网,dist_ledger,鹰游新立成,rooftop,0,medium,0,S053,1,,,,119.25,34.26
鸿天伍江光伏电站,鸿天伍江光伏,分布式,地调,11.272,11.272,119.303406,34.719659,连云区,屋顶,2025-01-15,运行,无,固定式,单晶硅,全额上网,dist_ledger,鸿天伍江光伏,rooftop,1,medium,0,S054,1,,,,119.303406,34.719659
沐恒曲阳光伏电站,沐恒曲阳光伏,分布式,地调,4.0,4.0,118.743347,34.457824,东海县,屋顶,2025-04-29,运行,无,固定式,单晶硅,全额上网,dist_ledger,沐恒曲阳光伏,rooftop,0,small,0,S055,1,,,,118.743347,34.457824
昱中科技光伏电站,昱中科技光伏,分布式,地调,3.15,3.15,119.314389,34.718353,连云区,屋顶,2025-04-23,运行,无,固定式,单晶硅,全额上网,dist_ledger,昱中科技光伏,rooftop,1,small,0,S056,1,,,,119.314389,34.718353
欧翔神舟光伏电站,欧翔神舟光伏电站,分布式,地调,2.358,2.358,119.11667,34.8,赣榆区,屋顶,2022-06-07,运行,江苏欧翔新能源有限公司,固定式,单晶硅,自发自用余电上网,dist_ledger,欧翔神舟,rooftop,1,small,0,S057,1,,,,119.11667,34.8
远途大浦光伏电站,远途大浦光伏电站,分布式,地调,5.99,5.99,119.21,34.63306,连云区,屋顶,2018-06-27,运行,北京京运通科技股份有限公司,固定式,多晶硅,自发自用余电上网,dist_ledger,远途大浦,rooftop,1,medium,0,S058,1,,,,119.21,34.63306
首耀清墩光伏电站,首耀清墩光伏,分布式,地调,2.0,2.0,119.20028,34.53028,海州区,屋顶,2017-12-30,运行,连云港市首耀新能源科技有限公司,固定式,多晶硅,全额上网,dist_ledger,首耀清墩光伏,rooftop,0,small,0,S059,1,,,,119.20028,34.53028
华电蒙然源光伏电站,华电蒙然源光伏,分布式,地调,5.84,5.84,119.099136,34.871595,赣榆区,屋顶,2025-04-20,运行,华电,固定式,单晶硅,全额上网,dist_ledger,华电蒙然源光伏,rooftop,1,medium,0,S060,1,,,,119.099136,34.871595
嘉伏黎明光伏电站,嘉伏黎明光伏,分布式,地调,3.784,3.784,119.218229,34.695414,连云区,屋顶,2025-04-18,运行,无,固定式,单晶硅,全额上网,dist_ledger,嘉伏黎明光伏,rooftop,1,small,0,S061,1,,,,119.218229,34.695414
韩华大浦光伏电站,韩华大浦光伏电站,分布式,地调,4.45368,4.45368,119.197,34.68,连云区,屋顶,2015-12-14,运行,韩华新能源,固定式,多晶硅,自发自用余电上网,dist_ledger,韩华大浦,rooftop,1,small,0,S062,1,,,,119.197,34.68
铭信润海光伏电站,铭信润海光伏,分布式,地调,3.66,3.66,118.805147,34.558912,东海县,屋顶,2025-04-29,运行,无,固定式,单晶硅,全额上网,dist_ledger,铭信润海光伏,rooftop,0,small,0,S063,1,,,,118.805147,34.558912
昱瑞青口光伏发电站,昱瑞青口光伏,分布式,地调,3.288,3.288,119.18972,34.88194,赣榆区,屋顶,2018-05-15,运行,连云港昱瑞新能源科技有限公司,固定式,多晶硅,全额上网,dist_ledger,昱瑞青口光伏,rooftop,1,small,0,S064,1,,,,119.18972,34.88194
中盛石榴光伏电站,中盛石榴光伏,分布式,地调,1.9239,1.9239,118.813194,34.564241,东海县,屋顶,2017-12-31,运行,东海中盛红利新能源有限公司,固定式,单晶硅,全额上网,dist_ledger,中盛石榴光伏,rooftop,0,small,0,S065,1,,,,118.813194,34.564241
科来恩润石光伏电站,科来恩润石光伏,分布式,地调,5.45,5.45,119.177146,35.046178,赣榆区,屋顶,2024-07-19,运行,无,固定式,单晶硅,全额上网,dist_ledger,科来恩润石光伏,rooftop,1,medium,0,S066,1,,,,119.177146,35.046178
番禹珠江光伏,番禹珠江光伏,分布式,地调,18.003,18.003,119.52667,34.58028,连云区,屋顶,2022-01-26,运行,连云港金迈新能源有限公司,固定式,单晶硅,自发自用余电上网,dist_ledger,番禹珠江光伏,rooftop,1,medium,0,S067,1,,,,119.52667,34.58028
富云下车光伏电站,富云下车光伏,分布式,地调,1.223,1.223,119.32,34.38028,灌云县,地面,2017-09-01,运行,连云港富云新能源有限公司,水平单轴,多晶硅,全额上网,dist_ledger,富云下车光伏,ground,0,small,0,S068,1,,,,119.32,34.38028
沐恒东海科创园光伏电站,沐恒东海科创园光伏,分布式,地调,3.0,3.0,118.704224,34.502342,东海县,屋顶,2025-04-29,运行,无,固定式,单晶硅,全额上网,dist_ledger,沐恒东海科创园光伏,rooftop,0,small,0,S069,1,,,,118.704224,34.502342
旭日虎山光伏发电站,旭日虎山光伏,分布式,地调,2.1,2.1,119.3,34.71667,连云区,屋顶,2017-06-28,运行,连云港旭日新能源有限公司,固定式,多晶硅,全额上网,dist_ledger,旭日虎山光伏,rooftop,1,small,0,S070,1,,,,119.3,34.71667
协鑫南岗光伏发电站,协鑫南岗光伏,分布式,地调,20.0,20.0,119.15028,34.24028,灌云县,地面,2017-12-05,运行,协鑫新能源,固定式,多晶硅,全额上网,dist_ledger,协鑫南岗光伏,ground,0,large,0,S071,1,,,,119.15028,34.24028
交控大浦光伏电站,交控大浦光伏,分布式,地调,3.125,3.125,119.197492,34.680939,连云区,地面,2023-09-27,运行,无,固定式,单晶硅,全额上网,dist_ledger,交控大浦光伏,ground,1,small,0,S072,1,,,,119.197492,34.680939
华能裕灌光伏电站,华能裕灌光伏,分布式,地调,15.0,15.0,119.330018,34.10237,灌南县,屋顶,2023-12-15,运行,华能集团,固定式,单晶硅,自发自用余电上网,dist_ledger,华能裕灌光伏,rooftop,0,medium,0,S073,1,,,,119.330018,34.10237
华能中林二期光伏电站,华能中林二期光伏,分布式,地调,4.0,4.0,119.751811,34.509689,灌云县,屋顶,2024-12-31,运行,华能集团,固定式,单晶硅,全额上网,dist_ledger,华能中林二期光伏,rooftop,0,small,0,S074,1,,,,119.751811,34.509689
旭樱新田光伏电站,旭樱新田光伏,分布式,地调,2.63,2.63,119.101394,34.602257,海州区,屋顶,2025-03-13,运行,无,固定式,单晶硅,全额上网,dist_ledger,旭樱新田光伏,rooftop,0,small,0,S075,1,,,,119.101394,34.602257
太阳光东海光伏电站,太阳光东海光伏,分布式,地调,5.0,5.0,118.728239,34.509871,东海县,屋顶,2025-04-28,运行,无,固定式,单晶硅,自发自用余电上网,dist_ledger,太阳光东海光伏,rooftop,0,medium,0,S076,1,,,,118.728239,34.509871
富云图河光伏电站,富云图河光伏,分布式,地调,0.901,0.901,119.55,34.33,灌云县,地面,2017-09-01,运行,连云港富云新能源有限公司,水平单轴,多晶硅,全额上网,dist_ledger,富云图河光伏,ground,0,small,0,S077,1,,,,119.55,34.33
福惠泉南岗光伏发电站（二期）,福惠泉南岗光伏（二期）,集中式,地调,5.0,5.0,119.1175,34.29444,灌云县,地面,2016-02-08,运行,朗禾集团,固定式,多晶硅,集中式,central_local,福惠泉南岗光伏二期,ground,0,medium,0,S078,1,,,,119.1175,34.29444
欧翔宋庄光伏发电站,欧翔宋庄光伏电站,集中式,地调,22.2,22.2,119.112028,34.795707,赣榆区,地面,2016-10-23,运行,无,固定式,多晶硅,集中式,central_local,欧翔宋庄,ground,1,large,0,S079,1,,,,119.112028,34.795707
二龙山光伏发电站,二龙山光伏,集中式,地调,15.0,15.0,119.05444,34.96667,赣榆区,地面,2014-05-30,运行,晶科电力,固定式,多晶硅,集中式,central_local,二龙山光伏,ground,1,medium,0,S080,1,,,,119.05444,34.96667
和安墩尚光伏发电站,和安墩尚光伏,集中式,地调,10.0,10.0,119.1425,34.80444,赣榆区,地面,2018-06-29,运行,连云港和安机电设备制造有限公司,固定式,多晶硅,集中式,central_local,和安墩尚光伏,ground,1,medium,0,S081,1,,,,119.1425,34.80444
华电赣榆光伏发电站,华电赣榆光伏,集中式,地调,40.0,40.0,119.16667,34.73333,赣榆区,鱼塘,2015-06-04,运行,中国华电集团公司,固定式,多晶硅,集中式,central_local,华电赣榆光伏,other,1,large,0,S082,1,,,,119.16667,34.73333
宏耀新安光伏发电站,宏耀新安光伏,集中式,地调,17.0,17.0,119.29111,34.08222,灌南县,地面,2015-12-23,运行,灌南宏耀环保能源有限公司,固定式,多晶硅,集中式,central_local,宏耀新安光伏,ground,0,medium,0,S083,1,,,,119.29111,34.08222
云港板桥光伏电站,云港板桥光伏,集中式,地调,8.0,8.0,119.445,34.63194,连云区,地面,2018-06-29,运行,中核云港新能源（连云港）有限公司,固定式,多晶硅,集中式,central_local,云港板桥光伏,ground,1,medium,0,S084,1,,,,119.445,34.63194
协鑫曲阳三期光伏电站,协鑫曲阳三期光伏,集中式,地调,15.0,15.0,118.719599,34.441605,东海县,鱼塘,2018-06-30,运行,国家电投集团,固定式,多晶硅,集中式,central_local,协鑫曲阳三期光伏,other,0,medium,0,S085,1,,,,118.719599,34.441605
浦利板桥光伏发电站,浦利板桥光伏,集中式,地调,8.0,8.0,119.457597,34.617779,连云区,地面,2018-06-28,运行,连云港浦利新能源发电有限公司,固定式,多晶硅,集中式,central_local,浦利板桥光伏,ground,1,medium,0,S086,1,,,,119.457597,34.617779
易事特城头光伏电站,易事特城头光伏,集中式,地调,10.0,10.0,118.93028,34.86,赣榆区,大棚,2016-01-28,运行,易事特集团股份有限公司,固定式,多晶硅,集中式,central_local,易事特城头光伏,other,1,medium,0,S087,1,,,,118.93028,34.86
福惠泉南岗光伏电站,福惠泉南岗光伏,集中式,地调,5.0,5.0,119.1175,34.29556,灌云县,地面,2015-12-08,运行,朗禾集团,固定式,多晶硅,集中式,central_local,福惠泉南岗光伏,ground,0,medium,0,S088,1,,,,119.1175,34.29556
信诚宁海光伏电站,信诚宁海光伏,集中式,地调,28.0,28.0,119.279872,34.551678,海州区,地面,2025-09-16,运行,国信集团,固定式,单晶硅,集中式,central_local,信诚宁海光伏,ground,0,large,0,S089,1,,,,119.279872,34.551678
中联云台光伏发电站,中联云台光伏,集中式,地调,45.636,45.636,119.35972,34.61194,连云区,鱼塘,2015-12-30,运行,中设国联无锡新能源发展有限公司,固定式,多晶硅,集中式,central_local,中联云台光伏,other,1,large,0,S090,1,,,,119.35972,34.61194
中电青口光伏电站,中电青口光伏,集中式,地调,22.0,22.0,119.16667,34.78333,赣榆区,鱼塘,2016-03-31,运行,国家电力投资集团公司,固定式,单晶硅,集中式,central_local,中电青口光伏,other,1,large,0,S091,1,,,,119.16667,34.78333
顺阳光伏电站,顺阳光伏,集中式,地调,6.0,6.0,119.15381,34.809893,赣榆区,大棚,2014-12-02,运行,顺风光电投资（中国）有限公司,固定式,多晶硅,集中式,central_local,顺阳光伏,other,1,medium,0,S092,1,,,,119.15381,34.809893
华电灌南光伏发电站,华电灌南光伏电站,集中式,地调,35.04,35.04,119.392072,34.106241,灌南县,屋顶,2024-12-26,运行,华电集团,固定式,单晶硅,集中式,central_local,华电灌南,rooftop,0,large,0,S093,1,,,,119.392072,34.106241
大唐利华光伏发电站,大唐利华光伏,集中式,地调,20.0,20.0,119.505,34.33028,灌云县,大棚,2018-06-22,运行,中国大唐集团,固定式,单晶硅,集中式,central_local,大唐利华光伏,other,0,large,0,S094,1,,,,119.505,34.33028
银山湖光伏电站,银山湖光伏,集中式,地调,9.0,9.0,119.00833,35.00472,赣榆区,大棚,2014-12-29,运行,朗禾集团,固定式,多晶硅,集中式,central_local,银山湖光伏,other,1,medium,0,S095,1,,,,119.00833,35.00472
华电曲阳光伏发电站,华电曲阳光伏,集中式,地调,8.0,8.0,118.68306,34.425,东海县,鱼塘,2015-12-28,运行,中国华电集团公司,固定式,多晶硅,集中式,central_local,华电曲阳光伏,other,0,medium,0,S096,1,,,,118.68306,34.425
沿海灌云光伏,沿海灌云光伏,集中式,统调,356.16,356.16,119.568298,34.686101,灌云县,,2021-11-25,运行,江苏省沿海开发集团有限公司,,,,central_prov,沿海灌云光伏,unknown,0,large,0,S097,1,,,,119.568298,34.686101
国信云台光伏电站,国信云台光伏,集中式,统调,55.36,55.36,119.404633,34.639603,连云区,,2024-12-30,运行,江苏省国信集团有限公司,,,,central_prov,国信云台光伏,unknown,1,large,0,S098,1,,,,119.404633,34.639603
华润浦南光伏,华润浦南光伏,集中式,统调,258.0,300.0,119.043536,34.656888,海州区,,2025-12-22,运行,华润集团有限公司,,,,central_prov,华润浦南光伏,unknown,0,large,0,S099,1,,,,119.043536,34.656888
中广核浦南光伏电站,广核浦南光伏,集中式,统调,118.8,118.8,118.980003,34.599998,海州区,,2014-12-28,运行,中国广核集团有限公司,,,,central_prov,广核浦南光伏,unknown,0,large,0,S100,1,,,,118.980003,34.599998
三峡青口光伏电站,三峡青口光伏,集中式,统调,339.2,339.2,119.194283,34.768221,赣榆县,,2024-12-24,运行,江苏盛宝泰能源有限公司,,,,central_prov,三峡青口光伏,unknown,1,large,0,S101,1,,,,119.194283,34.768221
中电建板浦光伏电站,中电建板浦光伏,集中式,统调,30.3,98.4,119.255,34.496667,海州区,,2025-11-19,运行,中电建新能源集团股份有限公司,,,,central_prov,中电建板浦光伏,unknown,0,large,0,S102,1,,,,119.255,34.496667
美达板桥光伏发电厂,美达板桥光伏,集中式,统调,76.1,76.1,119.440963,34.615582,连云区,,2024-10-30,运行,江苏苏美达集团有限公司,,,,central_prov,美达板桥光伏,unknown,1,large,0,S103,1,,,,119.440963,34.615582
飞展百禄光伏发电站,飞展百禄光伏,集中式,统调,94.3,94.3,119.230598,34.088101,灌南县,,2021-01-10,运行,广东粤水电能源投资集团有限公司,,,,central_prov,飞展百禄光伏,unknown,0,large,0,S104,1,,,,119.230598,34.088101
中电东辛光伏电厂,中电东辛光伏,集中式,统调,97.8,97.8,119.273756,34.315792,连云区,,2024-11-29,运行,国家电力投资集团有限公司,,,,central_prov,中电东辛光伏,unknown,1,large,0,S105,1,,,,119.273756,34.315792
东尚赣榆光伏电厂,东尚赣榆光伏,集中式,统调,359.884,359.884,119.501258,34.445283,赣榆县,,2024-11-21,运行,浙江省能源集团有限公司,,,,central_prov,东尚赣榆光伏,unknown,1,large,0,S106,1,,,,119.501258,34.445283
中核田湾光伏,中核田湾光伏,集中式,统调,238.48,238.48,119.493393,34.391399,连云区,,2025-01-06,运行,中国核工业集团有限公司,,,,central_prov,中核田湾光伏,unknown,1,large,0,S107,1,,,,119.493393,34.391399
永贯灌云光伏,永贯灌云光伏,集中式,统调,98.0,98.0,119.165596,34.266903,灌云县,,2020-06-15,运行,申能集团有限公司,,,,central_prov,永贯灌云光伏,unknown,0,large,0,S108,1,,,,119.165596,34.266903
华电墩尚光伏发电厂,华电墩尚光伏,集中式,统调,274.3,274.3,119.177101,34.729599,赣榆县,,2024-01-17,运行,中国华电集团有限公司,,,,central_prov,华电墩尚光伏,unknown,1,large,0,S109,1,,,,119.177101,34.729599
东榆赣榆光伏电厂,东榆赣榆光伏,集中式,统调,52.45,300.0,119.210001,34.810001,赣榆县,,2025-02-27,运行,横店集团东磁股份有限公司,,,,central_prov,东榆赣榆光伏,unknown,1,large,0,S110,1,,,,119.210001,34.810001
华润青口光伏电站,华润青口光伏,集中式,统调,135.0,225.0,119.188111,34.783851,连云区,,2026-01-04,运行,华润集团有限公司,,,,central_prov,华润青口光伏,unknown,1,large,0,S111,1,,,,119.188111,34.783851
华能灌西光伏,华能灌西光伏,集中式,统调,300.0,300.0,119.671667,34.459444,灌云县,,2026-01-04,运行,中国华能集团有限公司,,,,central_prov,华能灌西光伏,unknown,0,large,0,S112,1,,,,119.671667,34.459444
东尚墩尚光伏电厂,东尚墩尚光伏,集中式,统调,279.95,279.95,119.501248,34.444807,赣榆区,,2024-11-21,运行,浙江省能源集团有限公司,,,,central_prov,东尚墩尚光伏,unknown,1,large,0,S113,1,,,,119.501248,34.444807
协鑫南岗光伏发电站,协鑫南岗光伏电站,分布式,非统调,20.0,,,,灌云县,,,,,,,,dist_change,协鑫南岗,unknown,0,large,1,S114,0,,,,,
鑫众墩尚光伏发电站,鑫众墩尚光伏电站,分布式,非统调,7.0,,119.2172,34.5933,赣榆区,,,,,,,,dist_change,鑫众墩尚,unknown,1,medium,1,S115,1,GEM_Wiki_WGS84,medium,S115=连云港鑫众光伏电力墩尚镇7MWp渔光互补项目；坐标来源：Global Energy Monitor GEM数据库 WGS84近似坐标；GEM引用来源：国网新能源云存档数据2024-03；项目状态：operating 2018年投运；坐标系：WGS84；精确光伏场区中心有待甲方确认,119.2172,34.5933
林洋伊山光伏发电站,林洋伊山光伏电站,分布式,非统调,22.0,,119.2318,34.2983,灌云县,,,,,,,,dist_change,林洋伊山,unknown,0,large,1,S116,1,manual_wiki_town_center,low,S116=灌云林洋新能源科技林洋伊山6MWp农光互补项目；公开资料仅显示公司注册地址为伊山镇丁庄村丁庄路；伊山镇21个行政村中不存在丁庄村；伊山镇政府WGS84坐标来源：维基百科；GEM坐标系：WGS84；原公开规模6MWp与当前项目22MW存在差异，可能存在多期归并；精确光伏场区中心有待甲方运维台账确认,119.2318,34.2983
林洋朝阳光伏发电站,林洋朝阳光伏电站,分布式,非统调,22.0,,,,连云区,,,,,,,,dist_change,林洋朝阳,unknown,1,large,1,S117,0,,,,,
番禺珠江光伏电站,番禺珠江光伏,分布式,非统调,18.003,,,,连云区,,,,,,,,dist_change,番禺珠江光伏,unknown,1,medium,1,S118,0,,,,,
