site_id,n_json,n_pkl,n_matched,count_ok,max_abs_diff_actual,max_abs_diff_pred,max_abs_diff_capacity,status,message
S002,3439,3439,3439,True,0.0,0.0,0.0,PASS,"actual=0.00e+00, pred=0.00e+00, cap=0.00e+00, count_ok=True"
S003,11938,11938,11938,True,0.0,0.0,0.0,PASS,"actual=0.00e+00, pred=0.00e+00, cap=0.00e+00, count_ok=True"
S004,3519,3519,3519,True,0.0,0.0,0.0,PASS,"actual=0.00e+00, pred=0.00e+00, cap=0.00e+00, count_ok=True"
S006,3461,3461,3461,True,0.0,0.0,0.0,PASS,"actual=0.00e+00, pred=0.00e+00, cap=0.00e+00, count_ok=True"
S007,15344,15344,15344,True,0.0,0.0,0.0,PASS,"actual=0.00e+00, pred=0.00e+00, cap=0.00e+00, count_ok=True"
S008,3844,3844,3844,True,0.0,0.0,0.0,PASS,"actual=0.00e+00, pred=0.00e+00, cap=0.00e+00, count_ok=True"
S009,6115,6115,6115,True,0.0,0.0,0.0,PASS,"actual=0.00e+00, pred=0.00e+00, cap=0.00e+00, count_ok=True"
S010,15344,15344,15344,True,0.0,0.0,0.0,PASS,"actual=0.00e+00, pred=0.00e+00, cap=0.00e+00, count_ok=True"
S011,15344,15344,15344,True,0.0,0.0,0.0,PASS,"actual=0.00e+00, pred=0.00e+00, cap=0.00e+00, count_ok=True"
S012,3435,3435,3435,True,0.0,0.0,0.0,PASS,"actual=0.00e+00, pred=0.00e+00, cap=0.00e+00, count_ok=True"
S014,3440,3440,3440,True,0.0,0.0,0.0,PASS,"actual=0.00e+00, pred=0.00e+00, cap=0.00e+00, count_ok=True"
S016,3444,3444,3444,True,0.0,0.0,0.0,PASS,"actual=0.00e+00, pred=0.00e+00, cap=0.00e+00, count_ok=True"
S017,15344,15344,15344,True,0.0,0.0,0.0,PASS,"actual=0.00e+00, pred=0.00e+00, cap=0.00e+00, count_ok=True"
S018,9390,9390,9390,True,0.0,0.0,0.0,PASS,"actual=0.00e+00, pred=0.00e+00, cap=0.00e+00, count_ok=True"
S019,15344,15344,15344,True,0.0,0.0,0.0,PASS,"actual=0.00e+00, pred=0.00e+00, cap=0.00e+00, count_ok=True"
S020,5180,5180,5180,True,0.0,0.0,0.0,PASS,"actual=0.00e+00, pred=0.00e+00, cap=0.00e+00, count_ok=True"
S021,3728,3728,3728,True,0.0,0.0,0.0,PASS,"actual=0.00e+00, pred=0.00e+00, cap=0.00e+00, count_ok=True"
S022,15344,15344,15344,True,0.0,0.0,0.0,PASS,"actual=0.00e+00, pred=0.00e+00, cap=0.00e+00, count_ok=True"
S023,15344,15344,15344,True,0.0,0.0,0.0,PASS,"actual=0.00e+00, pred=0.00e+00, cap=0.00e+00, count_ok=True"
S024,12436,12436,12436,True,0.0,0.0,0.0,PASS,"actual=0.00e+00, pred=0.00e+00, cap=0.00e+00, count_ok=True"
S025,8361,8361,8361,True,0.0,0.0,0.0,PASS,"actual=0.00e+00, pred=0.00e+00, cap=0.00e+00, count_ok=True"
S028,6115,6115,6115,True,0.0,0.0,0.0,PASS,"actual=0.00e+00, pred=0.00e+00, cap=0.00e+00, count_ok=True"
S030,15344,15344,15344,True,0.0,0.0,0.0,PASS,"actual=0.00e+00, pred=0.00e+00, cap=0.00e+00, count_ok=True"
S031,15344,15344,15344,True,0.0,0.0,0.0,PASS,"actual=0.00e+00, pred=0.00e+00, cap=0.00e+00, count_ok=True"
S032,10500,10500,10500,True,0.0,0.0,0.0,PASS,"actual=0.00e+00, pred=0.00e+00, cap=0.00e+00, count_ok=True"
S033,4121,4121,4121,True,0.0,0.0,0.0,PASS,"actual=0.00e+00, pred=0.00e+00, cap=0.00e+00, count_ok=True"
S034,3119,3119,3119,True,0.0,0.0,0.0,PASS,"actual=0.00e+00, pred=0.00e+00, cap=0.00e+00, count_ok=True"
S035,11578,11578,11578,True,0.0,0.0,0.0,PASS,"actual=0.00e+00, pred=0.00e+00, cap=0.00e+00, count_ok=True"
S037,3462,3462,3462,True,0.0,0.0,0.0,PASS,"actual=0.00e+00, pred=0.00e+00, cap=0.00e+00, count_ok=True"
S038,3440,3440,3440,True,0.0,0.0,0.0,PASS,"actual=0.00e+00, pred=0.00e+00, cap=0.00e+00, count_ok=True"
S039,3435,3435,3435,True,0.0,0.0,0.0,PASS,"actual=0.00e+00, pred=0.00e+00, cap=0.00e+00, count_ok=True"
S040,3710,3710,3710,True,0.0,0.0,0.0,PASS,"actual=0.00e+00, pred=0.00e+00, cap=0.00e+00, count_ok=True"
S041,10262,10262,10262,True,0.0,0.0,0.0,PASS,"actual=0.00e+00, pred=0.00e+00, cap=0.00e+00, count_ok=True"
S042,5661,5661,5661,True,0.0,0.0,0.0,PASS,"actual=0.00e+00, pred=0.00e+00, cap=0.00e+00, count_ok=True"
S044,4236,4236,4236,True,0.0,0.0,0.0,PASS,"actual=0.00e+00, pred=0.00e+00, cap=0.00e+00, count_ok=True"
S045,4065,4065,4065,True,0.0,0.0,0.0,PASS,"actual=0.00e+00, pred=0.00e+00, cap=0.00e+00, count_ok=True"
S046,5324,5324,5324,True,0.0,0.0,0.0,PASS,"actual=0.00e+00, pred=0.00e+00, cap=0.00e+00, count_ok=True"
S047,13398,13398,13398,True,0.0,0.0,0.0,PASS,"actual=0.00e+00, pred=0.00e+00, cap=0.00e+00, count_ok=True"
S048,3439,3439,3439,True,0.0,0.0,0.0,PASS,"actual=0.00e+00, pred=0.00e+00, cap=0.00e+00, count_ok=True"
S049,15344,15344,15344,True,0.0,0.0,0.0,PASS,"actual=0.00e+00, pred=0.00e+00, cap=0.00e+00, count_ok=True"
S050,3435,3435,3435,True,0.0,0.0,0.0,PASS,"actual=0.00e+00, pred=0.00e+00, cap=0.00e+00, count_ok=True"
S051,3440,3440,3440,True,0.0,0.0,0.0,PASS,"actual=0.00e+00, pred=0.00e+00, cap=0.00e+00, count_ok=True"
S052,6986,6986,6986,True,0.0,0.0,0.0,PASS,"actual=0.00e+00, pred=0.00e+00, cap=0.00e+00, count_ok=True"
S053,15344,15344,15344,True,0.0,0.0,0.0,PASS,"actual=0.00e+00, pred=0.00e+00, cap=0.00e+00, count_ok=True"
S054,4904,4904,4904,True,0.0,0.0,0.0,PASS,"actual=0.00e+00, pred=0.00e+00, cap=0.00e+00, count_ok=True"
S055,3435,3435,3435,True,0.0,0.0,0.0,PASS,"actual=0.00e+00, pred=0.00e+00, cap=0.00e+00, count_ok=True"
S056,3519,3519,3519,True,0.0,0.0,0.0,PASS,"actual=0.00e+00, pred=0.00e+00, cap=0.00e+00, count_ok=True"
S058,15344,15344,15344,True,0.0,0.0,0.0,PASS,"actual=0.00e+00, pred=0.00e+00, cap=0.00e+00, count_ok=True"
S059,15344,15344,15344,True,0.0,0.0,0.0,PASS,"actual=0.00e+00, pred=0.00e+00, cap=0.00e+00, count_ok=True"
S060,3584,3584,3584,True,0.0,0.0,0.0,PASS,"actual=0.00e+00, pred=0.00e+00, cap=0.00e+00, count_ok=True"
S061,3519,3519,3519,True,0.0,0.0,0.0,PASS,"actual=0.00e+00, pred=0.00e+00, cap=0.00e+00, count_ok=True"
S062,15344,15344,15344,True,0.0,0.0,0.0,PASS,"actual=0.00e+00, pred=0.00e+00, cap=0.00e+00, count_ok=True"
S063,3438,3438,3438,True,0.0,0.0,0.0,PASS,"actual=0.00e+00, pred=0.00e+00, cap=0.00e+00, count_ok=True"
S064,15344,15344,15344,True,0.0,0.0,0.0,PASS,"actual=0.00e+00, pred=0.00e+00, cap=0.00e+00, count_ok=True"
S065,15344,15344,15344,True,0.0,0.0,0.0,PASS,"actual=0.00e+00, pred=0.00e+00, cap=0.00e+00, count_ok=True"
S066,7434,7434,7434,True,0.0,0.0,0.0,PASS,"actual=0.00e+00, pred=0.00e+00, cap=0.00e+00, count_ok=True"
S068,15344,15344,15344,True,0.0,0.0,0.0,PASS,"actual=0.00e+00, pred=0.00e+00, cap=0.00e+00, count_ok=True"
S069,3438,3438,3438,True,0.0,0.0,0.0,PASS,"actual=0.00e+00, pred=0.00e+00, cap=0.00e+00, count_ok=True"
S070,15344,15344,15344,True,0.0,0.0,0.0,PASS,"actual=0.00e+00, pred=0.00e+00, cap=0.00e+00, count_ok=True"
S071,15344,15344,15344,True,0.0,0.0,0.0,PASS,"actual=0.00e+00, pred=0.00e+00, cap=0.00e+00, count_ok=True"
S072,11578,11578,11578,True,0.0,0.0,0.0,PASS,"actual=0.00e+00, pred=0.00e+00, cap=0.00e+00, count_ok=True"
S073,10467,10467,10467,True,0.0,0.0,0.0,PASS,"actual=0.00e+00, pred=0.00e+00, cap=0.00e+00, count_ok=True"
S074,5087,5087,5087,True,0.0,0.0,0.0,PASS,"actual=0.00e+00, pred=0.00e+00, cap=0.00e+00, count_ok=True"
S075,4072,4072,4072,True,0.0,0.0,0.0,PASS,"actual=0.00e+00, pred=0.00e+00, cap=0.00e+00, count_ok=True"
S076,3440,3440,3440,True,0.0,0.0,0.0,PASS,"actual=0.00e+00, pred=0.00e+00, cap=0.00e+00, count_ok=True"
S077,15344,15344,15344,True,0.0,0.0,0.0,PASS,"actual=0.00e+00, pred=0.00e+00, cap=0.00e+00, count_ok=True"
S115,15344,15344,15344,True,0.0,0.0,0.0,PASS,"actual=0.00e+00, pred=0.00e+00, cap=0.00e+00, count_ok=True"
S116,15344,15344,15344,True,0.0,0.0,0.0,PASS,"actual=0.00e+00, pred=0.00e+00, cap=0.00e+00, count_ok=True"
