hour,site_id,site_name,county,capacity_mw,n_samples,actual_mean,pred_mean,bias_pct,avg_rel_err_raw,wape,mape,is_low_power_site_hour,is_problem,problem_type,problem_reason
6,S002,华筑泰宝光伏,连云区,3.3,54,0.8061111111111109,0.0046137450584545405,-99.43,98.33,99.43,98.33,False,True,systematic_underestimate,系统性低估
6,S004,旭樱东堡光伏,连云区,3.97,4,0.0375,0.008970297390699895,-76.08,71.3,76.08,71.3,True,False,insufficient_samples,样本不足，无法判断
6,S007,林洋朝阳光伏,连云区,22.0,13,0.2169230769230769,0.04716838781088439,-78.26,71.31,78.26,71.31,True,False,normal,正常
6,S008,协鑫盛昌光伏,灌云县,3.172,19,0.04,0.008377969741909673,-79.06,62.68,79.1,62.68,True,False,normal,正常
6,S010,易睐珂浦南光伏,海州区,2.0,49,0.01346938775510204,0.011483027177357762,-14.75,18.11,20.37,18.11,True,False,normal,正常
6,S011,中森西苑光伏,灌云县,2.323,4,0.01,0.013674916187012453,36.75,36.75,36.75,36.75,True,False,insufficient_samples,样本不足，无法判断
6,S012,泰富如意情光伏,东海县,17.55,76,0.20197368421052633,0.13587663973558625,-32.73,38.85,37.32,38.85,True,False,normal,正常
6,S014,鲲鹏昇昌光伏,灌云县,5.1,14,0.040000000000000015,0.008473165573702897,-78.82,69.38,78.82,69.38,True,False,normal,正常
6,S017,富云四队光伏,灌云县,0.954,30,0.15000000000000002,0.020939999999999983,-86.04,86.04,86.04,86.04,False,True,systematic_underestimate,系统性低估
6,S018,国能百菇源光伏,灌云县,5.1,13,0.05461538461538463,0.009369561306113652,-82.84,72.01,82.84,72.01,True,True,systematic_underestimate,系统性低估
6,S019,首耀新海光伏,海州区,3.0,31,2.3422580645161295,0.021736774193548372,-99.07,97.83,99.09,97.83,False,True,systematic_underestimate,系统性低估
6,S022,浦西光伏电站,海州区,3.24,14,0.04142857142857143,0.00980198728046682,-76.34,63.57,76.34,63.57,True,False,normal,正常
6,S023,连洋徐圩光伏,连云区,16.37,10,0.13699999999999998,0.10948679999999995,-20.08,67.7,41.88,67.7,True,False,normal,正常
6,S024,兴怡紧固件光伏,赣榆区,5.99,13,0.04692307692307692,0.0049444819902826976,-89.46,84.07,89.46,84.07,True,True,systematic_underestimate,系统性低估
6,S025,夏源银得隆光伏,灌南县,5.65,7,0.08857142857142859,0.15173858637184864,71.32,94.7,76.77,94.7,True,False,insufficient_samples,样本不足，无法判断
6,S028,华能星耀光伏,灌云县,3.14,8,0.051250000000000004,0.00902392508944126,-82.39,73.62,82.39,73.62,True,False,insufficient_samples,样本不足，无法判断
6,S030,中森侍庄光伏,灌云县,2.9,11,0.06090909090909091,0.02408363636363635,-60.46,62.58,73.49,62.58,True,False,normal,正常
6,S031,富云杨集光伏,灌云县,0.9222,1,0.01,0.006540611866147473,-34.59,34.59,34.59,34.59,True,False,insufficient_samples,样本不足，无法判断
6,S033,天瀚万发光伏,海州区,5.688,14,0.08,0.009779013795074811,-87.78,75.52,87.78,75.52,True,True,systematic_underestimate,系统性低估
6,S034,建魄俊达光伏,灌云县,3.496,3,0.01,0.008725600204513064,-12.74,12.74,12.74,12.74,True,False,insufficient_samples,样本不足，无法判断
6,S035,国能品品鲜光伏,灌云县,5.296,15,0.05266666666666667,0.01577312982716135,-70.05,55.57,74.69,55.57,True,False,normal,正常
6,S038,衡诚天晴光伏,海州区,1.672,12,0.030833333333333338,0.007687144706915371,-75.07,70.88,75.07,70.88,True,False,normal,正常
6,S039,沐恒腾东光伏,东海县,3.45,11,0.02727272727272728,0.00683670311553386,-74.93,68.33,74.93,68.33,True,False,normal,正常
6,S040,华电苏班光伏,赣榆区,5.96,13,0.08076923076923077,0.010037600496608085,-87.57,85.02,87.57,85.02,True,True,systematic_underestimate,系统性低估
6,S041,交控赣榆南光伏,赣榆区,2.2,15,0.028666666666666674,0.006016549790772394,-79.01,70.78,79.01,70.78,True,False,normal,正常
6,S042,国能联合动力光伏,连云区,3.724,11,0.05363636363636364,0.009117026450327278,-83.0,81.56,83.0,81.56,True,True,systematic_underestimate,系统性低估
6,S047,汇九齿轮光伏电站,灌云县,4.8,2,0.049999999999999996,0.025359999999999973,-49.28,112.71,80.0,112.71,True,False,insufficient_samples,样本不足，无法判断
6,S049,华能灌云光伏,灌云县,14.1,11,0.09454545454545454,0.0,-100.0,100.0,100.0,100.0,True,True,systematic_underestimate,系统性低估
6,S050,沐恒东海产业园光伏,东海县,2.55,53,0.06867924528301887,0.013010419408719784,-81.06,80.12,83.95,80.12,True,True,systematic_underestimate,系统性低估
6,S051,鲲鹏德宇光伏,灌云县,5.025,10,0.42800000000000005,0.005965041498571195,-98.61,79.09,98.61,79.09,False,True,systematic_underestimate,系统性低估
6,S052,鹰游新立成二期光伏,灌云县,6.08,17,0.04352941176470588,0.009027957478925045,-79.26,53.33,79.42,53.33,True,False,normal,正常
6,S053,鹰游新立成光伏电站,灌云县,13.33,123,5.540000000000001,0.1055895275254679,-98.09,98.09,98.09,98.09,False,True,systematic_underestimate,系统性低估
6,S054,鸿天伍江光伏,连云区,11.272,12,0.1441666666666667,0.01575981023792068,-89.07,82.89,89.07,82.89,True,True,systematic_underestimate,系统性低估
6,S055,沐恒曲阳光伏,东海县,4.0,88,0.2800000000000001,0.22462794879836964,-19.78,19.78,19.78,19.78,False,False,normal,正常
6,S059,首耀清墩光伏,海州区,2.0,114,0.38912280701754387,0.0036770349131911447,-99.06,95.85,99.06,95.85,False,True,systematic_underestimate,系统性低估
6,S060,华电蒙然源光伏,赣榆区,5.84,15,0.07733333333333334,0.00894167236409059,-88.44,82.0,88.44,82.0,True,True,systematic_underestimate,系统性低估
6,S061,嘉伏黎明光伏,连云区,3.784,15,0.04266666666666667,0.008633880797583237,-79.76,69.35,79.76,69.35,True,False,normal,正常
6,S062,韩华大浦光伏电站,连云区,4.45368,10,0.038,0.0015954907638058504,-95.8,95.71,95.8,95.71,True,True,systematic_underestimate,系统性低估
6,S065,中盛石榴光伏,东海县,1.9239,48,0.016458333333333335,0.013093090119519537,-20.45,24.08,40.09,24.08,True,False,normal,正常
6,S068,富云下车光伏,灌云县,1.223,7,0.015714285714285712,0.005597984973959975,-64.38,57.55,64.38,57.55,True,False,insufficient_samples,样本不足，无法判断
6,S071,协鑫南岗光伏,灌云县,20.0,82,4.007439024390244,0.0062354508317002885,-99.84,98.04,99.84,98.04,False,True,systematic_underestimate,系统性低估
6,S072,交控大浦光伏,连云区,3.125,14,0.038571428571428576,0.009698122537027348,-74.86,59.78,74.86,59.78,True,False,normal,正常
6,S073,华能裕灌光伏,灌南县,15.0,26,0.105,0.09795412789416841,-6.71,251.66,75.44,251.66,True,True,low_power_denominator,低功率分母放大效应
6,S074,华能中林二期光伏,灌云县,4.0,17,0.04352941176470588,0.0084216841167007,-80.65,66.38,80.65,66.38,True,True,systematic_underestimate,系统性低估
6,S075,旭樱新田光伏,海州区,2.63,14,0.030000000000000002,0.008044338283613431,-73.19,72.76,73.19,72.76,True,False,normal,正常
7,S002,华筑泰宝光伏,连云区,3.3,113,0.43194690265486724,0.023196773070844057,-94.63,84.28,94.77,84.28,False,True,systematic_underestimate,系统性低估
7,S004,旭樱东堡光伏,连云区,3.97,65,0.1570769230769231,0.04345774247142862,-72.33,68.5,75.25,68.5,True,False,normal,正常
7,S006,沐恒石湖光伏,东海县,5.0,9,0.15555555555555559,0.16905702796032182,8.68,22.05,23.22,22.05,True,False,insufficient_samples,样本不足，无法判断
7,S007,林洋朝阳光伏,连云区,22.0,96,0.9778125000000001,0.5159884981636939,-47.23,85.16,60.72,85.16,True,False,normal,正常
7,S008,协鑫盛昌光伏,灌云县,3.172,105,0.14885714285714285,0.04736249350550003,-68.18,69.76,68.42,69.76,True,False,normal,正常
7,S010,易睐珂浦南光伏,海州区,2.0,93,0.0639784946236559,0.07264220837827423,13.54,72.26,42.85,72.26,True,False,normal,正常
7,S011,中森西苑光伏,灌云县,2.323,89,0.06910112359550562,0.07179364615550364,3.9,82.94,44.64,82.94,True,False,normal,正常
7,S012,泰富如意情光伏,东海县,17.55,102,0.40235294117647064,0.20404920401938642,-49.29,32.71,49.42,32.71,True,False,normal,正常
7,S014,鲲鹏昇昌光伏,灌云县,5.1,88,0.16465909090909092,0.059439148213482756,-63.9,68.2,64.57,68.2,True,False,normal,正常
7,S016,衡航亚新光伏,灌南县,8.5,39,0.5192307692307694,0.444026318029744,-14.48,48.65,34.47,48.65,False,False,normal,正常
7,S017,富云四队光伏,灌云县,0.954,69,0.07449275362318838,0.023799999999999977,-68.05,91.3,82.66,91.3,False,True,normal,正常
7,S018,国能百菇源光伏,灌云县,5.1,89,0.2052808988764045,0.07754804167791962,-62.22,65.16,62.62,65.16,True,False,normal,正常
7,S019,首耀新海光伏,海州区,3.0,102,0.7787254901960786,0.05330243312380882,-93.16,74.34,93.46,74.34,False,True,systematic_underestimate,系统性低估
7,S022,浦西光伏电站,海州区,3.24,99,0.1398989898989899,0.039305266139696635,-71.9,73.15,75.46,73.15,True,False,normal,正常
7,S023,连洋徐圩光伏,连云区,16.37,80,0.48137500000000005,0.2867953316593736,-40.42,53.9,48.79,53.9,True,False,normal,正常
7,S024,兴怡紧固件光伏,赣榆区,5.99,85,0.20929411764705882,0.07103101504367806,-66.06,89.68,71.32,89.68,True,False,normal,正常
7,S025,夏源银得隆光伏,灌南县,5.65,82,0.24987804878048778,0.23006286785216493,-7.93,65.43,41.19,65.43,True,False,normal,正常
7,S028,华能星耀光伏,灌云县,3.14,77,0.1735064935064935,0.09018378864004747,-48.02,57.78,53.46,57.78,False,False,normal,正常
7,S030,中森侍庄光伏,灌云县,2.9,90,0.11933333333333336,0.040127709427935525,-66.37,66.23,70.29,66.23,True,False,normal,正常
7,S031,富云杨集光伏,灌云县,0.9222,47,0.03468085106382979,0.04676109019246106,34.83,61.31,43.86,61.31,True,False,normal,正常
7,S033,天瀚万发光伏,海州区,5.688,93,0.23537634408602154,0.08148224117958133,-65.38,76.37,70.82,76.37,True,False,normal,正常
7,S034,建魄俊达光伏,灌云县,3.496,52,0.18249999999999997,0.06164261464337707,-66.22,65.73,66.22,65.73,False,False,normal,正常
7,S035,国能品品鲜光伏,灌云县,5.296,99,0.20202020202020204,0.0520164888097861,-74.25,65.55,75.28,65.55,True,False,normal,正常
7,S037,华能中林三期光伏,灌云县,5.946,44,0.16113636363636363,0.027775518438757772,-82.76,81.6,82.76,81.6,True,True,systematic_underestimate,系统性低估
7,S038,衡诚天晴光伏,海州区,1.672,80,0.08425,0.046842318357512035,-44.4,57.64,51.53,57.64,False,False,normal,正常
7,S039,沐恒腾东光伏,东海县,3.45,88,0.08715909090909091,0.017650235864546317,-79.75,72.62,79.75,72.62,True,False,normal,正常
7,S040,华电苏班光伏,赣榆区,5.96,87,0.2739080459770115,0.13444615320007053,-50.92,68.08,58.19,68.08,True,False,normal,正常
7,S041,交控赣榆南光伏,赣榆区,2.2,86,0.09744186046511627,0.04726525109944211,-51.49,70.69,59.81,70.69,True,False,normal,正常
7,S042,国能联合动力光伏,连云区,3.724,84,0.18178571428571427,0.09965022572415985,-45.18,62.49,55.22,62.49,True,False,normal,正常
7,S047,汇九齿轮光伏电站,灌云县,4.8,64,0.18609375,0.06359135630374708,-65.83,68.78,68.64,68.78,True,False,normal,正常
7,S048,卓贵光之明光伏,连云区,4.0,47,0.2219148936170213,0.10674624205363241,-51.9,74.59,55.38,74.59,False,False,normal,正常
7,S049,华能灌云光伏,灌云县,14.1,83,0.41891566265060237,0.07864873389968643,-81.23,90.68,81.43,90.68,True,True,systematic_underestimate,系统性低估
7,S050,沐恒东海产业园光伏,东海县,2.55,100,0.09260000000000002,0.049162416477987705,-46.91,66.91,57.13,66.91,True,False,normal,正常
7,S051,鲲鹏德宇光伏,灌云县,5.025,82,0.1851219512195122,0.04540262491878743,-75.47,65.3,77.83,65.3,True,False,normal,正常
7,S052,鹰游新立成二期光伏,灌云县,6.08,99,0.24030303030303032,0.05366643874983439,-77.67,73.07,77.7,73.07,True,False,normal,正常
7,S053,鹰游新立成光伏电站,灌云县,13.33,123,5.540000000000001,0.6916941842997505,-87.51,87.51,87.51,87.51,False,True,systematic_underestimate,系统性低估
7,S054,鸿天伍江光伏,连云区,11.272,82,0.45902439024390246,0.14046741976966753,-69.4,80.68,72.14,80.68,True,False,normal,正常
7,S055,沐恒曲阳光伏,东海县,4.0,108,0.2708333333333335,0.2348946589022401,-13.27,25.1,22.35,25.1,False,False,normal,正常
7,S056,昱中科技光伏,连云区,3.15,53,0.13716981132075473,0.05866938788991725,-57.23,87.75,64.32,87.75,True,False,normal,正常
7,S059,首耀清墩光伏,海州区,2.0,118,0.38805084745762697,0.03167974875447873,-91.84,88.85,91.98,88.85,False,True,systematic_underestimate,系统性低估
7,S060,华电蒙然源光伏,赣榆区,5.84,72,0.28152777777777777,0.11725546806023818,-58.35,65.83,61.81,65.83,True,False,normal,正常
7,S061,嘉伏黎明光伏,连云区,3.784,94,0.15297872340425533,0.04890684798790889,-68.03,72.1,70.87,72.1,True,False,normal,正常
7,S062,韩华大浦光伏电站,连云区,4.45368,75,0.13573333333333332,0.06832495049492154,-49.66,73.84,61.19,73.84,True,False,normal,正常
7,S063,铭信润海光伏,东海县,3.66,38,0.21710526315789475,0.12275060053259505,-43.46,53.64,49.04,53.64,False,False,normal,正常
7,S064,昱瑞青口光伏,赣榆区,3.288,43,0.18302325581395348,0.1525492407474291,-16.65,32.87,33.78,32.87,False,False,normal,正常
7,S065,中盛石榴光伏,东海县,1.9239,92,0.07934782608695651,0.0517509481255017,-34.78,57.8,48.1,57.8,True,False,normal,正常
7,S068,富云下车光伏,灌云县,1.223,73,0.04876712328767124,0.04013155219213573,-17.71,57.53,43.9,57.53,True,False,normal,正常
7,S070,旭日虎山光伏,连云区,2.1,50,0.0794,0.08227549691973852,3.62,80.88,44.62,80.88,True,False,normal,正常
7,S071,协鑫南岗光伏,灌云县,20.0,88,3.8546590909090908,0.09873300345020454,-97.44,90.91,97.44,90.91,False,True,systematic_underestimate,系统性低估
7,S072,交控大浦光伏,连云区,3.125,97,0.13855670103092782,0.04227225946386443,-69.49,71.33,71.78,71.33,True,False,normal,正常
7,S073,华能裕灌光伏,灌南县,15.0,104,0.6411538461538462,0.18254744678954435,-71.53,101.91,73.83,101.91,True,True,low_power_denominator,低功率分母放大效应
7,S074,华能中林二期光伏,灌云县,4.0,98,0.17438775510204085,0.044692115218192954,-74.37,76.14,75.49,76.14,True,False,normal,正常
7,S075,旭樱新田光伏,海州区,2.63,94,0.09180851063829784,0.038642601594787676,-57.91,70.75,64.97,70.75,True,False,normal,正常
8,S002,华筑泰宝光伏,连云区,3.3,121,0.5588429752066115,0.1441397221377374,-74.21,66.07,75.66,66.07,False,False,normal,正常
8,S004,旭樱东堡光伏,连云区,3.97,119,0.3989915966386555,0.20883275151442862,-47.66,55.12,52.71,55.12,False,False,normal,正常
8,S006,沐恒石湖光伏,东海县,5.0,69,0.218840579710145,0.22969329310678566,4.96,39.53,36.02,39.53,True,False,normal,正常
8,S007,林洋朝阳光伏,连云区,22.0,120,3.532166666666667,3.0736692765701332,-12.98,54.12,38.25,54.12,False,False,normal,正常
8,S008,协鑫盛昌光伏,灌云县,3.172,122,0.47418032786885245,0.2659294947982856,-43.92,48.42,46.94,48.42,False,False,normal,正常
8,S010,易睐珂浦南光伏,海州区,2.0,118,0.19720338983050845,0.19472982807849445,-1.25,46.96,28.54,46.96,False,False,normal,正常
8,S011,中森西苑光伏,灌云县,2.323,120,0.22733333333333333,0.17854666057610977,-21.46,47.98,34.61,47.98,False,False,normal,正常
8,S012,泰富如意情光伏,东海县,17.55,108,0.8712962962962968,0.5563722532412522,-36.14,26.29,42.05,26.29,True,False,normal,正常
8,S014,鲲鹏昇昌光伏,灌云县,5.1,120,0.4935833333333334,0.29736761381859994,-39.75,59.57,48.17,59.57,False,False,normal,正常
8,S016,衡航亚新光伏,灌南县,8.5,102,1.0008823529411763,0.7699816049177943,-23.07,30.58,31.66,30.58,False,False,normal,正常
8,S017,富云四队光伏,灌云县,0.954,120,0.06491666666666668,0.03174947795522762,-51.09,58.97,60.13,58.97,False,False,normal,正常
8,S018,国能百菇源光伏,灌云县,5.1,121,0.5824793388429751,0.4102143149599202,-29.57,46.3,41.46,46.3,False,False,normal,正常
8,S019,首耀新海光伏,海州区,3.0,122,0.9371311475409836,0.26760453961802816,-71.44,60.52,72.23,60.52,False,False,normal,正常
8,S022,浦西光伏电站,海州区,3.24,121,0.4441322314049586,0.18073891400439884,-59.31,60.92,60.6,60.92,False,False,normal,正常
8,S023,连洋徐圩光伏,连云区,16.37,120,1.3723333333333334,1.048162806010129,-23.62,50.52,38.72,50.52,False,False,normal,正常
8,S024,兴怡紧固件光伏,赣榆区,5.99,120,0.5698333333333334,0.3544506099839932,-37.8,55.67,47.56,55.67,False,False,normal,正常
8,S025,夏源银得隆光伏,灌南县,5.65,121,0.6456198347107437,0.4605831714080916,-28.66,45.76,38.33,45.76,False,False,normal,正常
8,S028,华能星耀光伏,灌云县,3.14,120,0.42425,0.3043547754110966,-28.26,38.47,37.14,38.47,False,False,normal,正常
8,S030,中森侍庄光伏,灌云县,2.9,120,0.375,0.20883450385504318,-44.31,53.13,49.87,53.13,False,False,normal,正常
8,S031,富云杨集光伏,灌云县,0.9222,113,0.0752212389380531,0.08731824650424315,16.08,53.59,36.59,53.59,False,False,normal,正常
8,S033,天瀚万发光伏,海州区,5.688,121,0.7236363636363636,0.4654856016058881,-35.67,57.1,43.28,57.1,False,False,normal,正常
8,S034,建魄俊达光伏,灌云县,3.496,105,0.4585714285714286,0.24314863845465987,-46.98,68.49,52.66,68.49,False,False,normal,正常
8,S035,国能品品鲜光伏,灌云县,5.296,122,0.5905737704918034,0.1947074802927772,-67.03,63.46,67.22,63.46,False,False,normal,正常
8,S037,华能中林三期光伏,灌云县,5.946,77,0.6775324675324675,0.3693701321486212,-45.48,48.04,48.66,48.04,False,False,normal,正常
8,S038,衡诚天晴光伏,海州区,1.672,118,0.2174576271186441,0.15651370316626007,-28.03,33.16,34.25,33.16,False,False,normal,正常
8,S039,沐恒腾东光伏,东海县,3.45,121,0.23876033057851237,0.10069843278151899,-57.82,60.38,58.89,60.38,False,False,normal,正常
8,S040,华电苏班光伏,赣榆区,5.96,119,0.7411764705882353,0.5311248274915966,-28.34,39.28,35.64,39.28,False,False,normal,正常
8,S041,交控赣榆南光伏,赣榆区,2.2,120,0.3236666666666667,0.20416048780312088,-36.92,48.52,46.22,48.52,False,False,normal,正常
8,S042,国能联合动力光伏,连云区,3.724,118,0.48796610169491517,0.358725914485527,-26.49,38.97,36.13,38.97,False,False,normal,正常
8,S047,汇九齿轮光伏电站,灌云县,4.8,118,0.47779661016949143,0.2847549371825395,-40.4,49.75,46.28,49.75,False,False,normal,正常
8,S048,卓贵光之明光伏,连云区,4.0,113,0.41141592920353987,0.27105139950434826,-34.12,48.44,43.94,48.44,False,False,normal,正常
8,S049,华能灌云光伏,灌云县,14.1,118,1.3468644067796611,0.6679861759006843,-50.4,74.19,57.11,74.19,False,False,normal,正常
8,S050,沐恒东海产业园光伏,东海县,2.55,121,0.1823140495867769,0.10994175990703732,-39.7,40.0,45.22,40.0,False,False,normal,正常
8,S051,鲲鹏德宇光伏,灌云县,5.025,112,0.39803571428571427,0.20014164969284895,-49.72,60.46,57.35,60.46,False,False,normal,正常
8,S052,鹰游新立成二期光伏,灌云县,6.08,122,0.7435245901639342,0.30062633789650706,-59.57,61.86,60.76,61.86,False,False,normal,正常
8,S053,鹰游新立成光伏电站,灌云县,13.33,122,5.540000000000001,2.047046843867283,-63.05,63.05,63.05,63.05,False,False,normal,正常
8,S054,鸿天伍江光伏,连云区,11.272,120,1.1387500000000002,0.6837013476784546,-39.96,53.96,47.84,53.96,False,False,normal,正常
8,S055,沐恒曲阳光伏,东海县,4.0,114,0.3430701754385967,0.2634929140953209,-23.2,18.34,25.39,18.34,False,False,normal,正常
8,S056,昱中科技光伏,连云区,3.15,115,0.2982608695652174,0.19571760957110632,-34.38,48.84,42.37,48.84,False,False,normal,正常
8,S059,首耀清墩光伏,海州区,2.0,122,0.3962295081967213,0.12580914200113721,-68.25,68.17,69.3,68.17,False,False,normal,正常
8,S060,华电蒙然源光伏,赣榆区,5.84,120,0.6075,0.40873846808511943,-32.72,45.39,41.39,45.39,False,False,normal,正常
8,S061,嘉伏黎明光伏,连云区,3.784,122,0.45106557377049183,0.24594993747093102,-45.47,57.3,49.62,57.3,False,False,normal,正常
8,S062,韩华大浦光伏电站,连云区,4.45368,117,0.36350427350427345,0.25148861416745244,-30.82,36.63,36.73,36.63,False,False,normal,正常
8,S063,铭信润海光伏,东海县,3.66,108,0.4942592592592593,0.3459309696062745,-30.01,53.98,42.1,53.98,False,False,normal,正常
8,S064,昱瑞青口光伏,赣榆区,3.288,111,0.3214414414414413,0.2819396491743202,-12.29,39.76,33.34,39.76,False,False,normal,正常
8,S065,中盛石榴光伏,东海县,1.9239,121,0.24694214876033058,0.13773541681408888,-44.22,57.56,49.86,57.56,False,False,normal,正常
8,S068,富云下车光伏,灌云县,1.223,117,0.12324786324786324,0.09720163227067129,-21.13,39.05,33.77,39.05,False,False,normal,正常
8,S070,旭日虎山光伏,连云区,2.1,118,0.1523728813559322,0.1454936901863332,-4.51,54.89,33.34,54.89,False,False,normal,正常
8,S071,协鑫南岗光伏,灌云县,20.0,119,3.1590756302521017,0.6918551605567064,-78.1,71.53,79.52,71.53,False,False,normal,正常
8,S072,交控大浦光伏,连云区,3.125,121,0.5419834710743802,0.21188682490742516,-60.91,65.58,63.39,65.58,False,False,normal,正常
8,S073,华能裕灌光伏,灌南县,15.0,122,1.9688524590163934,1.043867081677166,-46.98,55.88,53.48,55.88,False,False,normal,正常
8,S074,华能中林二期光伏,灌云县,4.0,121,0.4947107438016528,0.27197444312907854,-45.02,65.17,52.56,65.17,False,False,normal,正常
8,S075,旭樱新田光伏,海州区,2.63,122,0.28565573770491803,0.1727350393499195,-39.53,46.6,44.59,46.6,False,False,normal,正常
9,S002,华筑泰宝光伏,连云区,3.3,121,0.7480991735537189,0.37610467314692814,-49.73,51.82,53.57,51.82,False,False,normal,正常
9,S004,旭樱东堡光伏,连云区,3.97,121,0.7762809917355371,0.5982927553469165,-22.93,56.12,35.2,56.12,False,False,normal,正常
9,S006,沐恒石湖光伏,东海县,5.0,97,0.3705154639175258,0.32068573441151804,-13.45,34.92,31.43,34.92,False,False,normal,正常
9,S007,林洋朝阳光伏,连云区,22.0,122,6.814016393442623,6.729065812464755,-1.25,68.91,30.23,68.91,False,False,normal,正常
9,S008,协鑫盛昌光伏,灌云县,3.172,121,0.9021487603305786,0.7017452599127292,-22.21,32.9,30.37,32.9,False,False,normal,正常
9,S010,易睐珂浦南光伏,海州区,2.0,122,0.3678688524590164,0.3613706071878566,-1.77,62.55,26.05,62.55,False,False,normal,正常
9,S011,中森西苑光伏,灌云县,2.323,122,0.42155737704918034,0.34012388806169924,-19.32,35.92,30.93,35.92,False,False,normal,正常
9,S012,泰富如意情光伏,东海县,17.55,108,1.3771296296296303,1.0633669014116376,-22.78,48.31,47.56,48.31,False,False,normal,正常
9,S014,鲲鹏昇昌光伏,灌云县,5.1,120,0.8496666666666667,0.7736340912598936,-8.95,50.53,32.72,50.53,False,False,normal,正常
9,S016,衡航亚新光伏,灌南县,8.5,113,1.7415929203539822,1.4766922263775895,-15.21,36.93,30.46,36.93,False,False,normal,正常
9,S017,富云四队光伏,灌云县,0.954,119,0.09142857142857146,0.06213409510792755,-32.04,46.56,41.95,46.56,False,False,normal,正常
9,S018,国能百菇源光伏,灌云县,5.1,121,1.1223140495867767,1.057303233087058,-5.79,34.32,26.18,34.32,False,False,normal,正常
9,S019,首耀新海光伏,海州区,3.0,122,1.2937704918032784,0.6568953390069294,-49.23,50.52,54.51,50.52,False,False,normal,正常
9,S022,浦西光伏电站,海州区,3.24,122,0.7765573770491803,0.45408492018337965,-41.53,50.59,46.89,50.59,False,False,normal,正常
9,S023,连洋徐圩光伏,连云区,16.37,122,2.6486885245901637,2.449742110365637,-7.51,46.61,32.94,46.61,False,False,normal,正常
9,S024,兴怡紧固件光伏,赣榆区,5.99,121,1.0527272727272727,0.9007302186667882,-14.44,54.66,32.3,54.66,False,False,normal,正常
9,S025,夏源银得隆光伏,灌南县,5.65,121,1.1967768595041322,0.9378315232823135,-21.64,31.81,31.41,31.81,False,False,normal,正常
9,S028,华能星耀光伏,灌云县,3.14,122,0.7864754098360657,0.7126332343066927,-9.39,28.97,23.63,28.97,False,False,normal,正常
9,S030,中森侍庄光伏,灌云县,2.9,121,0.746198347107438,0.5791211747240953,-22.39,36.44,34.04,36.44,False,False,normal,正常
9,S031,富云杨集光伏,灌云县,0.9222,118,0.1328813559322034,0.17314086569056084,30.3,59.32,46.11,59.32,False,False,normal,正常
9,S033,天瀚万发光伏,海州区,5.688,122,1.262622950819672,1.197512926764199,-5.16,47.76,29.69,47.76,False,False,normal,正常
9,S034,建魄俊达光伏,灌云县,3.496,110,0.780909090909091,0.636656682021908,-18.47,34.09,30.94,34.09,False,False,normal,正常
9,S035,国能品品鲜光伏,灌云县,5.296,122,1.0643442622950818,0.5132595500565023,-51.78,49.58,53.03,49.58,False,False,normal,正常
9,S037,华能中林三期光伏,灌云县,5.946,78,1.3937179487179487,1.1404393469293173,-18.17,32.7,25.54,32.7,False,False,normal,正常
9,S038,衡诚天晴光伏,海州区,1.672,119,0.4147058823529412,0.3476699736791318,-16.16,30.42,27.08,30.42,False,False,normal,正常
9,S039,沐恒腾东光伏,东海县,3.45,121,0.48,0.28486250387333106,-40.65,49.48,46.96,49.48,False,False,normal,正常
9,S040,华电苏班光伏,赣榆区,5.96,122,1.3913114754098361,1.1847170122124164,-14.85,35.5,26.75,35.5,False,False,normal,正常
9,S041,交控赣榆南光伏,赣榆区,2.2,122,0.6581967213114754,0.5322153066569081,-19.14,46.7,34.47,46.7,False,False,normal,正常
9,S042,国能联合动力光伏,连云区,3.724,122,0.8765573770491802,0.8123307882756182,-7.33,43.76,28.35,43.76,False,False,normal,正常
9,S047,汇九齿轮光伏电站,灌云县,4.8,121,0.9451239669421488,0.7266283531463283,-23.12,33.45,31.67,33.45,False,False,normal,正常
9,S048,卓贵光之明光伏,连云区,4.0,115,0.7687826086956522,0.6107792439794599,-20.55,45.36,35.76,45.36,False,False,normal,正常
9,S049,华能灌云光伏,灌云县,14.1,121,2.352727272727273,1.9267241876619734,-18.11,48.64,33.91,48.64,False,False,normal,正常
9,S050,沐恒东海产业园光伏,东海县,2.55,121,0.3032231404958678,0.1846955009612751,-39.09,56.02,54.33,56.02,False,False,normal,正常
9,S051,鲲鹏德宇光伏,灌云县,5.025,114,0.742280701754386,0.5559201226729419,-25.11,52.2,43.36,52.2,False,False,normal,正常
9,S052,鹰游新立成二期光伏,灌云县,6.08,121,1.4417355371900826,0.8263399071543733,-42.68,47.57,45.26,47.57,False,False,normal,正常
9,S053,鹰游新立成光伏电站,灌云县,13.33,122,5.540000000000001,3.4349854558818227,-38.0,38.19,38.19,38.19,False,False,normal,正常
9,S054,鸿天伍江光伏,连云区,11.272,121,2.2010743801652892,1.8480745805632042,-16.04,38.9,33.02,38.9,False,False,normal,正常
9,S055,沐恒曲阳光伏,东海县,4.0,113,0.40539823008849574,0.2909452237348398,-28.23,15.18,28.96,15.18,False,False,normal,正常
9,S056,昱中科技光伏,连云区,3.15,119,0.5912605042016806,0.46804330337847216,-20.84,52.6,32.91,52.6,False,False,normal,正常
9,S059,首耀清墩光伏,海州区,2.0,122,0.4206557377049181,0.2610286718068957,-37.95,40.6,41.0,40.6,False,False,normal,正常
9,S060,华电蒙然源光伏,赣榆区,5.84,121,1.1978512396694214,0.9239604719026606,-22.87,38.39,34.44,38.39,False,False,normal,正常
9,S061,嘉伏黎明光伏,连云区,3.784,122,0.8288524590163935,0.6496675419370006,-21.62,46.81,35.72,46.81,False,False,normal,正常
9,S062,韩华大浦光伏电站,连云区,4.45368,119,0.6797478991596637,0.5683618051733724,-16.39,39.32,28.78,39.32,False,False,normal,正常
9,S063,铭信润海光伏,东海县,3.66,114,1.0371052631578948,0.8688803871930276,-16.22,48.05,34.9,48.05,False,False,normal,正常
9,S064,昱瑞青口光伏,赣榆区,3.288,118,0.5929661016949154,0.5452693993088715,-8.04,40.69,30.65,40.69,False,False,normal,正常
9,S065,中盛石榴光伏,东海县,1.9239,121,0.5280165289256198,0.2647173670907755,-49.87,55.78,54.83,55.78,False,False,normal,正常
9,S068,富云下车光伏,灌云县,1.223,121,0.23702479338842977,0.1880378007579877,-20.67,29.71,29.81,29.71,False,False,normal,正常
9,S070,旭日虎山光伏,连云区,2.1,121,0.3106611570247934,0.2606555418432179,-16.1,58.61,34.0,58.61,False,False,normal,正常
9,S071,协鑫南岗光伏,灌云县,20.0,120,3.86175,2.2948963404452702,-40.57,47.21,45.78,47.21,False,False,normal,正常
9,S072,交控大浦光伏,连云区,3.125,122,1.0124590163934424,0.6083000833309646,-39.92,58.99,50.69,58.99,False,False,normal,正常
9,S073,华能裕灌光伏,灌南县,15.0,122,3.5401639344262295,3.180316509483245,-10.16,40.33,31.67,40.33,False,False,normal,正常
9,S074,华能中林二期光伏,灌云县,4.0,122,0.879672131147541,0.7836992977273098,-10.91,41.66,32.6,41.66,False,False,normal,正常
9,S075,旭樱新田光伏,海州区,2.63,122,0.5227868852459017,0.4310065315733974,-17.56,49.91,32.28,49.91,False,False,normal,正常
10,S002,华筑泰宝光伏,连云区,3.3,121,0.9080991735537188,0.5776351672678189,-36.39,52.81,40.36,52.81,False,False,normal,正常
10,S004,旭樱东堡光伏,连云区,3.97,119,1.0689915966386556,0.9340210353796087,-12.63,45.35,27.39,45.35,False,False,normal,正常
10,S006,沐恒石湖光伏,东海县,5.0,104,0.5250961538461538,0.41018898735104503,-21.88,34.33,31.27,34.33,False,False,normal,正常
10,S007,林洋朝阳光伏,连云区,22.0,122,8.842377049180328,8.921349940029277,0.89,64.72,24.2,64.72,False,False,normal,正常
10,S008,协鑫盛昌光伏,灌云县,3.172,122,1.217377049180328,1.0318969147922017,-15.24,31.08,26.77,31.08,False,False,normal,正常
10,S010,易睐珂浦南光伏,海州区,2.0,122,0.5276229508196721,0.4932353506785404,-6.52,44.26,23.61,44.26,False,False,normal,正常
10,S011,中森西苑光伏,灌云县,2.323,122,0.5849180327868851,0.4876735888957518,-16.63,39.33,32.65,39.33,False,False,normal,正常
10,S012,泰富如意情光伏,东海县,17.55,109,1.6807339449541292,1.3105201559544735,-22.03,64.89,47.02,64.89,False,False,normal,正常
10,S014,鲲鹏昇昌光伏,灌云县,5.1,120,1.2635,1.1537521514700084,-8.69,35.58,26.34,35.58,False,False,normal,正常
10,S016,衡航亚新光伏,灌南县,8.5,120,2.207583333333333,2.04280357546012,-7.46,42.25,29.14,42.25,False,False,normal,正常
10,S017,富云四队光伏,灌云县,0.954,121,0.11752066115702481,0.06760982096249613,-42.47,44.92,46.44,44.92,False,False,normal,正常
10,S018,国能百菇源光伏,灌云县,5.1,121,1.4159504132231404,1.53561125461067,8.45,41.0,26.77,41.0,False,False,normal,正常
10,S019,首耀新海光伏,海州区,3.0,121,1.5958677685950413,0.9786490407314602,-38.68,49.24,43.93,49.24,False,False,normal,正常
10,S022,浦西光伏电站,海州区,3.24,122,1.103770491803279,0.710233987587229,-35.65,46.16,41.32,46.16,False,False,normal,正常
10,S023,连洋徐圩光伏,连云区,16.37,122,3.6896721311475407,3.509214283635698,-4.89,39.78,28.08,39.78,False,False,normal,正常
10,S024,兴怡紧固件光伏,赣榆区,5.99,121,1.494297520661157,1.341437514420306,-10.23,35.05,27.44,35.05,False,False,normal,正常
10,S025,夏源银得隆光伏,灌南县,5.65,122,1.7079508196721311,1.285291304952403,-24.75,39.06,34.87,39.06,False,False,normal,正常
10,S028,华能星耀光伏,灌云县,3.14,122,1.0738524590163936,1.0381218326761052,-3.33,26.52,22.01,26.52,False,False,normal,正常
10,S030,中森侍庄光伏,灌云县,2.9,120,1.03,0.8797600534789225,-14.59,32.83,27.53,32.83,False,False,normal,正常
10,S031,富云杨集光伏,灌云县,0.9222,120,0.18275,0.21903622114323532,19.86,50.0,37.06,50.0,False,False,normal,正常
10,S033,天瀚万发光伏,海州区,5.688,122,1.8057377049180325,1.7550397691714574,-2.81,36.78,22.38,36.78,False,False,normal,正常
10,S034,建魄俊达光伏,灌云县,3.496,112,1.1120535714285715,0.9550663201465415,-14.12,34.74,25.74,34.74,False,False,normal,正常
10,S035,国能品品鲜光伏,灌云县,5.296,122,1.4785245901639343,0.7299488925704314,-50.63,48.6,52.91,48.6,False,False,normal,正常
10,S037,华能中林三期光伏,灌云县,5.946,79,1.9948101265822786,1.7119717815487872,-14.18,32.37,21.21,32.37,False,False,normal,正常
10,S038,衡诚天晴光伏,海州区,1.672,119,0.5813445378151262,0.49398137885904286,-15.03,28.61,25.46,28.61,False,False,normal,正常
10,S039,沐恒腾东光伏,东海县,3.45,122,0.7068852459016393,0.4616450341828863,-34.69,52.59,40.86,52.59,False,False,normal,正常
10,S040,华电苏班光伏,赣榆区,5.96,122,1.9507377049180328,1.7467542498418838,-10.46,29.06,23.42,29.06,False,False,normal,正常
10,S041,交控赣榆南光伏,赣榆区,2.2,122,0.9367213114754097,0.7969484906657268,-14.92,42.16,32.29,42.16,False,False,normal,正常
10,S042,国能联合动力光伏,连云区,3.724,121,1.2036363636363636,1.1836321142172737,-1.66,35.29,22.22,35.29,False,False,normal,正常
10,S047,汇九齿轮光伏电站,灌云县,4.8,121,1.3109917355371903,1.079127244040997,-17.69,28.45,26.29,28.45,False,False,normal,正常
10,S048,卓贵光之明光伏,连云区,4.0,119,1.047983193277311,0.8685383643247397,-17.12,36.48,30.01,36.48,False,False,normal,正常
10,S049,华能灌云光伏,灌云县,14.1,122,3.255901639344262,2.8624861585311887,-12.08,36.13,26.44,36.13,False,False,normal,正常
10,S050,沐恒东海产业园光伏,东海县,2.55,121,0.39487603305785124,0.24912701425322775,-36.91,67.7,53.83,67.7,False,False,normal,正常
10,S051,鲲鹏德宇光伏,灌云县,5.025,115,1.0202608695652176,0.866518809398331,-15.07,54.08,35.97,54.08,False,False,normal,正常
10,S052,鹰游新立成二期光伏,灌云县,6.08,122,1.947049180327869,1.2429926713755324,-36.16,38.98,38.08,38.98,False,False,normal,正常
10,S053,鹰游新立成光伏电站,灌云县,13.33,122,5.540000000000001,4.2297412904622504,-23.65,27.46,27.46,27.46,False,False,normal,正常
10,S054,鸿天伍江光伏,连云区,11.272,122,2.9064754098360654,2.7492708561321395,-5.41,46.56,24.24,46.56,False,False,normal,正常
10,S055,沐恒曲阳光伏,东海县,4.0,113,0.4734513274336285,0.3077719341451725,-34.99,14.78,35.95,14.78,False,False,normal,正常
10,S056,昱中科技光伏,连云区,3.15,119,0.8239495798319327,0.7066447829869079,-14.24,34.95,25.64,34.95,False,False,normal,正常
10,S059,首耀清墩光伏,海州区,2.0,122,0.4254918032786886,0.35247654530953143,-17.16,35.94,36.04,35.94,False,False,normal,正常
10,S060,华电蒙然源光伏,赣榆区,5.84,122,1.606639344262295,1.3563283030882556,-15.58,30.64,27.56,30.64,False,False,normal,正常
10,S061,嘉伏黎明光伏,连云区,3.784,121,1.130661157024793,0.9730812262507615,-13.94,33.16,27.33,33.16,False,False,normal,正常
10,S062,韩华大浦光伏电站,连云区,4.45368,121,0.9380165289256199,0.8391477457679848,-10.54,31.61,21.47,31.61,False,False,normal,正常
10,S063,铭信润海光伏,东海县,3.66,117,1.389145299145299,1.2757791273818277,-8.16,37.37,25.87,37.37,False,False,normal,正常
10,S064,昱瑞青口光伏,赣榆区,3.288,121,0.7835537190082646,0.7516558461089106,-4.07,45.19,28.63,45.19,False,False,normal,正常
10,S065,中盛石榴光伏,东海县,1.9239,121,0.7074380165289257,0.39039964203164285,-44.82,51.16,48.86,51.16,False,False,normal,正常
10,S068,富云下车光伏,灌云县,1.223,121,0.308595041322314,0.24889793091837006,-19.34,35.01,29.82,35.01,False,False,normal,正常
10,S070,旭日虎山光伏,连云区,2.1,122,0.4380327868852459,0.34524150111880947,-21.18,63.83,35.29,63.83,False,False,normal,正常
10,S071,协鑫南岗光伏,灌云县,20.0,120,4.20075,3.4511734003320496,-17.84,38.52,33.37,38.52,False,False,normal,正常
10,S072,交控大浦光伏,连云区,3.125,122,1.400983606557377,0.9491697230072442,-32.25,46.33,41.21,46.33,False,False,normal,正常
10,S073,华能裕灌光伏,灌南县,15.0,122,5.013196721311475,4.523339500714947,-9.77,33.54,26.24,33.54,False,False,normal,正常
10,S074,华能中林二期光伏,灌云县,4.0,122,1.2498360655737704,1.174086966158096,-6.06,44.61,24.69,44.61,False,False,normal,正常
10,S075,旭樱新田光伏,海州区,2.63,122,0.7124590163934428,0.6399127545663954,-10.18,63.08,28.16,63.08,False,False,normal,正常
11,S002,华筑泰宝光伏,连云区,3.3,121,1.0445454545454544,0.7004823690724065,-32.94,36.41,34.78,36.41,False,False,normal,正常
11,S004,旭樱东堡光伏,连云区,3.97,122,1.2486065573770493,1.0795847849551667,-13.54,37.78,26.93,37.78,False,False,normal,正常
11,S006,沐恒石湖光伏,东海县,5.0,105,0.6675238095238094,0.4879305192610419,-26.9,29.34,31.02,29.34,False,False,normal,正常
11,S007,林洋朝阳光伏,连云区,22.0,122,10.57549180327869,10.0331556377031,-5.13,61.07,24.24,61.07,False,False,normal,正常
11,S008,协鑫盛昌光伏,灌云县,3.172,122,1.4144262295081966,1.1893252883633736,-15.91,32.54,27.42,32.54,False,False,normal,正常
11,S010,易睐珂浦南光伏,海州区,2.0,122,0.6309836065573771,0.573683637666868,-9.08,29.26,20.85,29.26,False,False,normal,正常
11,S011,中森西苑光伏,灌云县,2.323,122,0.681639344262295,0.570054944173914,-16.37,40.33,30.86,40.33,False,False,normal,正常
11,S012,泰富如意情光伏,东海县,17.55,109,1.8247706422018357,1.571613445866702,-13.87,78.51,52.95,78.51,False,False,normal,正常
11,S014,鲲鹏昇昌光伏,灌云县,5.1,120,1.43175,1.3190044215407657,-7.87,43.88,25.61,43.88,False,False,normal,正常
11,S016,衡航亚新光伏,灌南县,8.5,118,2.610084745762712,2.4125900541290095,-7.57,33.02,24.48,33.02,False,False,normal,正常
11,S017,富云四队光伏,灌云县,0.954,121,0.12991735537190083,0.06325174578450887,-51.31,53.11,53.41,53.11,False,False,normal,正常
11,S018,国能百菇源光伏,灌云县,5.1,122,1.7349180327868854,1.763809633444106,1.67,37.55,25.58,37.55,False,False,normal,正常
11,S019,首耀新海光伏,海州区,3.0,122,1.7583606557377052,1.1295214692441384,-35.76,40.66,38.59,40.66,False,False,normal,正常
11,S022,浦西光伏电站,海州区,3.24,122,1.3096721311475408,0.8486558566951807,-35.2,41.59,40.25,41.59,False,False,normal,正常
11,S023,连洋徐圩光伏,连云区,16.37,122,4.3939344262295075,4.044140297474893,-7.96,37.17,25.92,37.17,False,False,normal,正常
11,S024,兴怡紧固件光伏,赣榆区,5.99,120,1.7465833333333336,1.5809031710846868,-9.49,42.05,25.25,42.05,False,False,normal,正常
11,S025,夏源银得隆光伏,灌南县,5.65,122,2.0431967213114755,1.504609569797497,-26.36,38.87,36.11,38.87,False,False,normal,正常
11,S028,华能星耀光伏,灌云县,3.14,122,1.229672131147541,1.1873196751472195,-3.44,31.62,21.68,31.62,False,False,normal,正常
11,S030,中森侍庄光伏,灌云县,2.9,120,1.1628333333333332,1.0285754826547828,-11.55,38.55,27.36,38.55,False,False,normal,正常
11,S031,富云杨集光伏,灌云县,0.9222,121,0.2231404958677686,0.24333522535613036,9.05,40.6,26.11,40.6,False,False,normal,正常
11,S033,天瀚万发光伏,海州区,5.688,122,2.1951639344262297,2.049842285847261,-6.62,25.43,20.16,25.43,False,False,normal,正常
11,S034,建魄俊达光伏,灌云县,3.496,111,1.2284684684684684,1.1135089519327854,-9.36,36.06,24.4,36.06,False,False,normal,正常
11,S035,国能品品鲜光伏,灌云县,5.296,121,1.6618181818181819,0.8786612236959939,-47.13,51.03,51.73,51.03,False,False,normal,正常
11,S037,华能中林三期光伏,灌云县,5.946,79,2.3383544303797468,2.0533777388879235,-12.19,26.35,18.98,26.35,False,False,normal,正常
11,S038,衡诚天晴光伏,海州区,1.672,120,0.6887500000000001,0.5804589525948626,-15.72,31.96,26.26,31.96,False,False,normal,正常
11,S039,沐恒腾东光伏,东海县,3.45,122,0.8389344262295082,0.5757288947443459,-31.37,50.68,35.67,50.68,False,False,normal,正常
11,S040,华电苏班光伏,赣榆区,5.96,122,2.3544262295081966,2.080186354629,-11.65,29.92,22.29,29.92,False,False,normal,正常
11,S041,交控赣榆南光伏,赣榆区,2.2,121,1.1695867768595043,0.9455165145224508,-19.16,39.05,31.73,39.05,False,False,normal,正常
11,S042,国能联合动力光伏,连云区,3.724,121,1.4640495867768593,1.3741212368524047,-6.14,28.96,21.7,28.96,False,False,normal,正常
11,S047,汇九齿轮光伏电站,灌云县,4.8,121,1.4993388429752066,1.244052006294855,-17.03,33.14,27.29,33.14,False,False,normal,正常
11,S048,卓贵光之明光伏,连云区,4.0,121,1.2714876033057854,1.0009903437709387,-21.27,34.22,29.61,34.22,False,False,normal,正常
11,S049,华能灌云光伏,灌云县,14.1,122,3.613524590163935,3.289361634834454,-8.97,55.67,26.35,55.67,False,False,normal,正常
11,S050,沐恒东海产业园光伏,东海县,2.55,122,0.4554918032786886,0.2899613836615664,-36.34,84.46,54.99,84.46,False,False,normal,正常
11,S051,鲲鹏德宇光伏,灌云县,5.025,118,1.1332203389830506,0.97903717941488,-13.61,64.8,38.33,64.8,False,False,normal,正常
11,S052,鹰游新立成二期光伏,灌云县,6.08,122,2.2745081967213117,1.4343519507773963,-36.94,41.49,39.93,41.49,False,False,normal,正常
11,S053,鹰游新立成光伏电站,灌云县,13.33,122,5.540000000000001,4.625907175407992,-16.5,23.99,23.99,23.99,False,False,normal,正常
11,S054,鸿天伍江光伏,连云区,11.272,122,3.5523770491803273,3.2849493239375382,-7.53,40.5,21.9,40.5,False,False,normal,正常
11,S055,沐恒曲阳光伏,东海县,4.0,113,0.5182300884955754,0.3172514211695298,-38.78,15.86,40.71,15.86,False,False,normal,正常
11,S056,昱中科技光伏,连云区,3.15,121,0.9770247933884297,0.8341484858518466,-14.62,31.38,24.43,31.38,False,False,normal,正常
11,S059,首耀清墩光伏,海州区,2.0,122,0.43778688524590165,0.41112836851187595,-6.09,34.76,35.33,34.76,False,False,normal,正常
11,S060,华电蒙然源光伏,赣榆区,5.84,122,1.9284426229508198,1.603851278417157,-16.83,38.02,28.72,38.02,False,False,normal,正常
11,S061,嘉伏黎明光伏,连云区,3.784,122,1.3929508196721314,1.1391726756150358,-18.22,31.21,25.68,31.21,False,False,normal,正常
11,S062,韩华大浦光伏电站,连云区,4.45368,121,1.1769421487603307,0.9880551968248728,-16.05,31.58,25.98,31.58,False,False,normal,正常
11,S063,铭信润海光伏,东海县,3.66,118,1.684491525423729,1.4956281940426945,-11.21,33.85,25.09,33.85,False,False,normal,正常
11,S064,昱瑞青口光伏,赣榆区,3.288,120,0.9638333333333333,0.8868052651979068,-7.99,41.61,26.94,41.61,False,False,normal,正常
11,S065,中盛石榴光伏,东海县,1.9239,122,0.8938524590163934,0.49220384148627283,-44.93,47.27,47.01,47.27,False,False,normal,正常
11,S068,富云下车光伏,灌云县,1.223,122,0.37286885245901646,0.2874714485507468,-22.9,30.04,29.38,30.04,False,False,normal,正常
11,S070,旭日虎山光伏,连云区,2.1,122,0.5248360655737705,0.4004036897544097,-23.71,41.99,34.98,41.99,False,False,normal,正常
11,S071,协鑫南岗光伏,灌云县,20.0,120,4.545333333333334,3.96886760786756,-12.68,38.36,32.18,38.36,False,False,normal,正常
11,S072,交控大浦光伏,连云区,3.125,122,1.6708196721311472,1.1181091234716583,-33.08,41.36,40.55,41.36,False,False,normal,正常
11,S073,华能裕灌光伏,灌南县,15.0,122,5.907295081967213,5.069813316050148,-14.18,40.04,27.27,40.04,False,False,normal,正常
11,S074,华能中林二期光伏,灌云县,4.0,122,1.430327868852459,1.3582139326200813,-5.04,47.41,26.9,47.41,False,False,normal,正常
11,S075,旭樱新田光伏,海州区,2.63,122,0.8959016393442623,0.7582062014514183,-15.37,40.51,26.93,40.51,False,False,normal,正常
12,S002,华筑泰宝光伏,连云区,3.3,122,1.0855737704918034,0.7242648730070603,-33.28,42.35,37.59,42.35,False,False,normal,正常
12,S004,旭樱东堡光伏,连云区,3.97,121,1.3436363636363637,1.1205457061340252,-16.6,56.4,32.26,56.4,False,False,normal,正常
12,S006,沐恒石湖光伏,东海县,5.0,107,0.6857009345794391,0.5117024222127805,-25.38,30.79,30.23,30.79,False,False,normal,正常
12,S007,林洋朝阳光伏,连云区,22.0,122,10.442950819672129,9.82161370681736,-5.95,44.21,23.12,44.21,False,False,normal,正常
12,S008,协鑫盛昌光伏,灌云县,3.172,122,1.4330327868852457,1.2179068879412853,-15.01,36.95,27.4,36.95,False,False,normal,正常
12,S010,易睐珂浦南光伏,海州区,2.0,122,0.6516393442622951,0.5970993950991388,-8.37,31.28,21.54,31.28,False,False,normal,正常
12,S011,中森西苑光伏,灌云县,2.323,122,0.7326229508196721,0.5858956154141207,-20.03,42.17,32.25,42.17,False,False,normal,正常
12,S012,泰富如意情光伏,东海县,17.55,109,2.1297247706422024,1.6630613420746356,-21.91,73.12,53.66,73.12,False,False,normal,正常
12,S014,鲲鹏昇昌光伏,灌云县,5.1,120,1.5224166666666668,1.3517560764934344,-11.21,40.57,25.89,40.57,False,False,normal,正常
12,S016,衡航亚新光伏,灌南县,8.5,119,2.7619327731092436,2.399920319123035,-13.11,36.79,26.49,36.79,False,False,normal,正常
12,S017,富云四队光伏,灌云县,0.954,122,0.13704918032786884,0.046961724741706734,-65.73,64.18,66.32,64.18,False,False,normal,正常
12,S018,国能百菇源光伏,灌云县,5.1,122,1.7324590163934426,1.8120886620061991,4.6,41.32,24.24,41.32,False,False,normal,正常
12,S019,首耀新海光伏,海州区,3.0,122,1.7701639344262297,1.1674928257387482,-34.05,39.0,37.74,39.0,False,False,normal,正常
12,S022,浦西光伏电站,海州区,3.24,122,1.3709836065573773,0.8808517782872008,-35.75,44.34,41.72,44.34,False,False,normal,正常
12,S023,连洋徐圩光伏,连云区,16.37,122,4.64655737704918,4.1618085932642686,-10.43,52.07,27.55,52.07,False,False,normal,正常
12,S024,兴怡紧固件光伏,赣榆区,5.99,120,1.7977499999999997,1.6355005954914579,-9.03,35.6,26.57,35.6,False,False,normal,正常
12,S025,夏源银得隆光伏,灌南县,5.65,122,1.982950819672131,1.5216066657303144,-23.27,54.24,35.52,54.24,False,False,normal,正常
12,S028,华能星耀光伏,灌云县,3.14,122,1.3309016393442623,1.219726678890028,-8.35,34.06,22.22,34.06,False,False,normal,正常
12,S030,中森侍庄光伏,灌云县,2.9,121,1.228099173553719,1.0612636433250173,-13.58,39.05,26.9,39.05,False,False,normal,正常
12,S031,富云杨集光伏,灌云县,0.9222,120,0.2505,0.23725697070028487,-5.29,35.1,22.03,35.1,False,False,normal,正常
12,S033,天瀚万发光伏,海州区,5.688,122,2.2668852459016393,2.103439712901005,-7.21,40.97,24.65,40.97,False,False,normal,正常
12,S034,建魄俊达光伏,灌云县,3.496,113,1.3289380530973454,1.1286964805446082,-15.07,40.45,26.45,40.45,False,False,normal,正常
12,S035,国能品品鲜光伏,灌云县,5.296,121,1.76,0.9154406130512341,-47.99,52.93,53.01,52.93,False,False,normal,正常
12,S037,华能中林三期光伏,灌云县,5.946,79,2.4979746835443035,2.073544070841125,-16.99,31.4,21.78,31.4,False,False,normal,正常
12,S038,衡诚天晴光伏,海州区,1.672,120,0.7010000000000001,0.5998643469553134,-14.43,34.49,24.29,34.49,False,False,normal,正常
12,S039,沐恒腾东光伏,东海县,3.45,122,0.8759836065573771,0.5875355840229949,-32.93,41.94,37.12,41.94,False,False,normal,正常
12,S040,华电苏班光伏,赣榆区,5.96,122,2.407459016393443,2.146119884163375,-10.86,34.92,25.02,34.92,False,False,normal,正常
12,S041,交控赣榆南光伏,赣榆区,2.2,122,1.2075409836065576,0.973356704156844,-19.39,43.2,33.27,43.2,False,False,normal,正常
12,S042,国能联合动力光伏,连云区,3.724,122,1.4957377049180327,1.4037391316242838,-6.15,38.81,23.63,38.81,False,False,normal,正常
12,S047,汇九齿轮光伏电站,灌云县,4.8,121,1.5744628099173554,1.27390493951762,-19.09,35.08,27.59,35.08,False,False,normal,正常
12,S048,卓贵光之明光伏,连云区,4.0,121,1.3027272727272727,1.0326856795102004,-20.73,40.59,31.24,40.59,False,False,normal,正常
12,S049,华能灌云光伏,灌云县,14.1,122,3.9901639344262296,3.349985170277741,-16.04,43.19,29.62,43.19,False,False,normal,正常
12,S050,沐恒东海产业园光伏,东海县,2.55,122,0.4884426229508197,0.2977177867392308,-39.05,81.96,59.39,81.96,False,False,normal,正常
12,S051,鲲鹏德宇光伏,灌云县,5.025,119,1.3152100840336134,1.0071289154558212,-23.42,67.58,39.89,67.58,False,False,normal,正常
12,S052,鹰游新立成二期光伏,灌云县,6.08,122,2.4726229508196726,1.4525857471468016,-41.25,45.44,43.73,45.44,False,False,normal,正常
12,S053,鹰游新立成光伏电站,灌云县,13.33,122,5.540000000000001,4.659570806883265,-15.89,24.02,24.02,24.02,False,False,normal,正常
12,S054,鸿天伍江光伏,连云区,11.272,122,3.7182786885245895,3.391956683497239,-8.78,38.45,23.83,38.45,False,False,normal,正常
12,S055,沐恒曲阳光伏,东海县,4.0,114,0.534561403508772,0.3163554248703761,-40.82,17.55,42.95,17.55,False,False,normal,正常
12,S056,昱中科技光伏,连云区,3.15,121,1.0263636363636361,0.8597477524974677,-16.23,37.67,26.17,37.67,False,False,normal,正常
12,S059,首耀清墩光伏,海州区,2.0,122,0.44836065573770495,0.42113876707191616,-6.07,34.46,35.07,34.46,False,False,normal,正常
12,S060,华电蒙然源光伏,赣榆区,5.84,122,2.002622950819672,1.657055875440386,-17.26,39.15,31.76,39.15,False,False,normal,正常
12,S061,嘉伏黎明光伏,连云区,3.784,122,1.3783606557377048,1.1764003789859838,-14.65,37.09,27.32,37.09,False,False,normal,正常
12,S062,韩华大浦光伏电站,连云区,4.45368,122,1.1765573770491804,1.0150971493080567,-13.72,41.35,26.53,41.35,False,False,normal,正常
12,S063,铭信润海光伏,东海县,3.66,120,1.7017499999999999,1.5114293708919584,-11.18,52.15,27.64,52.15,False,False,normal,正常
12,S064,昱瑞青口光伏,赣榆区,3.288,120,1.0146666666666666,0.9278629568210969,-8.55,50.92,25.94,50.92,False,False,normal,正常
12,S065,中盛石榴光伏,东海县,1.9239,122,0.8895081967213114,0.5168905182475076,-41.89,46.98,46.54,46.98,False,False,normal,正常
12,S068,富云下车光伏,灌云县,1.223,122,0.38942622950819666,0.28969301369455835,-25.61,33.69,31.35,33.69,False,False,normal,正常
12,S070,旭日虎山光伏,连云区,2.1,122,0.5609016393442624,0.41530142810270276,-25.96,49.48,36.55,49.48,False,False,normal,正常
12,S071,协鑫南岗光伏,灌云县,20.0,120,4.575916666666666,4.061028487972944,-11.25,43.37,35.38,43.37,False,False,normal,正常
12,S072,交控大浦光伏,连云区,3.125,122,1.6990983606557377,1.1586250807948975,-31.81,47.24,40.01,47.24,False,False,normal,正常
12,S073,华能裕灌光伏,灌南县,15.0,122,5.940245901639344,5.142825564798911,-13.42,44.83,26.98,44.83,False,False,normal,正常
12,S074,华能中林二期光伏,灌云县,4.0,122,1.5501639344262292,1.3916772854057031,-10.22,40.65,24.4,40.65,False,False,normal,正常
12,S075,旭樱新田光伏,海州区,2.63,122,0.8897540983606558,0.7848111395300488,-11.79,42.38,28.94,42.38,False,False,normal,正常
13,S002,华筑泰宝光伏,连云区,3.3,122,0.9897540983606556,0.6936765952311171,-29.91,36.85,35.23,36.85,False,False,normal,正常
13,S004,旭樱东堡光伏,连云区,3.97,122,1.214672131147541,1.0663049484842075,-12.21,55.14,28.87,55.14,False,False,normal,正常
13,S006,沐恒石湖光伏,东海县,5.0,106,0.6730188679245283,0.4910989593495742,-27.03,30.29,30.98,30.29,False,False,normal,正常
13,S007,林洋朝阳光伏,连云区,22.0,122,9.170491803278688,8.97275634781972,-2.16,61.87,31.1,61.87,False,False,normal,正常
13,S008,协鑫盛昌光伏,灌云县,3.172,122,1.351639344262295,1.166966200455491,-13.66,44.6,29.08,44.6,False,False,normal,正常
13,S010,易睐珂浦南光伏,海州区,2.0,122,0.6212295081967214,0.5715012046760993,-8.0,29.41,22.91,29.41,False,False,normal,正常
13,S011,中森西苑光伏,灌云县,2.323,122,0.6437704918032786,0.552323662039506,-14.2,39.87,30.27,39.87,False,False,normal,正常
13,S012,泰富如意情光伏,东海县,17.55,109,1.917155963302753,1.5681763577278953,-18.2,64.27,49.5,64.27,False,False,normal,正常
13,S014,鲲鹏昇昌光伏,灌云县,5.1,120,1.3465833333333335,1.3017795792351163,-3.33,47.19,28.62,47.19,False,False,normal,正常
13,S016,衡航亚新光伏,灌南县,8.5,120,2.41675,2.230823253375947,-7.69,42.24,28.36,42.24,False,False,normal,正常
13,S017,富云四队光伏,灌云县,0.954,120,0.12441666666666668,0.03732148764147369,-70.0,67.54,70.53,67.54,False,False,normal,正常
13,S018,国能百菇源光伏,灌云县,5.1,121,1.6850413223140497,1.7540469076217549,4.1,37.64,25.67,37.64,False,False,normal,正常
13,S019,首耀新海光伏,海州区,3.0,122,1.701639344262295,1.119922313649348,-34.19,40.77,37.66,40.77,False,False,normal,正常
13,S022,浦西光伏电站,海州区,3.24,122,1.3012295081967213,0.8311191919324699,-36.13,42.65,40.93,42.65,False,False,normal,正常
13,S023,连洋徐圩光伏,连云区,16.37,121,4.289669421487604,3.9795018481070743,-7.23,51.0,28.13,51.0,False,False,normal,正常
13,S024,兴怡紧固件光伏,赣榆区,5.99,119,1.6398319327731095,1.5671615491491646,-4.43,41.29,28.99,41.29,False,False,normal,正常
13,S025,夏源银得隆光伏,灌南县,5.65,122,1.972704918032787,1.4432559030782428,-26.84,48.51,38.51,48.51,False,False,normal,正常
13,S028,华能星耀光伏,灌云县,3.14,122,1.2281147540983606,1.1660663568825442,-5.05,39.59,25.11,39.59,False,False,normal,正常
13,S030,中森侍庄光伏,灌云县,2.9,121,1.1509917355371901,1.0120400704660415,-12.07,50.72,28.54,50.72,False,False,normal,正常
13,S031,富云杨集光伏,灌云县,0.9222,120,0.2425833333333333,0.22100400741153178,-8.9,32.18,23.74,32.18,False,False,normal,正常
13,S033,天瀚万发光伏,海州区,5.688,122,2.0709836065573772,2.0194140904246813,-2.49,28.47,22.06,28.47,False,False,normal,正常
13,S034,建魄俊达光伏,灌云县,3.496,113,1.2106194690265488,1.079493152569767,-10.83,69.26,27.23,69.26,False,False,normal,正常
13,S035,国能品品鲜光伏,灌云县,5.296,121,1.6465289256198345,0.8400993859441008,-48.98,52.97,52.44,52.97,False,False,normal,正常
13,S037,华能中林三期光伏,灌云县,5.946,79,2.2637974683544306,1.9572575292990797,-13.54,30.49,22.51,30.49,False,False,normal,正常
13,S038,衡诚天晴光伏,海州区,1.672,121,0.6543801652892561,0.5667431816528187,-13.39,29.97,24.68,29.97,False,False,normal,正常
13,S039,沐恒腾东光伏,东海县,3.45,122,0.8217213114754098,0.5631638008349128,-31.47,37.51,34.53,37.51,False,False,normal,正常
13,S040,华电苏班光伏,赣榆区,5.96,122,2.219098360655738,2.0234788786266242,-8.82,38.26,25.7,38.26,False,False,normal,正常
13,S041,交控赣榆南光伏,赣榆区,2.2,122,1.0914754098360655,0.9248376460979134,-15.27,49.8,35.95,49.8,False,False,normal,正常
13,S042,国能联合动力光伏,连云区,3.724,122,1.3377049180327867,1.347584102868201,0.74,42.49,25.18,42.49,False,False,normal,正常
13,S047,汇九齿轮光伏电站,灌云县,4.8,121,1.511404958677686,1.2132576751059103,-19.73,37.96,28.89,37.96,False,False,normal,正常
13,S048,卓贵光之明光伏,连云区,4.0,120,1.1639166666666667,0.9964157688278281,-14.39,45.39,32.39,45.39,False,False,normal,正常
13,S049,华能灌云光伏,灌云县,14.1,122,3.659590163934426,3.1669794100044397,-13.46,50.66,31.2,50.66,False,False,normal,正常
13,S050,沐恒东海产业园光伏,东海县,2.55,122,0.4634426229508198,0.27821439277068216,-39.97,73.34,56.0,73.34,False,False,normal,正常
13,S051,鲲鹏德宇光伏,灌云县,5.025,120,1.1885833333333333,0.9623261652565865,-19.04,65.56,40.61,65.56,False,False,normal,正常
13,S052,鹰游新立成二期光伏,灌云县,6.08,122,2.2401639344262296,1.3876251803592397,-38.06,44.58,41.28,44.58,False,False,normal,正常
13,S053,鹰游新立成光伏电站,灌云县,13.33,122,5.540000000000001,4.4645359195084175,-19.41,25.05,25.05,25.05,False,False,normal,正常
13,S054,鸿天伍江光伏,连云区,11.272,122,3.325327868852459,3.1974952657987625,-3.84,42.6,24.69,42.6,False,False,normal,正常
13,S055,沐恒曲阳光伏,东海县,4.0,114,0.5167543859649125,0.31020802515791845,-39.97,16.24,41.15,16.24,False,False,normal,正常
13,S056,昱中科技光伏,连云区,3.15,122,0.8899180327868852,0.8148757441984128,-8.43,53.9,26.04,53.9,False,False,normal,正常
13,S059,首耀清墩光伏,海州区,2.0,122,0.44352459016393453,0.40014829610431113,-9.78,32.24,32.96,32.24,False,False,normal,正常
13,S060,华电蒙然源光伏,赣榆区,5.84,122,1.7521311475409838,1.5715577097841074,-10.31,36.17,27.41,36.17,False,False,normal,正常
13,S061,嘉伏黎明光伏,连云区,3.784,122,1.2140163934426231,1.1244083303490036,-7.38,40.13,29.23,40.13,False,False,normal,正常
13,S062,韩华大浦光伏电站,连云区,4.45368,122,1.095327868852459,0.9717095732766315,-11.29,40.3,27.48,40.3,False,False,normal,正常
13,S063,铭信润海光伏,东海县,3.66,116,1.7081896551724138,1.4995715787362782,-12.21,41.28,29.38,41.28,False,False,normal,正常
13,S064,昱瑞青口光伏,赣榆区,3.288,119,0.9221848739495798,0.9001284845726208,-2.39,47.54,26.65,47.54,False,False,normal,正常
13,S065,中盛石榴光伏,东海县,1.9239,122,0.8627868852459016,0.47434741727704033,-45.02,47.31,48.62,47.31,False,False,normal,正常
13,S068,富云下车光伏,灌云县,1.223,122,0.3645901639344263,0.2745028945557524,-24.71,38.54,31.81,38.54,False,False,normal,正常
13,S070,旭日虎山光伏,连云区,2.1,122,0.5081967213114754,0.3948644696015318,-22.3,53.1,38.58,53.1,False,False,normal,正常
13,S071,协鑫南岗光伏,灌云县,20.0,120,4.5074999999999985,3.8293088114790765,-15.05,45.31,33.06,45.31,False,False,normal,正常
13,S072,交控大浦光伏,连云区,3.125,122,1.5977868852459016,1.1068916609233515,-30.72,44.41,40.66,44.41,False,False,normal,正常
13,S073,华能裕灌光伏,灌南县,15.0,122,5.478606557377048,4.858682597686533,-11.32,37.98,25.07,37.98,False,False,normal,正常
13,S074,华能中林二期光伏,灌云县,4.0,122,1.4798360655737706,1.344920324271537,-9.12,35.06,24.51,35.06,False,False,normal,正常
13,S075,旭樱新田光伏,海州区,2.63,122,0.8540983606557379,0.744964515483889,-12.78,58.52,30.18,58.52,False,False,normal,正常
14,S002,华筑泰宝光伏,连云区,3.3,122,0.8770491803278687,0.5485812332702348,-37.45,40.76,39.59,40.76,False,False,normal,正常
14,S004,旭樱东堡光伏,连云区,3.97,122,0.9736065573770493,0.8647987055969277,-11.18,62.11,29.76,62.11,False,False,normal,正常
14,S006,沐恒石湖光伏,东海县,5.0,106,0.5575471698113207,0.3865766411940952,-30.66,32.92,34.53,32.92,False,False,normal,正常
14,S007,林洋朝阳光伏,连云区,22.0,122,7.660655737704917,7.0332718485914425,-8.19,56.44,26.69,56.44,False,False,normal,正常
14,S008,协鑫盛昌光伏,灌云县,3.172,122,1.0784426229508197,0.9735770256205923,-9.72,32.92,25.42,32.92,False,False,normal,正常
14,S010,易睐珂浦南光伏,海州区,2.0,122,0.5192622950819673,0.4612347706267837,-11.17,34.22,24.87,34.22,False,False,normal,正常
14,S011,中森西苑光伏,灌云县,2.323,122,0.5794262295081967,0.4603388700049957,-20.55,39.17,34.14,39.17,False,False,normal,正常
14,S012,泰富如意情光伏,东海县,17.55,109,1.5634862385321104,1.2593055883136646,-19.46,51.76,53.67,51.76,False,False,normal,正常
14,S014,鲲鹏昇昌光伏,灌云县,5.1,119,1.1547058823529412,1.0862306225548237,-5.93,53.96,31.87,53.96,False,False,normal,正常
14,S016,衡航亚新光伏,灌南县,8.5,114,2.258684210526316,1.8671875114740517,-17.33,45.28,32.37,45.28,False,False,normal,正常
14,S017,富云四队光伏,灌云县,0.954,121,0.1081818181818182,0.02784516895727968,-74.26,72.64,75.61,72.64,False,False,normal,正常
14,S018,国能百菇源光伏,灌云县,5.1,122,1.3459016393442624,1.4672959191164923,9.02,49.08,27.77,49.08,False,False,normal,正常
14,S019,首耀新海光伏,海州区,3.0,122,1.4616393442622948,0.9303981912353615,-36.35,41.94,41.44,41.94,False,False,normal,正常
14,S022,浦西光伏电站,海州区,3.24,122,1.0402459016393442,0.6531360067651136,-37.21,43.24,41.55,43.24,False,False,normal,正常
14,S023,连洋徐圩光伏,连云区,16.37,122,3.4564754098360657,3.21077144336812,-7.11,56.79,30.91,56.79,False,False,normal,正常
14,S024,兴怡紧固件光伏,赣榆区,5.99,119,1.2930252100840331,1.2910485853526046,-0.15,42.34,30.63,42.34,False,False,normal,正常
14,S025,夏源银得隆光伏,灌南县,5.65,122,1.5823770491803277,1.1862187763773149,-25.04,47.56,35.63,47.56,False,False,normal,正常
14,S028,华能星耀光伏,灌云县,3.14,122,0.9981147540983606,0.9727587077789281,-2.54,45.32,28.78,45.32,False,False,normal,正常
14,S030,中森侍庄光伏,灌云县,2.9,121,0.9554545454545456,0.8380148387494485,-12.29,48.66,30.27,48.66,False,False,normal,正常
14,S031,富云杨集光伏,灌云县,0.9222,119,0.2054621848739496,0.17138033759585944,-16.59,44.54,34.1,44.54,False,False,normal,正常
14,S033,天瀚万发光伏,海州区,5.688,122,1.7284426229508199,1.6956507251467243,-1.9,41.21,27.32,41.21,False,False,normal,正常
14,S034,建魄俊达光伏,灌云县,3.496,111,0.9979279279279278,0.9103057301876578,-8.78,51.89,26.04,51.89,False,False,normal,正常
14,S035,国能品品鲜光伏,灌云县,5.296,121,1.3592561983471074,0.7002688033520827,-48.48,55.39,54.21,55.39,False,False,normal,正常
14,S037,华能中林三期光伏,灌云县,5.946,79,1.7546835443037976,1.6236982848108779,-7.46,38.29,21.07,38.29,False,False,normal,正常
14,S038,衡诚天晴光伏,海州区,1.672,120,0.54275,0.4438326098773865,-18.23,37.36,29.68,37.36,False,False,normal,正常
14,S039,沐恒腾东光伏,东海县,3.45,122,0.6600819672131147,0.4376363695175757,-33.7,43.34,36.23,43.34,False,False,normal,正常
14,S040,华电苏班光伏,赣榆区,5.96,122,1.8402459016393442,1.684651617943616,-8.46,34.92,26.69,34.92,False,False,normal,正常
14,S041,交控赣榆南光伏,赣榆区,2.2,122,0.9360655737704918,0.7769282351914225,-17.0,85.1,32.76,85.1,False,False,normal,正常
14,S042,国能联合动力光伏,连云区,3.724,122,1.1200819672131148,1.1230990164803354,0.27,46.25,24.74,46.25,False,False,normal,正常
14,S047,汇九齿轮光伏电站,灌云县,4.8,121,1.2103305785123966,1.0052844630091349,-16.94,41.86,30.86,41.86,False,False,normal,正常
14,S048,卓贵光之明光伏,连云区,4.0,118,0.9899999999999998,0.8321102067329564,-15.95,38.68,27.31,38.68,False,False,normal,正常
14,S049,华能灌云光伏,灌云县,14.1,122,2.94344262295082,2.5137482345148037,-14.6,54.97,30.89,54.97,False,False,normal,正常
14,S050,沐恒东海产业园光伏,东海县,2.55,122,0.37311475409836065,0.21561736589174435,-42.21,61.39,57.37,61.39,False,False,normal,正常
14,S051,鲲鹏德宇光伏,灌云县,5.025,121,1.0041322314049588,0.7958734725017507,-20.74,54.54,40.92,54.54,False,False,normal,正常
14,S052,鹰游新立成二期光伏,灌云县,6.08,122,1.8575409836065577,1.1465029261289663,-38.28,43.97,41.48,43.97,False,False,normal,正常
14,S053,鹰游新立成光伏电站,灌云县,13.33,122,5.540000000000001,3.974049032560557,-28.27,30.07,30.07,30.07,False,False,normal,正常
14,S054,鸿天伍江光伏,连云区,11.272,122,2.789262295081967,2.5694541762232497,-7.88,49.35,26.32,49.35,False,False,normal,正常
14,S055,沐恒曲阳光伏,东海县,4.0,114,0.4584210526315791,0.29388827657453814,-35.89,18.77,37.55,18.77,False,False,normal,正常
14,S056,昱中科技光伏,连云区,3.15,118,0.7533050847457626,0.6584216347992581,-12.6,34.64,24.53,34.64,False,False,normal,正常
14,S059,首耀清墩光伏,海州区,2.0,122,0.43909836065573776,0.3224061838676971,-26.58,34.06,34.22,34.06,False,False,normal,正常
14,S060,华电蒙然源光伏,赣榆区,5.84,122,1.4794262295081966,1.3023809397779418,-11.97,39.3,29.74,39.3,False,False,normal,正常
14,S061,嘉伏黎明光伏,连云区,3.784,122,1.0740163934426228,0.9135651885970949,-14.94,43.88,29.25,43.88,False,False,normal,正常
14,S062,韩华大浦光伏电站,连云区,4.45368,122,0.9295081967213114,0.8019953908701396,-13.72,35.16,26.2,35.16,False,False,normal,正常
14,S063,铭信润海光伏,东海县,3.66,116,1.3772413793103448,1.2490192946387084,-9.31,53.26,29.89,53.26,False,False,normal,正常
14,S064,昱瑞青口光伏,赣榆区,3.288,121,0.7288429752066116,0.7676890595476328,5.33,46.07,26.99,46.07,False,False,normal,正常
14,S065,中盛石榴光伏,东海县,1.9239,122,0.7308196721311476,0.36380414234830727,-50.22,52.59,53.2,52.59,False,False,normal,正常
14,S068,富云下车光伏,灌云县,1.223,122,0.2938524590163934,0.21850006163011274,-25.64,37.02,33.82,37.02,False,False,normal,正常
14,S070,旭日虎山光伏,连云区,2.1,122,0.4220491803278688,0.32411811877376473,-23.2,59.43,37.82,59.43,False,False,normal,正常
14,S071,协鑫南岗光伏,灌云县,20.0,120,4.102666666666666,3.15285773385995,-23.15,85.1,39.44,85.1,False,False,normal,正常
14,S072,交控大浦光伏,连云区,3.125,122,1.4092622950819673,0.900417877679579,-36.11,46.65,42.55,46.65,False,False,normal,正常
14,S073,华能裕灌光伏,灌南县,15.0,122,4.495081967213116,4.090976487699118,-8.99,41.75,29.07,41.75,False,False,normal,正常
14,S074,华能中林二期光伏,灌云县,4.0,122,1.2053278688524591,1.115517433236416,-7.45,49.5,29.04,49.5,False,False,normal,正常
14,S075,旭樱新田光伏,海州区,2.63,122,0.6981967213114754,0.5944651606616012,-14.86,46.21,28.7,46.21,False,False,normal,正常
15,S002,华筑泰宝光伏,连云区,3.3,122,0.7030327868852458,0.3486148836271142,-50.41,49.13,51.61,49.13,False,False,normal,正常
15,S004,旭樱东堡光伏,连云区,3.97,120,0.6737500000000001,0.5676024074536307,-15.75,52.25,32.34,52.25,False,False,normal,正常
15,S006,沐恒石湖光伏,东海县,5.0,104,0.3868269230769231,0.28177523387933806,-27.16,28.32,30.69,28.32,False,False,normal,正常
15,S007,林洋朝阳光伏,连云区,22.0,122,5.032868852459016,4.576821976451658,-9.06,50.16,26.89,50.16,False,False,normal,正常
15,S008,协鑫盛昌光伏,灌云县,3.172,122,0.7260655737704917,0.6763275883514798,-6.85,36.98,26.17,36.98,False,False,normal,正常
15,S010,易睐珂浦南光伏,海州区,2.0,122,0.3517213114754098,0.3270743738591686,-7.01,33.68,25.03,33.68,False,False,normal,正常
15,S011,中森西苑光伏,灌云县,2.323,122,0.36426229508196717,0.33477591469313767,-8.09,42.53,28.31,42.53,False,False,normal,正常
15,S012,泰富如意情光伏,东海县,17.55,109,1.157706422018349,1.06130994281849,-8.33,33.79,43.45,33.79,False,False,normal,正常
15,S014,鲲鹏昇昌光伏,灌云县,5.1,120,0.775,0.7430080361928509,-4.13,39.86,30.49,39.86,False,False,normal,正常
15,S016,衡航亚新光伏,灌南县,8.5,108,1.4321296296296295,1.3984080651238575,-2.35,33.79,26.57,33.79,False,False,normal,正常
15,S017,富云四队光伏,灌云县,0.954,120,0.08200000000000002,0.02379999999999998,-70.98,68.02,74.12,68.02,False,False,normal,正常
15,S018,国能百菇源光伏,灌云县,5.1,122,0.8472131147540983,1.0426073957427284,23.06,64.36,40.59,64.36,False,False,normal,正常
15,S019,首耀新海光伏,海州区,3.0,122,1.1124590163934427,0.6655163176123813,-40.18,44.02,46.64,44.02,False,False,normal,正常
15,S022,浦西光伏电站,海州区,3.24,122,0.7164754098360654,0.42189761158259925,-41.11,45.05,42.12,45.05,False,False,normal,正常
15,S023,连洋徐圩光伏,连云区,16.37,121,2.3682644628099174,2.206016969839967,-6.85,58.02,29.72,58.02,False,False,normal,正常
15,S024,兴怡紧固件光伏,赣榆区,5.99,120,0.9375833333333332,0.8953293952158667,-4.51,42.04,31.09,42.04,False,False,normal,正常
15,S025,夏源银得隆光伏,灌南县,5.65,121,1.0299173553719005,0.8792451505175276,-14.63,35.58,26.92,35.58,False,False,normal,正常
15,S028,华能星耀光伏,灌云县,3.14,122,0.6179508196721311,0.6890078016981772,11.5,51.37,32.69,51.37,False,False,normal,正常
15,S030,中森侍庄光伏,灌云县,2.9,121,0.6081818181818182,0.5894465804272607,-3.08,45.56,26.82,45.56,False,False,normal,正常
15,S031,富云杨集光伏,灌云县,0.9222,116,0.15094827586206894,0.10089132299692642,-33.16,48.52,41.15,48.52,False,False,normal,正常
15,S033,天瀚万发光伏,海州区,5.688,122,1.1621311475409837,1.2016841949547101,3.4,40.53,27.28,40.53,False,False,normal,正常
15,S034,建魄俊达光伏,灌云县,3.496,107,0.6809345794392523,0.6110719652544617,-10.26,27.12,23.73,27.12,False,False,normal,正常
15,S035,国能品品鲜光伏,灌云县,5.296,121,0.8885123966942149,0.49215892126231575,-44.61,51.46,49.7,51.46,False,False,normal,正常
15,S037,华能中林三期光伏,灌云县,5.946,80,1.1157499999999998,1.1027185896371978,-1.17,41.37,23.35,41.37,False,False,normal,正常
15,S038,衡诚天晴光伏,海州区,1.672,120,0.34458333333333335,0.29491237838326756,-14.41,38.59,32.34,38.59,False,False,normal,正常
15,S039,沐恒腾东光伏,东海县,3.45,122,0.4318852459016394,0.263490703137761,-38.99,50.57,40.55,50.57,False,False,normal,正常
15,S040,华电苏班光伏,赣榆区,5.96,122,1.2436885245901639,1.2136165693039322,-2.42,33.82,26.27,33.82,False,False,normal,正常
15,S041,交控赣榆南光伏,赣榆区,2.2,122,0.629672131147541,0.5276128968760749,-16.21,44.52,30.14,44.52,False,False,normal,正常
15,S042,国能联合动力光伏,连云区,3.724,122,0.754672131147541,0.7899771943164894,4.68,39.04,29.3,39.04,False,False,normal,正常
15,S047,汇九齿轮光伏电站,灌云县,4.8,121,0.7575206611570249,0.6944671194277386,-8.32,44.51,27.06,44.51,False,False,normal,正常
15,S048,卓贵光之明光伏,连云区,4.0,119,0.6619327731092438,0.5646126578909726,-14.7,40.41,27.09,40.41,False,False,normal,正常
15,S049,华能灌云光伏,灌云县,14.1,122,1.8684426229508198,1.6025910822068516,-14.23,34.93,27.08,34.93,False,False,normal,正常
15,S050,沐恒东海产业园光伏,东海县,2.55,122,0.28295081967213115,0.14700157587325172,-48.05,59.58,55.09,59.58,False,False,normal,正常
15,S051,鲲鹏德宇光伏,灌云县,5.025,121,0.696694214876033,0.511419884095381,-26.59,64.91,44.99,64.91,False,False,normal,正常
15,S052,鹰游新立成二期光伏,灌云县,6.08,122,1.209098360655738,0.7944014059019953,-34.3,42.5,39.14,42.5,False,False,normal,正常
15,S053,鹰游新立成光伏电站,灌云县,13.33,122,5.540000000000001,3.208004781282675,-42.09,42.59,42.59,42.59,False,False,normal,正常
15,S054,鸿天伍江光伏,连云区,11.272,121,1.9100826446280992,1.724870347845545,-9.7,32.81,24.86,32.81,False,False,normal,正常
15,S055,沐恒曲阳光伏,东海县,4.0,113,0.3841592920353984,0.2734527173296359,-28.82,20.71,31.34,20.71,False,False,normal,正常
15,S056,昱中科技光伏,连云区,3.15,119,0.5084033613445378,0.4332741708890439,-14.78,31.31,23.77,31.31,False,False,normal,正常
15,S059,首耀清墩光伏,海州区,2.0,122,0.424672131147541,0.21237749525078417,-49.99,54.17,52.5,54.17,False,False,normal,正常
15,S060,华电蒙然源光伏,赣榆区,5.84,122,1.106311475409836,0.9207102216362656,-16.78,34.53,29.57,34.53,False,False,normal,正常
15,S061,嘉伏黎明光伏,连云区,3.784,122,0.6977868852459017,0.6191331925981015,-11.27,38.0,29.33,38.0,False,False,normal,正常
15,S062,韩华大浦光伏电站,连云区,4.45368,122,0.6233606557377049,0.5379224499390413,-13.71,37.6,27.29,37.6,False,False,normal,正常
15,S063,铭信润海光伏,东海县,3.66,115,0.9088695652173914,0.887217841467145,-2.38,33.96,21.97,33.96,False,False,normal,正常
15,S064,昱瑞青口光伏,赣榆区,3.288,119,0.5028571428571428,0.5732428906433623,14.0,48.14,33.37,48.14,False,False,normal,正常
15,S065,中盛石榴光伏,东海县,1.9239,122,0.4713114754098361,0.2597329689369452,-44.89,44.73,47.64,44.73,False,False,normal,正常
15,S068,富云下车光伏,灌云县,1.223,122,0.18991803278688527,0.13804275129204438,-27.31,40.53,36.33,40.53,False,False,normal,正常
15,S070,旭日虎山光伏,连云区,2.1,121,0.3179338842975207,0.23081702470057644,-27.4,37.18,34.94,37.18,False,False,normal,正常
15,S071,协鑫南岗光伏,灌云县,20.0,120,3.6632499999999997,2.109787472782408,-42.41,82.44,55.03,82.44,False,False,normal,正常
15,S072,交控大浦光伏,连云区,3.125,122,0.998032786885246,0.6084745133974268,-39.03,49.48,44.92,49.48,False,False,normal,正常
15,S073,华能裕灌光伏,灌南县,15.0,122,2.9650000000000003,2.8579030174122986,-3.61,51.36,35.31,51.36,False,False,normal,正常
15,S074,华能中林二期光伏,灌云县,4.0,122,0.8095081967213115,0.7577074347122541,-6.4,39.24,29.02,39.24,False,False,normal,正常
15,S075,旭樱新田光伏,海州区,2.63,122,0.46680327868852456,0.40136096140609,-14.02,44.03,29.92,44.03,False,False,normal,正常
16,S002,华筑泰宝光伏,连云区,3.3,122,0.4889344262295081,0.12517950090719238,-74.4,61.2,76.3,61.2,False,False,normal,正常
16,S004,旭樱东堡光伏,连云区,3.97,111,0.30333333333333334,0.20347015537356683,-32.92,60.43,45.18,60.43,False,False,normal,正常
16,S006,沐恒石湖光伏,东海县,5.0,96,0.20718750000000008,0.17626446200962165,-14.93,28.33,31.61,28.33,True,False,normal,正常
16,S007,林洋朝阳光伏,连云区,22.0,122,1.9990983606557378,1.8382741814586445,-8.04,44.13,30.23,44.13,False,False,normal,正常
16,S008,协鑫盛昌光伏,灌云县,3.172,122,0.36245901639344263,0.28437779357774506,-21.54,41.57,32.99,41.57,False,False,normal,正常
16,S010,易睐珂浦南光伏,海州区,2.0,122,0.16901639344262293,0.16285886420894544,-3.64,42.76,31.37,42.76,False,False,normal,正常
16,S011,中森西苑光伏,灌云县,2.323,122,0.19721311475409836,0.17550001030982038,-11.01,45.2,36.96,45.2,False,False,normal,正常
16,S012,泰富如意情光伏,东海县,17.55,107,0.7526168224299068,0.53187476613463,-29.33,30.87,46.97,30.87,True,False,normal,正常
16,S014,鲲鹏昇昌光伏,灌云县,5.1,119,0.3577310924369749,0.2922148459171941,-18.31,57.53,42.4,57.53,False,False,normal,正常
16,S016,衡航亚新光伏,灌南县,8.5,91,0.7526373626373627,0.7834831418473499,4.1,58.1,40.58,58.1,False,False,normal,正常
16,S017,富云四队光伏,灌云县,0.954,118,0.05754237288135593,0.023799999999999984,-58.64,59.59,70.73,59.59,False,False,normal,正常
16,S018,国能百菇源光伏,灌云县,5.1,121,0.4195041322314049,0.4349134384519591,3.67,57.71,40.79,57.71,False,False,normal,正常
16,S019,首耀新海光伏,海州区,3.0,122,0.7824590163934426,0.31236320008646706,-60.08,56.52,66.39,56.52,False,False,normal,正常
16,S022,浦西光伏电站,海州区,3.24,121,0.3171900826446281,0.14489242232866864,-54.32,60.71,56.09,60.71,False,False,normal,正常
16,S023,连洋徐圩光伏,连云区,16.37,117,1.0870085470085469,1.0756246221684675,-1.05,62.51,33.16,62.51,False,False,normal,正常
16,S024,兴怡紧固件光伏,赣榆区,5.99,121,0.4406611570247934,0.3800341480016765,-13.76,54.33,42.09,54.33,False,False,normal,正常
16,S025,夏源银得隆光伏,灌南县,5.65,121,0.4749586776859504,0.481046286706694,1.28,50.06,30.59,50.06,False,False,normal,正常
16,S028,华能星耀光伏,灌云县,3.14,122,0.3163934426229508,0.3016171621184361,-4.67,48.15,30.96,48.15,False,False,normal,正常
16,S030,中森侍庄光伏,灌云县,2.9,121,0.26099173553719013,0.2753033957168335,5.48,67.28,34.62,67.28,False,False,normal,正常
16,S031,富云杨集光伏,灌云县,0.9222,106,0.07235849056603776,0.029559956285432374,-59.15,77.28,62.42,77.28,False,False,normal,正常
16,S033,天瀚万发光伏,海州区,5.688,121,0.5526446280991736,0.5036090286568964,-8.87,48.51,37.98,48.51,False,False,normal,正常
16,S034,建魄俊达光伏,灌云县,3.496,105,0.30733333333333335,0.2239537318038563,-27.13,44.99,37.35,44.99,False,False,normal,正常
16,S035,国能品品鲜光伏,灌云县,5.296,121,0.4641322314049587,0.2251821324460117,-51.48,56.74,55.72,56.74,False,False,normal,正常
16,S037,华能中林三期光伏,灌云县,5.946,76,0.40710526315789475,0.4072721318809888,0.04,39.5,33.45,39.5,False,False,normal,正常
16,S038,衡诚天晴光伏,海州区,1.672,116,0.15758620689655173,0.12017634797101352,-23.74,35.9,32.36,35.9,False,False,normal,正常
16,S039,沐恒腾东光伏,东海县,3.45,121,0.1843801652892562,0.08700138538351133,-52.81,57.01,52.9,57.01,False,False,normal,正常
16,S040,华电苏班光伏,赣榆区,5.96,122,0.5751639344262295,0.5677819331094531,-1.28,49.6,30.07,49.6,False,False,normal,正常
16,S041,交控赣榆南光伏,赣榆区,2.2,118,0.2583898305084746,0.21476033595946806,-16.89,40.55,31.07,40.55,False,False,normal,正常
16,S042,国能联合动力光伏,连云区,3.724,118,0.3454237288135593,0.36393251417908745,5.36,44.2,33.8,44.2,False,False,normal,正常
16,S047,汇九齿轮光伏电站,灌云县,4.8,121,0.3761157024793389,0.32152206587932114,-14.52,47.0,32.17,47.0,False,False,normal,正常
16,S048,卓贵光之明光伏,连云区,4.0,106,0.32481132075471697,0.28597050946254265,-11.96,33.19,27.5,33.19,False,False,normal,正常
16,S049,华能灌云光伏,灌云县,14.1,119,0.8465546218487395,0.5893535600844051,-30.38,62.78,47.08,62.78,False,False,normal,正常
16,S050,沐恒东海产业园光伏,东海县,2.55,121,0.16016528925619836,0.081716650975954,-48.98,53.51,52.03,53.51,False,False,normal,正常
16,S051,鲲鹏德宇光伏,灌云县,5.025,121,0.4521487603305786,0.19963905751245517,-55.85,66.19,61.71,66.19,False,False,normal,正常
16,S052,鹰游新立成二期光伏,灌云县,6.08,122,0.6089344262295081,0.28430762587763253,-53.31,61.99,57.08,61.99,False,False,normal,正常
16,S053,鹰游新立成光伏电站,灌云县,13.33,122,5.540000000000001,1.8589244223487174,-66.45,66.45,66.45,66.45,False,False,normal,正常
16,S054,鸿天伍江光伏,连云区,11.272,121,0.8708264462809918,0.7807018185906883,-10.35,42.37,34.04,42.37,False,False,normal,正常
16,S055,沐恒曲阳光伏,东海县,4.0,113,0.3392920353982302,0.25031850151422674,-26.22,25.47,30.86,25.47,False,False,normal,正常
16,S056,昱中科技光伏,连云区,3.15,109,0.2367889908256881,0.17213156578068572,-27.31,38.4,34.61,38.4,False,False,normal,正常
16,S059,首耀清墩光伏,海州区,2.0,122,0.39795081967213125,0.0865147262336653,-78.26,78.26,78.86,78.26,False,False,normal,正常
16,S060,华电蒙然源光伏,赣榆区,5.84,122,0.49901639344262305,0.42890433178911275,-14.05,57.4,33.03,57.4,False,False,normal,正常
16,S061,嘉伏黎明光伏,连云区,3.784,122,0.32073770491803283,0.23857856986595657,-25.62,45.94,37.58,45.94,False,False,normal,正常
16,S062,韩华大浦光伏电站,连云区,4.45368,116,0.2785344827586207,0.2517901236755847,-9.6,37.27,29.71,37.27,False,False,normal,正常
16,S063,铭信润海光伏,东海县,3.66,99,0.4595959595959596,0.4154252207185479,-9.61,32.88,28.94,32.88,False,False,normal,正常
16,S064,昱瑞青口光伏,赣榆区,3.288,109,0.24715596330275233,0.34492286194822686,39.56,71.9,55.88,71.9,False,False,normal,正常
16,S065,中盛石榴光伏,东海县,1.9239,122,0.19426229508196724,0.1320023055185275,-32.05,44.46,39.32,44.46,False,False,normal,正常
16,S068,富云下车光伏,灌云县,1.223,118,0.09338983050847462,0.05185102111610502,-44.48,57.51,49.82,57.51,False,False,normal,正常
16,S070,旭日虎山光伏,连云区,2.1,120,0.15916666666666668,0.11839843249602705,-25.61,46.53,36.47,46.53,False,False,normal,正常
16,S071,协鑫南岗光伏,灌云县,20.0,120,3.11025,0.8196426950394133,-73.65,91.66,81.5,91.66,False,True,normal,正常
16,S072,交控大浦光伏,连云区,3.125,120,0.3906666666666666,0.2457563316427544,-37.09,47.42,42.63,47.42,False,False,normal,正常
16,S073,华能裕灌光伏,灌南县,15.0,122,1.401639344262295,1.0545773319344038,-24.76,46.04,40.89,46.04,False,False,normal,正常
16,S074,华能中林二期光伏,灌云县,4.0,122,0.36204918032786887,0.2694341945951158,-25.58,58.07,40.38,58.07,False,False,normal,正常
16,S075,旭樱新田光伏,海州区,2.63,122,0.20647540983606552,0.15267167170586413,-26.06,42.82,35.76,42.82,False,False,normal,正常
17,S002,华筑泰宝光伏,连云区,3.3,84,0.5199999999999999,0.011312161926191293,-97.82,82.89,97.86,82.89,False,True,systematic_underestimate,系统性低估
17,S004,旭樱东堡光伏,连云区,3.97,35,0.19228571428571428,0.07309031873950157,-61.99,52.97,67.4,52.97,True,False,normal,正常
17,S006,沐恒石湖光伏,东海县,5.0,19,0.17157894736842105,0.09083272351948879,-47.06,43.22,47.84,43.22,True,False,normal,正常
17,S007,林洋朝阳光伏,连云区,22.0,59,0.7116949152542372,0.39408131811313446,-44.63,73.66,53.99,73.66,True,False,normal,正常
17,S008,协鑫盛昌光伏,灌云县,3.172,84,0.10821428571428571,0.06889808036088209,-36.33,57.13,46.86,57.13,True,False,normal,正常
17,S010,易睐珂浦南光伏,海州区,2.0,92,0.05369565217391304,0.048949346226815134,-8.84,34.15,33.3,34.15,True,False,normal,正常
17,S011,中森西苑光伏,灌云县,2.323,67,0.09761194029850748,0.06952993655701444,-28.77,47.93,46.93,47.93,True,False,normal,正常
17,S012,泰富如意情光伏,东海县,17.55,100,0.42579999999999996,0.22508649364515812,-47.14,43.74,51.18,43.74,True,False,normal,正常
17,S014,鲲鹏昇昌光伏,灌云县,5.1,68,0.1438235294117647,0.08561842116180893,-40.47,48.01,45.3,48.01,True,False,normal,正常
17,S016,衡航亚新光伏,灌南县,8.5,18,0.6666666666666666,0.5650267311744431,-15.25,37.63,35.06,37.63,False,False,normal,正常
17,S017,富云四队光伏,灌云县,0.954,47,0.09999999999999996,0.023634042553191466,-76.37,94.36,84.32,94.36,False,True,normal,正常
17,S018,国能百菇源光伏,灌云县,5.1,54,0.18777777777777777,0.15873494383318476,-15.47,80.82,56.8,80.82,True,False,normal,正常
17,S019,首耀新海光伏,海州区,3.0,69,1.04536231884058,0.0992695846764931,-90.5,75.9,91.46,75.9,False,True,systematic_underestimate,系统性低估
17,S022,浦西光伏电站,海州区,3.24,87,0.09241379310344827,0.031190324885028636,-66.25,74.2,68.64,74.2,True,False,normal,正常
17,S023,连洋徐圩光伏,连云区,16.37,47,0.5859574468085106,0.5564166173568671,-5.04,102.7,43.53,102.7,True,True,low_power_denominator,低功率分母放大效应
17,S024,兴怡紧固件光伏,赣榆区,5.99,66,0.20060606060606062,0.1230661758699857,-38.65,55.46,45.29,55.46,True,False,normal,正常
17,S025,夏源银得隆光伏,灌南县,5.65,49,0.2626530612244898,0.3025444181004319,15.19,119.45,53.9,119.45,True,True,low_power_denominator,低功率分母放大效应
17,S028,华能星耀光伏,灌云县,3.14,48,0.15166666666666667,0.13649567865627973,-10.0,47.63,37.99,47.63,True,False,normal,正常
17,S030,中森侍庄光伏,灌云县,2.9,55,0.10436363636363634,0.09153219590924301,-12.29,52.73,41.91,52.73,True,False,normal,正常
17,S031,富云杨集光伏,灌云县,0.9222,31,0.05258064516129033,0.007425195826632444,-85.88,91.05,85.88,91.05,False,True,systematic_underestimate,系统性低估
17,S033,天瀚万发光伏,海州区,5.688,61,0.23311475409836063,0.17919900965334776,-23.13,55.4,45.85,55.4,True,False,normal,正常
17,S034,建魄俊达光伏,灌云县,3.496,28,0.2292857142857143,0.12152597929514253,-47.0,65.55,51.92,65.55,False,False,normal,正常
17,S035,国能品品鲜光伏,灌云县,5.296,66,0.17272727272727273,0.0934080819672128,-45.92,54.96,53.18,54.96,True,False,normal,正常
17,S037,华能中林三期光伏,灌云县,5.946,9,0.09555555555555556,0.04456398176485046,-53.36,47.53,53.36,47.53,True,False,insufficient_samples,样本不足，无法判断
17,S038,衡诚天晴光伏,海州区,1.672,48,0.08666666666666667,0.04358118729663462,-49.71,63.08,51.46,63.08,False,False,normal,正常
17,S039,沐恒腾东光伏,东海县,3.45,60,0.07633333333333331,0.008633379564168661,-88.69,76.02,89.2,76.02,True,True,systematic_underestimate,系统性低估
17,S040,华电苏班光伏,赣榆区,5.96,56,0.2785714285714286,0.2541244974546037,-8.78,46.73,39.28,46.73,True,False,normal,正常
17,S041,交控赣榆南光伏,赣榆区,2.2,54,0.09722222222222221,0.0666273186886055,-31.47,57.39,41.39,57.39,True,False,normal,正常
17,S042,国能联合动力光伏,连云区,3.724,49,0.17591836734693875,0.15660817483937953,-10.98,42.38,31.63,42.38,True,False,normal,正常
17,S047,汇九齿轮光伏电站,灌云县,4.8,64,0.13875,0.11338187933894067,-18.28,45.23,37.78,45.23,True,False,normal,正常
17,S048,卓贵光之明光伏,连云区,4.0,29,0.21827586206896554,0.16984530181009883,-22.19,29.66,30.96,29.66,False,False,normal,正常
17,S049,华能灌云光伏,灌云县,14.1,46,0.4265217391304347,0.19453641325409055,-54.39,71.68,58.39,71.68,True,False,normal,正常
17,S050,沐恒东海产业园光伏,东海县,2.55,95,0.08884210526315789,0.036592304519222046,-58.81,69.81,66.16,69.81,True,False,normal,正常
17,S051,鲲鹏德宇光伏,灌云县,5.025,77,0.28363636363636363,0.05332349347309925,-81.2,64.27,81.71,64.27,False,True,systematic_underestimate,系统性低估
17,S052,鹰游新立成二期光伏,灌云县,6.08,65,0.25384615384615383,0.07596912032255719,-70.07,74.43,71.04,74.43,True,False,normal,正常
17,S053,鹰游新立成光伏电站,灌云县,13.33,122,5.540000000000001,0.8169544291239188,-85.25,85.25,85.25,85.25,False,True,systematic_underestimate,系统性低估
17,S054,鸿天伍江光伏,连云区,11.272,47,0.4697872340425532,0.31212942823481293,-33.56,47.29,41.89,47.29,True,False,normal,正常
17,S055,沐恒曲阳光伏,东海县,4.0,109,0.2850458715596332,0.23390047381205836,-17.94,25.4,24.07,25.4,False,False,normal,正常
17,S056,昱中科技光伏,连云区,3.15,30,0.13266666666666663,0.06609569368993377,-50.18,59.74,53.31,59.74,True,False,normal,正常
17,S059,首耀清墩光伏,海州区,2.0,120,0.3896666666666667,0.013678847723009594,-96.49,95.26,96.49,95.26,False,True,systematic_underestimate,系统性低估
17,S060,华电蒙然源光伏,赣榆区,5.84,56,0.2746428571428572,0.18919801875942702,-31.11,47.69,39.1,47.69,True,False,normal,正常
17,S061,嘉伏黎明光伏,连云区,3.784,58,0.1467241379310345,0.08252724488988107,-43.75,49.82,45.62,49.82,True,False,normal,正常
17,S062,韩华大浦光伏电站,连云区,4.45368,44,0.14363636363636365,0.10747072771315978,-25.18,55.96,41.22,55.96,True,False,normal,正常
17,S063,铭信润海光伏,东海县,3.66,22,0.2995454545454546,0.25262910305537395,-15.66,46.89,39.3,46.89,False,False,normal,正常
17,S064,昱瑞青口光伏,赣榆区,3.288,30,0.15933333333333338,0.25228137854553206,58.34,92.07,69.95,92.07,True,False,normal,正常
17,S065,中盛石榴光伏,东海县,1.9239,89,0.06235955056179776,0.040869873363485736,-34.46,28.74,41.04,28.74,True,False,normal,正常
17,S068,富云下车光伏,灌云县,1.223,52,0.049038461538461545,0.013735231756252065,-71.99,85.88,73.99,85.88,True,False,normal,正常
17,S070,旭日虎山光伏,连云区,2.1,60,0.07283333333333332,0.0471722267115345,-35.23,40.76,41.43,40.76,True,False,normal,正常
17,S071,协鑫南岗光伏,灌云县,20.0,89,3.7996629213483146,0.13200478211976718,-96.53,94.8,97.11,94.8,False,True,systematic_underestimate,系统性低估
17,S072,交控大浦光伏,连云区,3.125,65,0.12738461538461537,0.0713676668416728,-43.97,53.85,46.68,53.85,True,False,normal,正常
17,S073,华能裕灌光伏,灌南县,15.0,80,0.5109999999999999,0.3002959602087016,-41.23,227.28,58.83,227.28,True,True,low_power_denominator,低功率分母放大效应
17,S074,华能中林二期光伏,灌云县,4.0,59,0.1588135593220339,0.08882369266633963,-44.07,53.88,49.95,53.88,True,False,normal,正常
17,S075,旭樱新田光伏,海州区,2.63,62,0.0845161290322581,0.04475552546454161,-47.04,61.06,50.19,61.06,True,False,normal,正常
18,S002,华筑泰宝光伏,连云区,3.3,35,0.6517142857142858,3.6981905125959694e-05,-99.99,100.0,99.99,100.0,False,True,systematic_underestimate,系统性低估
18,S004,旭樱东堡光伏,连云区,3.97,3,0.05333333333333334,0.0222827829801247,-58.22,55.47,58.22,55.47,True,False,insufficient_samples,样本不足，无法判断
18,S007,林洋朝阳光伏,连云区,22.0,12,0.1958333333333333,0.07096550644793077,-63.76,96.95,70.28,96.95,True,False,normal,正常
18,S008,协鑫盛昌光伏,灌云县,3.172,14,0.05142857142857144,0.021958269307434764,-57.3,54.1,57.3,54.1,True,False,normal,正常
18,S010,易睐珂浦南光伏,海州区,2.0,54,0.015740740740740743,0.01216686293868467,-22.7,24.27,28.36,24.27,True,False,normal,正常
18,S011,中森西苑光伏,灌云县,2.323,26,0.047692307692307694,0.020078784633114855,-57.9,47.87,62.45,47.87,True,False,normal,正常
18,S012,泰富如意情光伏,东海县,17.55,77,0.20636363636363642,0.14340374217451865,-30.51,48.04,42.69,48.04,True,False,normal,正常
18,S014,鲲鹏昇昌光伏,灌云县,5.1,13,0.04923076923076924,0.030119960861736947,-38.82,61.14,50.98,61.14,True,False,normal,正常
18,S017,富云四队光伏,灌云县,0.954,30,0.14800000000000002,0.019379999999999988,-86.91,86.84,86.91,86.84,False,True,systematic_underestimate,系统性低估
18,S018,国能百菇源光伏,灌云县,5.1,12,0.05666666666666667,0.037075588836360154,-34.57,48.8,41.39,48.8,True,False,normal,正常
18,S019,首耀新海光伏,海州区,3.0,29,2.4200000000000004,0.024152831540274852,-99.0,99.0,99.0,99.0,False,True,systematic_underestimate,系统性低估
18,S022,浦西光伏电站,海州区,3.24,17,0.03529411764705883,0.010059337828215036,-71.5,68.56,71.5,68.56,True,False,normal,正常
18,S023,连洋徐圩光伏,连云区,16.37,9,0.14444444444444446,0.24209443735129066,67.6,132.04,77.64,132.04,True,False,insufficient_samples,样本不足，无法判断
18,S024,兴怡紧固件光伏,赣榆区,5.99,15,0.076,0.035308246040055564,-53.54,48.43,54.42,48.43,True,False,normal,正常
18,S025,夏源银得隆光伏,灌南县,5.65,9,0.08000000000000002,0.22398791756752162,179.98,229.37,179.98,229.37,True,False,insufficient_samples,样本不足，无法判断
18,S028,华能星耀光伏,灌云县,3.14,9,0.05444444444444444,0.056683856981393804,4.11,46.0,27.0,46.0,True,False,insufficient_samples,样本不足，无法判断
18,S030,中森侍庄光伏,灌云县,2.9,11,0.030909090909090917,0.024981818181818164,-19.18,44.96,38.96,44.96,True,False,normal,正常
18,S031,富云杨集光伏,灌云县,0.9222,2,0.02,0.0,-100.0,100.0,100.0,100.0,True,False,insufficient_samples,样本不足，无法判断
18,S033,天瀚万发光伏,海州区,5.688,14,0.07071428571428572,0.050359753393307394,-28.78,82.57,46.84,82.57,True,False,normal,正常
18,S034,建魄俊达光伏,灌云县,3.496,1,0.06,0.005393685882931101,-91.01,91.01,91.01,91.01,True,False,insufficient_samples,样本不足，无法判断
18,S035,国能品品鲜光伏,灌云县,5.296,13,0.0676923076923077,0.06381898949171202,-5.72,63.93,27.72,63.93,True,False,normal,正常
18,S038,衡诚天晴光伏,海州区,1.672,10,0.030000000000000006,0.006136533183915545,-79.54,81.8,79.54,81.8,True,False,normal,正常
18,S039,沐恒腾东光伏,东海县,3.45,12,0.03166666666666667,0.0,-100.0,100.0,100.0,100.0,True,True,systematic_underestimate,系统性低估
18,S040,华电苏班光伏,赣榆区,5.96,13,0.1153846153846154,0.11387422684675637,-1.31,60.79,46.65,60.79,True,False,normal,正常
18,S041,交控赣榆南光伏,赣榆区,2.2,11,0.03545454545454546,0.01130921946642886,-68.1,70.54,68.1,70.54,True,False,normal,正常
18,S042,国能联合动力光伏,连云区,3.724,9,0.05888888888888889,0.060390124665299534,2.55,28.02,21.32,28.02,True,False,insufficient_samples,样本不足，无法判断
18,S047,汇九齿轮光伏电站,灌云县,4.8,14,0.048571428571428585,0.03400948760043886,-29.98,52.52,45.82,52.52,True,False,normal,正常
18,S048,卓贵光之明光伏,连云区,4.0,1,0.06,0.07851607596217333,30.86,30.86,30.86,30.86,True,False,insufficient_samples,样本不足，无法判断
18,S049,华能灌云光伏,灌云县,14.1,8,0.08249999999999999,0.018215168827056708,-77.92,74.8,78.71,74.8,True,False,insufficient_samples,样本不足，无法判断
18,S050,沐恒东海产业园光伏,东海县,2.55,55,0.06727272727272729,0.013421069022074317,-80.05,89.89,88.11,89.89,True,True,systematic_underestimate,系统性低估
18,S051,鲲鹏德宇光伏,灌云县,5.025,23,0.49869565217391293,0.012983985399405106,-97.4,86.96,97.4,86.96,False,True,systematic_underestimate,系统性低估
18,S052,鹰游新立成二期光伏,灌云县,6.08,12,0.11500000000000003,0.027429978484510023,-76.15,81.51,77.79,81.51,True,False,normal,正常
18,S053,鹰游新立成光伏电站,灌云县,13.33,99,5.539999999999999,0.298659115513428,-94.61,94.61,94.61,94.61,False,True,systematic_underestimate,系统性低估
18,S054,鸿天伍江光伏,连云区,11.272,11,0.17454545454545453,0.08367937514803808,-52.06,43.94,53.79,43.94,True,False,normal,正常
18,S055,沐恒曲阳光伏,东海县,4.0,91,0.27395604395604406,0.22469588561703457,-17.98,25.21,21.55,25.21,False,False,normal,正常
18,S056,昱中科技光伏,连云区,3.15,2,0.03,0.01710267552150819,-42.99,37.21,42.99,37.21,True,False,insufficient_samples,样本不足，无法判断
18,S059,首耀清墩光伏,海州区,2.0,118,0.3816949152542371,0.0003552613136927052,-99.91,99.41,99.91,99.41,False,True,systematic_underestimate,系统性低估
18,S060,华电蒙然源光伏,赣榆区,5.84,13,0.10461538461538462,0.07174907238073178,-31.42,42.87,39.58,42.87,True,False,normal,正常
18,S061,嘉伏黎明光伏,连云区,3.784,13,0.04307692307692308,0.02379664518273289,-44.76,48.21,49.93,48.21,True,False,normal,正常
18,S062,韩华大浦光伏电站,连云区,4.45368,8,0.04125,0.028531704018030075,-30.83,49.77,41.04,49.77,True,False,insufficient_samples,样本不足，无法判断
18,S064,昱瑞青口光伏,赣榆区,3.288,4,0.0475,0.12627999999999992,165.85,168.34,165.85,168.34,True,False,insufficient_samples,样本不足，无法判断
18,S065,中盛石榴光伏,东海县,1.9239,50,0.018600000000000002,0.012649112123367718,-31.99,23.21,36.13,23.21,True,False,normal,正常
18,S068,富云下车光伏,灌云县,1.223,11,0.024545454545454547,6.41840355150966e-05,-99.74,99.68,99.74,99.68,True,True,systematic_underestimate,系统性低估
18,S070,旭日虎山光伏,连云区,2.1,12,0.028333333333333335,0.016756224207101177,-40.86,40.97,41.92,40.97,True,False,normal,正常
18,S071,协鑫南岗光伏,灌云县,20.0,83,3.9602409638554215,0.013475802293634983,-99.66,94.11,99.7,94.11,False,True,systematic_underestimate,系统性低估
18,S072,交控大浦光伏,连云区,3.125,11,0.04818181818181819,0.02534524022174903,-47.4,46.71,49.01,46.71,True,False,normal,正常
18,S073,华能裕灌光伏,灌南县,15.0,21,0.13095238095238093,0.18512366284147364,41.37,443.37,75.03,443.37,True,True,low_power_denominator,低功率分母放大效应
18,S074,华能中林二期光伏,灌云县,4.0,10,0.051000000000000004,0.02890120830746464,-43.33,43.98,48.56,43.98,True,False,normal,正常
18,S075,旭樱新田光伏,海州区,2.63,13,0.030769230769230778,0.009892771167693104,-67.85,68.42,67.85,68.42,True,False,normal,正常
19,S002,华筑泰宝光伏,连云区,3.3,35,0.6517142857142858,0.00021411359991263838,-99.97,99.96,99.97,99.96,False,True,systematic_underestimate,系统性低估
19,S010,易睐珂浦南光伏,海州区,2.0,41,0.01,0.008000000000000007,-20.0,20.0,20.0,20.0,True,False,normal,正常
19,S011,中森西苑光伏,灌云县,2.323,4,0.065,0.007999999999999974,-87.69,39.13,87.69,39.13,True,False,insufficient_samples,样本不足，无法判断
19,S012,泰富如意情光伏,东海县,17.55,70,0.21000000000000008,0.12801450781160562,-39.04,39.04,39.04,39.04,True,False,normal,正常
19,S017,富云四队光伏,灌云县,0.954,30,0.14800000000000002,0.015999999999999976,-89.19,89.1,89.19,89.1,False,True,systematic_underestimate,系统性低估
19,S019,首耀新海光伏,海州区,3.0,29,2.4200000000000004,0.01599999999999998,-99.34,99.34,99.34,99.34,False,True,systematic_underestimate,系统性低估
19,S050,沐恒东海产业园光伏,东海县,2.55,43,0.08000000000000002,0.008116471040403752,-89.85,89.85,89.85,89.85,True,True,systematic_underestimate,系统性低估
19,S051,鲲鹏德宇光伏,灌云县,5.025,13,0.6500000000000001,0.0004083261031400567,-99.94,99.85,99.94,99.85,False,True,systematic_underestimate,系统性低估
19,S053,鹰游新立成光伏电站,灌云县,13.33,99,5.539999999999999,0.14176912405270606,-97.44,97.44,97.44,97.44,False,True,systematic_underestimate,系统性低估
19,S054,鸿天伍江光伏,连云区,11.272,2,0.27,0.0004331498931240949,-99.84,99.84,99.84,99.84,True,False,insufficient_samples,样本不足，无法判断
19,S055,沐恒曲阳光伏,东海县,4.0,88,0.2800000000000001,0.22418728932743281,-19.93,19.93,19.93,19.93,False,False,normal,正常
19,S059,首耀清墩光伏,海州区,2.0,109,0.4099999999999999,0.0005791037237592097,-99.86,99.86,99.86,99.86,False,True,systematic_underestimate,系统性低估
19,S065,中盛石榴光伏,东海县,1.9239,41,0.014146341463414636,0.008039591229267225,-43.17,22.46,43.17,22.46,True,False,normal,正常
19,S071,协鑫南岗光伏,灌云县,20.0,74,4.43,0.0025105743464564406,-99.94,99.94,99.94,99.94,False,True,systematic_underestimate,系统性低估
19,S073,华能裕灌光伏,灌南县,15.0,4,0.0625,0.07739743045558814,23.84,515.5,136.03,515.5,True,False,insufficient_samples,样本不足，无法判断
