site_id,hour,valid_rows,alpha,k,valid_before_nrmse_pct,valid_after_nrmse_pct,improvement_pp
S002,10,62,1.0,0.88,22.2248,20.3208,1.904
S002,11,62,1.0,0.88,24.9912,22.9801,2.0111
S002,12,62,1.0,0.88,26.1752,23.8299,2.3453
S002,13,62,1.0,0.88,24.7386,22.1841,2.5545
S002,14,62,1.0,0.88,22.8676,20.8633,2.0043
S004,11,62,1.0,1.04,17.9063,17.6865,0.2198
S004,12,62,0.0,1.12,18.7839,18.4003,0.3835
S004,13,62,0.1,1.12,18.3715,18.0025,0.369
S004,14,61,0.1,1.12,17.7972,17.5301,0.2671
S006,10,61,1.0,0.88,16.7325,13.0077,3.7248
S006,11,62,1.0,0.88,17.8807,13.7701,4.1106
S006,12,62,1.0,0.88,18.6243,14.3738,4.2505
S006,13,61,1.0,0.88,19.3321,15.2189,4.1131
S006,14,61,1.0,0.88,17.5182,13.7601,3.758
S008,10,62,1.0,1.12,20.9961,18.9573,2.0388
S008,11,62,1.0,1.12,24.1616,22.3409,1.8206
S008,12,62,1.0,1.12,26.3025,25.1132,1.1892
S008,13,62,1.0,1.12,28.7991,27.5913,1.2078
S008,14,61,1.0,1.12,24.9322,23.0747,1.8575
S009,10,62,1.0,1.12,17.339,16.1498,1.1893
S009,11,62,1.0,1.12,18.5908,17.0127,1.5781
S009,12,62,1.0,1.12,17.4562,15.2528,2.2034
S009,13,62,1.0,1.12,19.5392,17.9485,1.5907
S009,14,62,1.0,1.12,20.5793,18.9819,1.5974
S010,11,62,1.0,0.96,16.4476,16.2555,0.192
S010,13,62,1.0,0.96,19.6899,19.5234,0.1665
S011,11,62,0.85,0.92,17.2556,16.9391,0.3165
S011,12,62,1.0,0.96,17.3859,17.1945,0.1915
S012,10,62,1.0,0.88,12.662,11.2788,1.3832
S012,11,62,1.0,0.88,13.5329,12.1025,1.4304
S012,12,62,1.0,0.88,14.0417,12.3342,1.7075
S012,13,61,1.0,0.88,15.3494,13.8461,1.5034
S012,14,61,1.0,0.88,13.8523,12.4948,1.3575
S014,10,61,0.0,0.92,16.2783,15.946,0.3322
S014,11,60,0.0,0.92,15.9571,15.6311,0.326
S014,13,59,0.7,0.92,17.1293,16.8284,0.3009
S014,14,60,0.85,0.92,17.5597,17.1307,0.429
S016,10,60,0.0,0.92,14.9811,14.6439,0.3372
S016,11,61,0.85,0.92,16.0185,15.5552,0.4633
S016,12,61,0.7,0.92,18.0737,17.6846,0.3891
S016,13,60,0.0,0.92,15.6675,15.3594,0.3081
S017,10,62,1.0,1.12,30.4949,28.6408,1.8541
S017,11,62,1.0,1.12,32.9221,30.9471,1.975
S017,12,62,1.0,1.12,32.2758,30.213,2.0628
S017,13,62,1.0,1.12,31.4297,29.1446,2.2851
S017,14,62,1.0,1.12,27.86,25.8891,1.971
S018,10,62,1.0,0.96,16.1833,15.9312,0.2522
S018,11,61,0.2,0.88,21.8066,21.1035,0.7031
S018,12,61,0.0,0.88,16.9123,16.1237,0.7886
S018,13,61,0.35,0.92,20.7557,20.4877,0.268
S018,14,60,1.0,0.92,18.6286,18.1133,0.5153
S019,10,56,0.5,1.12,25.6548,25.2494,0.4054
S019,12,56,0.35,1.08,26.3074,26.1274,0.1799
S019,13,56,1.0,1.04,23.4499,23.2686,0.1812
S020,10,62,0.0,1.12,16.0425,15.2926,0.7498
S020,11,62,0.0,1.12,17.6302,16.5084,1.1218
S020,12,62,0.7,1.12,15.8557,14.5279,1.3278
S020,13,62,0.0,1.12,17.8769,17.025,0.8519
S020,14,62,0.0,1.12,17.5326,16.7833,0.7492
S021,10,61,1.0,1.12,19.3655,17.4606,1.9049
S021,11,61,1.0,1.12,21.0172,18.9822,2.035
S021,12,62,1.0,1.12,20.7611,17.9003,2.8607
S021,13,62,1.0,1.12,22.1983,20.0891,2.1092
S021,14,62,1.0,1.12,20.4649,18.4925,1.9724
S022,10,62,1.0,1.12,23.2535,21.0605,2.193
S022,11,62,1.0,1.12,25.8173,23.2642,2.5531
S022,12,62,1.0,1.12,25.4496,22.6127,2.8369
S022,13,62,1.0,1.12,27.9239,25.4022,2.5217
S022,14,62,1.0,1.12,24.5137,22.4344,2.0793
S023,10,62,0.0,0.96,12.7957,12.6376,0.1581
S023,11,62,1.0,0.96,13.2871,13.1234,0.1637
S024,14,61,1.0,0.96,15.5585,15.3866,0.1719
S025,10,62,0.2,0.88,14.1603,13.0802,1.08
S025,11,62,0.7,0.88,17.7,16.4888,1.2112
S025,12,62,1.0,0.88,17.1983,15.7532,1.4451
S025,13,62,1.0,0.88,19.2696,17.5202,1.7494
S025,14,61,1.0,0.88,18.2228,17.0334,1.1894
S028,10,61,0.85,1.12,17.0751,16.246,0.8292
S028,11,61,0.0,1.12,21.5283,21.274,0.2543
S028,12,61,1.0,1.04,22.4212,22.224,0.1972
S028,13,61,0.7,1.12,19.4006,18.6743,0.7263
S028,14,60,1.0,1.08,21.1743,20.6115,0.5628
S030,12,60,1.0,0.92,19.2406,18.986,0.2546
S031,10,62,1.0,0.92,13.2256,12.9024,0.3232
S032,10,62,1.0,1.12,29.5663,26.9434,2.6229
S032,11,62,1.0,1.12,32.7285,29.8072,2.9213
S032,12,62,1.0,1.12,32.6006,29.7113,2.8893
S032,13,62,1.0,1.12,30.3077,27.4315,2.8762
S032,14,61,1.0,1.12,30.09,27.1882,2.9017
S033,10,61,1.0,1.12,19.4017,18.3471,1.0546
S033,11,61,1.0,1.12,22.0504,20.5545,1.4959
S033,12,61,1.0,1.12,25.2376,24.2804,0.9571
S033,13,61,0.85,1.12,22.5571,21.7665,0.7906
S033,14,60,0.7,1.12,21.3787,20.7866,0.5921
S034,10,62,1.0,1.08,19.0741,18.6302,0.4438
S034,11,62,0.35,1.12,21.5044,21.1642,0.3403
S034,14,61,0.85,1.12,20.2926,19.6067,0.6859
S035,10,61,0.0,0.88,16.9082,16.1672,0.741
S035,11,61,1.0,0.88,21.1034,19.477,1.6263
S035,12,61,1.0,0.88,21.0657,19.7403,1.3254
S035,13,61,0.7,0.88,18.8839,17.8251,1.0588
S035,14,60,0.5,0.88,20.2397,19.5368,0.7029
S038,10,60,1.0,1.12,21.569,20.0019,1.5671
S038,11,60,1.0,1.12,22.7632,21.1414,1.6218
S038,12,61,1.0,1.12,23.2454,21.591,1.6544
S038,13,61,1.0,1.12,23.749,22.0477,1.7013
S038,14,60,1.0,1.12,22.1429,20.2975,1.8454
S039,10,62,1.0,0.88,18.668,18.0354,0.6326
S039,11,62,1.0,0.96,18.6554,18.4466,0.2088
S039,12,62,1.0,0.92,23.0193,22.5734,0.4459
S039,13,62,1.0,0.88,21.2352,20.6659,0.5693
S039,14,61,1.0,0.92,20.4461,20.0366,0.4095
S040,10,62,1.0,1.12,14.905,14.015,0.89
S040,11,62,1.0,1.12,21.4856,20.6414,0.8441
S040,12,62,1.0,1.08,20.5713,20.2124,0.3589
S040,13,62,0.85,1.12,20.1457,19.1827,0.963
S040,14,62,1.0,1.12,18.0724,16.9636,1.1088
S041,10,62,1.0,1.08,17.2351,16.6687,0.5664
S041,11,61,1.0,1.08,18.89,18.2651,0.6249
S041,12,62,1.0,1.04,21.5117,21.354,0.1578
S042,10,62,0.35,1.12,18.5138,18.1871,0.3267
S042,12,62,0.0,1.08,21.4289,21.2515,0.1775
S042,13,62,0.5,1.08,21.9998,21.7905,0.2093
S046,11,56,1.0,1.12,21.1444,19.9532,1.1912
S046,12,56,0.85,1.12,21.2224,19.9101,1.3123
S046,13,56,1.0,1.12,20.5937,19.1027,1.491
S046,14,56,1.0,1.12,20.0217,18.7144,1.3073
S047,10,57,1.0,0.92,13.1494,12.6597,0.4897
S047,11,57,1.0,0.88,15.9124,14.305,1.6074
S047,12,57,1.0,0.88,16.0223,14.1586,1.8637
S047,13,57,1.0,0.88,14.1998,12.7279,1.4719
S047,14,56,0.2,0.88,15.809,15.26,0.549
S048,10,62,0.7,0.88,19.3886,18.829,0.5596
S048,11,62,0.0,0.92,18.803,18.5976,0.2054
S048,12,62,0.0,0.92,21.1464,20.713,0.4334
S048,13,62,1.0,0.88,22.3354,21.5035,0.8319
S048,14,61,0.0,0.92,18.0333,17.6658,0.3675
S050,10,62,0.2,0.88,15.0426,14.5628,0.4797
S050,11,62,0.0,0.88,14.729,14.2781,0.451
S050,12,62,1.0,0.96,16.7002,16.5342,0.166
S050,13,62,0.85,0.88,17.6251,16.8509,0.7741
S050,14,61,0.85,0.88,15.7903,15.1116,0.6786
S051,10,62,0.7,0.88,13.3774,12.3548,1.0226
S051,11,62,1.0,0.88,15.9289,13.9304,1.9985
S051,12,62,1.0,0.88,17.4471,15.986,1.4612
S051,13,62,0.85,0.88,13.4509,12.2521,1.1988
S051,14,61,0.0,0.88,15.0014,14.4503,0.5511
S052,10,62,1.0,1.12,29.1367,28.7495,0.3872
S053,10,62,0.85,1.12,12.9354,12.161,0.7744
S053,11,62,1.0,1.08,14.0395,13.6241,0.4155
S053,12,62,0.5,1.12,13.5122,13.1772,0.335
S053,13,62,1.0,1.08,12.9073,12.5025,0.4048
S053,14,62,1.0,1.08,12.2949,11.9182,0.3767
S054,10,62,0.7,0.88,14.9491,14.0022,0.947
S054,11,62,0.35,0.88,15.1614,14.3173,0.8441
S054,12,62,0.35,0.88,17.2439,16.4769,0.767
S054,13,62,0.85,0.88,17.7305,16.7585,0.972
S054,14,61,0.85,0.88,16.0664,15.1383,0.9281
S055,10,43,1.0,0.88,14.6632,13.5194,1.1438
S055,11,44,0.0,0.96,14.5847,14.1995,0.3852
S055,12,44,0.0,0.88,16.6601,16.0491,0.611
S055,13,43,0.0,0.88,15.9622,15.2139,0.7483
S055,14,43,0.7,0.88,16.9945,16.0131,0.9814
S056,10,62,1.0,0.92,13.0259,12.3251,0.7008
S056,11,62,1.0,0.88,15.7264,14.4888,1.2376
S056,12,62,1.0,0.88,15.3894,13.9923,1.3971
S056,13,62,1.0,0.88,14.9936,13.4446,1.549
S056,14,61,1.0,0.88,16.7439,15.4016,1.3424
S059,13,62,1.0,1.04,15.9037,15.7509,0.1528
S059,14,61,1.0,1.08,13.8861,13.5194,0.3666
S060,10,62,0.85,1.12,18.6175,17.9142,0.7033
S060,11,62,0.85,1.12,18.3982,17.566,0.8322
S060,12,62,1.0,1.12,21.6109,20.2899,1.321
S060,13,62,0.7,1.12,21.5671,20.8951,0.672
S060,14,61,0.85,1.12,20.5117,19.7721,0.7397
S061,10,61,0.7,1.12,17.5102,16.8798,0.6304
S061,12,61,0.0,1.12,21.1067,20.8466,0.2601
S062,11,62,1.0,0.96,14.1346,13.979,0.1556
S062,12,62,0.7,0.88,16.4844,15.9736,0.5108
S062,13,62,0.35,0.92,16.4868,16.2491,0.2377
S062,14,61,1.0,0.92,14.8042,14.5469,0.2573
S063,10,60,0.85,1.12,18.3047,17.5122,0.7925
S063,11,62,0.85,1.12,18.245,17.2617,0.9832
S063,12,61,0.35,1.12,24.9211,24.5811,0.34
S063,13,61,0.1,1.12,24.1359,23.8587,0.2772
S063,14,61,1.0,1.08,23.8378,23.5206,0.3172
S064,12,61,1.0,0.96,17.0717,16.8408,0.2309
S064,14,61,1.0,0.96,14.4793,14.3141,0.1651
S066,10,62,0.2,1.12,16.4286,16.0452,0.3834
S066,11,62,1.0,1.08,15.6922,15.1923,0.4999
S066,12,62,0.7,1.12,16.6211,15.8188,0.8024
S066,13,62,0.7,1.12,15.7565,15.0523,0.7042
S066,14,62,1.0,1.12,16.5747,15.617,0.9577
S068,12,62,0.7,1.08,19.1389,18.915,0.2239
S070,11,62,1.0,0.96,13.993,13.8282,0.1648
S070,13,62,1.0,0.92,15.5762,15.1098,0.4664
S070,14,61,1.0,0.92,15.1915,14.7867,0.4048
S071,10,62,1.0,1.12,12.7749,11.5877,1.1872
S071,11,62,1.0,1.12,13.5744,12.4394,1.135
S071,12,62,1.0,1.12,14.4617,13.1403,1.3214
S071,13,62,1.0,1.12,15.2299,14.0725,1.1574
S071,14,61,1.0,1.12,13.6495,12.5202,1.1293
S072,11,62,0.0,0.92,16.4948,16.1739,0.3209
S072,12,62,0.35,0.88,20.1588,19.1988,0.96
S072,13,62,1.0,0.88,20.7172,19.2838,1.4334
S072,14,62,1.0,0.92,19.8429,19.1615,0.6814
S074,10,62,1.0,1.08,15.8183,15.0645,0.7538
S074,11,62,0.85,1.12,20.7034,19.8234,0.8801
S074,12,62,1.0,1.12,19.9172,18.6412,1.2759
S074,14,61,0.5,1.12,21.5127,21.1268,0.3859
S075,11,62,1.0,1.04,17.9577,17.8052,0.1525
S075,12,62,0.0,1.12,19.4824,19.1766,0.3058
S075,13,62,1.0,1.04,17.8481,17.6815,0.1666
S076,10,44,0.1,1.12,22.2215,22.0535,0.168
S076,11,45,0.35,1.12,21.7754,21.3371,0.4384
S076,12,46,0.85,1.12,27.5246,26.8118,0.7129
S076,14,45,0.85,1.08,25.1838,25.0063,0.1776
S115,10,62,1.0,1.08,22.011,21.6839,0.3272
S115,11,62,0.0,1.12,25.5077,24.9298,0.5779
S115,12,62,1.0,1.12,24.9952,23.8237,1.1715
S115,13,62,0.0,1.08,23.5963,23.0816,0.5147
S115,14,61,0.0,1.12,23.0525,22.5085,0.544
S116,10,62,0.0,1.04,20.7618,20.5238,0.238
S116,13,62,0.5,1.04,22.8483,22.6341,0.2142
S116,14,62,0.2,1.04,20.0792,19.8827,0.1965
