site_id,hour,n_rows,capacity_MW,mae_MW,rmse_MW,nrmse_pct,bias_MW,pred_actual_ratio
S002,6,122,3.3,0.3561,0.5898,17.872,-0.3561,0.0021
S002,7,122,3.3,0.3823,0.5864,17.7689,-0.3816,0.0462
S002,8,122,3.3,0.3945,0.5667,17.1727,-0.3468,0.3742
S002,9,122,3.3,0.3235,0.4264,12.9211,-0.1584,0.7866
S002,10,122,3.3,0.2753,0.3696,11.2005,-0.0283,0.9685
S002,11,122,3.3,0.3394,0.4562,13.825,-0.112,0.8919
S002,12,122,3.3,0.3919,0.5247,15.8994,-0.1783,0.8357
S002,13,122,3.3,0.3382,0.4467,13.5372,-0.1201,0.8787
S002,14,122,3.3,0.268,0.3461,10.4889,-0.0785,0.9105
S002,15,122,3.3,0.2878,0.3983,12.0704,-0.1667,0.7628
S002,16,122,3.3,0.323,0.5192,15.7345,-0.276,0.4355
S002,17,122,3.3,0.3293,0.5638,17.0854,-0.3277,0.0846
S002,18,122,3.3,0.1857,0.3849,11.6624,-0.1857,0.007
S002,19,122,3.3,0.187,0.3864,11.7097,-0.187,0.0
S003,6,122,4.1667,0.0103,0.0293,0.7041,0.0103,
S003,7,122,4.1667,0.067,0.085,2.0405,0.067,
S003,8,122,4.1667,0.2734,0.348,8.3525,0.2734,
S003,9,122,4.1667,0.5931,0.6666,15.9981,0.5931,
S003,10,122,4.1667,0.8279,0.9078,21.7874,0.8279,
S003,11,122,4.1667,0.9767,1.0681,25.6342,0.9767,
S003,12,122,4.1667,1.0398,1.1304,27.1289,1.0398,
S003,13,122,4.1667,0.9894,1.0695,25.6672,0.9894,
S003,14,122,4.1667,0.8212,0.8915,21.3949,0.8212,
S003,15,122,4.1667,0.6193,0.6848,16.4355,0.6193,
S003,16,122,4.1667,0.3818,0.4316,10.3589,0.3818,
S003,17,122,4.1667,0.0968,0.1705,4.0915,0.0968,
S003,18,122,4.1667,0.0135,0.0408,0.9798,0.0135,
S003,19,122,4.1667,0.0,0.0,0.0,0.0,
S004,6,122,3.97,0.0017,0.0065,0.1641,-0.0003,0.7264
S004,7,122,3.97,0.0657,0.1333,3.3574,-0.0601,0.2816
S004,8,122,3.97,0.192,0.2444,6.1559,-0.0787,0.7977
S004,9,122,3.97,0.2378,0.3375,8.501,0.0694,1.0901
S004,10,122,3.97,0.3529,0.4557,11.4787,0.1719,1.1648
S004,11,122,3.97,0.3756,0.4774,12.0243,0.189,1.1513
S004,12,122,3.97,0.4361,0.5738,14.4526,0.1827,1.1371
S004,13,122,3.97,0.4182,0.5661,14.2598,0.2284,1.188
S004,14,122,3.97,0.3624,0.4743,11.9476,0.1828,1.1878
S004,15,122,3.97,0.2619,0.3454,8.701,0.1058,1.1596
S004,16,122,3.97,0.1337,0.1904,4.7966,0.0483,1.1749
S004,17,122,3.97,0.0385,0.0948,2.3868,-0.0095,0.8284
S004,18,122,3.97,0.0019,0.0075,0.1879,0.0002,1.1754
S004,19,122,3.97,0.0,0.0,0.0,0.0,
S006,6,122,5.0,0.0005,0.0017,0.0333,0.0005,
S006,7,122,5.0,0.0213,0.0352,0.7032,0.0073,1.6348
S006,8,122,5.0,0.16,0.2265,4.5309,0.1133,1.9151
S006,9,122,5.0,0.3833,0.4581,9.1623,0.352,2.1948
S006,10,122,5.0,0.6423,0.791,15.8202,0.6205,2.3862
S006,11,122,5.0,0.8389,0.9891,19.7814,0.8038,2.3991
S006,12,122,5.0,0.9207,1.0632,21.2646,0.8623,2.4338
S006,13,122,5.0,0.8226,0.979,19.5801,0.7782,2.3309
S006,14,122,5.0,0.5365,0.6626,13.2513,0.474,1.9785
S006,15,122,5.0,0.2902,0.3543,7.0864,0.2614,1.7928
S006,16,122,5.0,0.1256,0.1936,3.8717,0.0956,1.5861
S006,17,122,5.0,0.0411,0.0908,1.8159,0.0069,1.2567
S006,18,122,5.0,0.0016,0.0066,0.1314,0.0016,
S006,19,122,5.0,0.0,0.0,0.0,0.0,
S007,6,122,22.0,0.0204,0.0636,0.2893,-0.0155,0.3302
S007,7,122,22.0,0.5195,0.8596,3.9075,-0.398,0.4828
S007,8,122,22.0,1.3444,1.7928,8.1489,0.1269,1.0365
S007,9,122,22.0,2.2306,2.7077,12.3076,0.2603,1.0382
S007,10,122,22.0,2.2571,2.9289,13.3131,0.6534,1.0739
S007,11,122,22.0,2.4096,3.2572,14.8055,0.1481,1.014
S007,12,122,22.0,2.2141,2.9436,13.38,0.4641,1.0444
S007,13,122,22.0,2.6622,3.3802,15.3646,0.757,1.0825
S007,14,122,22.0,1.791,2.4588,11.1762,0.2253,1.0294
S007,15,122,22.0,1.2751,1.8579,8.4452,0.0645,1.0128
S007,16,122,22.0,0.6049,0.8861,4.0276,0.1274,1.0637
S007,17,122,22.0,0.1491,0.3084,1.4017,-0.0715,0.7922
S007,18,122,22.0,0.0154,0.0562,0.2556,-0.013,0.323
S007,19,122,22.0,0.0,0.0,0.0,0.0,
S008,6,122,3.172,0.0068,0.0194,0.6101,0.0042,1.6723
S008,7,122,3.172,0.0809,0.1464,4.6145,-0.0657,0.4869
S008,8,122,3.172,0.2003,0.2589,8.1622,-0.1141,0.7593
S008,9,122,3.172,0.2364,0.3232,10.1902,-0.0203,0.9774
S008,10,122,3.172,0.3146,0.4374,13.7888,-0.0366,0.97
S008,11,122,3.172,0.3548,0.4845,15.273,-0.1098,0.9223
S008,12,122,3.172,0.345,0.4749,14.9711,-0.0831,0.942
S008,13,122,3.172,0.3679,0.5317,16.762,-0.05,0.963
S008,14,122,3.172,0.2757,0.3893,12.2726,0.0117,1.0109
S008,15,122,3.172,0.2216,0.3096,9.7613,0.0383,1.0528
S008,16,122,3.172,0.1454,0.2158,6.8025,0.0256,1.0705
S008,17,122,3.172,0.0339,0.0608,1.9177,0.0016,1.0211
S008,18,122,3.172,0.004,0.0134,0.422,0.0017,1.2824
S008,19,122,3.172,0.0,0.0,0.0,0.0,
S009,6,122,5.25,0.0256,0.0616,1.1725,0.0144,2.1877
S009,7,122,5.25,0.1117,0.183,3.4848,-0.0022,0.9869
S009,8,122,5.25,0.3597,0.5592,10.6511,-0.2854,0.516
S009,9,122,5.25,0.7968,1.0446,19.8975,-0.7426,0.3505
S009,10,122,5.25,0.8168,1.0061,19.1635,-0.6584,0.5615
S009,11,122,5.25,0.9623,1.1705,22.2961,-0.4111,0.7677
S009,12,122,5.25,0.7674,0.9994,19.0354,-0.2167,0.8893
S009,13,122,5.25,0.8811,1.0731,20.4406,-0.4148,0.7533
S009,14,122,5.25,0.8585,1.07,20.3802,-0.6859,0.5315
S009,15,122,5.25,0.5592,0.7543,14.3668,-0.5202,0.4452
S009,16,122,5.25,0.2485,0.4228,8.0538,-0.1614,0.651
S009,17,122,5.25,0.093,0.1545,2.9425,-0.0059,0.9489
S009,18,122,5.25,0.0211,0.0579,1.1038,0.0105,1.7507
S009,19,122,5.25,0.0048,0.0298,0.568,-0.0048,0.0
S010,6,122,2.0,0.007,0.0126,0.6322,0.0004,1.0774
S010,7,122,2.0,0.0309,0.0536,2.6798,-0.0126,0.741
S010,8,122,2.0,0.0843,0.1162,5.8097,-0.0054,0.9717
S010,9,122,2.0,0.1179,0.1676,8.3821,0.0657,1.1786
S010,10,122,2.0,0.147,0.2046,10.2323,0.0738,1.1398
S010,11,122,2.0,0.1458,0.1933,9.6662,0.0557,1.0883
S010,12,122,2.0,0.1626,0.2059,10.2938,0.0703,1.1078
S010,13,122,2.0,0.156,0.2118,10.5912,0.0545,1.0877
S010,14,122,2.0,0.1515,0.1954,9.7706,0.044,1.0847
S010,15,122,2.0,0.1012,0.1275,6.3752,0.03,1.0854
S010,16,122,2.0,0.0658,0.0802,4.0076,0.0309,1.1827
S010,17,122,2.0,0.02,0.0326,1.6278,0.0047,1.1156
S010,18,122,2.0,0.0056,0.0096,0.4777,-0.0019,0.724
S010,19,122,2.0,0.0034,0.0058,0.2899,-0.0034,0.0
S011,6,122,2.323,0.0049,0.0123,0.5287,0.0044,14.4629
S011,7,122,2.323,0.0334,0.0556,2.3936,-0.0207,0.5886
S011,8,122,2.323,0.0978,0.1192,5.1292,-0.0581,0.7403
S011,9,122,2.323,0.1134,0.162,6.9743,-0.0315,0.9254
S011,10,122,2.323,0.1616,0.2384,10.2637,-0.0097,0.9834
S011,11,122,2.323,0.1828,0.2629,11.3174,0.0038,1.0055
S011,12,122,2.323,0.1915,0.2863,12.3237,-0.0057,0.9923
S011,13,122,2.323,0.1809,0.2505,10.7844,0.0725,1.1126
S011,14,122,2.323,0.1996,0.2733,11.7653,0.0311,1.0537
S011,15,122,2.323,0.1477,0.1858,7.9992,0.0806,1.2213
S011,16,122,2.323,0.1198,0.1465,6.3077,0.0634,1.3215
S011,17,122,2.323,0.0308,0.06,2.5828,0.0051,1.096
S011,18,122,2.323,0.0065,0.0241,1.0356,-0.0055,0.4576
S011,19,122,2.323,0.0021,0.0209,0.8989,-0.0021,0.0
S012,6,122,17.55,0.1259,0.1604,0.9142,-0.1233,0.0202
S012,7,122,17.55,0.2565,0.4055,2.3105,-0.2544,0.2438
S012,8,122,17.55,0.8462,1.3027,7.423,0.5807,1.7529
S012,9,122,17.55,2.6524,3.1452,17.9214,2.3152,2.8991
S012,10,122,17.55,3.7548,4.5422,25.8812,3.6081,3.4027
S012,11,122,17.55,4.5476,5.4288,30.9331,4.3691,3.6799
S012,12,122,17.55,4.8459,5.6973,32.4631,4.4045,3.3148
S012,13,122,17.55,4.4856,5.2976,30.1859,4.1772,3.4387
S012,14,122,17.55,3.7229,4.3625,24.8576,3.3926,3.4287
S012,15,122,17.55,2.365,2.8177,16.0554,2.1351,3.0642
S012,16,122,17.55,0.8444,1.0537,6.0043,0.6311,1.9561
S012,17,122,17.55,0.2273,0.327,1.8631,-0.1676,0.5198
S012,18,122,17.55,0.1287,0.1628,0.9275,-0.1226,0.0586
S012,19,122,17.55,0.1205,0.1591,0.9064,-0.1205,0.0
S014,6,122,5.1,0.0041,0.0132,0.2589,-0.0035,0.2393
S014,7,122,5.1,0.0941,0.1494,2.9294,-0.0927,0.2194
S014,8,122,5.1,0.2098,0.2825,5.5394,-0.0937,0.8069
S014,9,122,5.1,0.3176,0.4193,8.2225,0.1646,1.197
S014,10,122,5.1,0.4899,0.6309,12.3716,0.2649,1.2131
S014,11,122,5.1,0.5449,0.6822,13.3765,0.3445,1.2446
S014,12,122,5.1,0.5934,0.7357,14.4258,0.3433,1.2293
S014,13,122,5.1,0.594,0.7482,14.6699,0.404,1.305
S014,14,122,5.1,0.4768,0.593,11.6281,0.201,1.1784
S014,15,122,5.1,0.2713,0.3757,7.3674,0.0516,1.0677
S014,16,122,5.1,0.1226,0.1903,3.7321,-0.0009,0.9974
S014,17,122,5.1,0.0377,0.0806,1.5799,-0.0318,0.6038
S014,18,122,5.1,0.0043,0.0152,0.2977,-0.0041,0.2215
S014,19,122,5.1,0.0,0.0,0.0,0.0,
S016,6,122,8.5,0.0018,0.0049,0.0571,0.0018,
S016,7,122,8.5,0.1523,0.299,3.5176,-0.1222,0.2636
S016,8,122,8.5,0.4052,0.5571,6.5537,-0.193,0.7693
S016,9,122,8.5,0.5955,0.8127,9.5613,0.2713,1.1682
S016,10,122,8.5,0.8469,1.073,12.6231,0.5149,1.2371
S016,11,122,8.5,0.8488,1.0567,12.4315,0.5383,1.2132
S016,12,122,8.5,0.8155,0.9948,11.7037,0.4833,1.1794
S016,13,122,8.5,0.8301,1.0085,11.8648,0.6325,1.2661
S016,14,122,8.5,0.8865,1.0669,12.5519,0.3805,1.1803
S016,15,122,8.5,0.4819,0.6385,7.5113,0.2686,1.2119
S016,16,122,8.5,0.2457,0.3762,4.4256,0.026,1.0464
S016,17,122,8.5,0.0626,0.1603,1.8861,-0.0163,0.8348
S016,18,122,8.5,0.0024,0.0106,0.1246,0.0024,
S016,19,122,8.5,0.0,0.0,0.0,0.0,
S017,6,122,0.954,0.0368,0.0743,7.7844,-0.0368,0.0016
S017,7,122,0.954,0.0406,0.0729,7.6374,-0.0405,0.0383
S017,8,122,0.954,0.0364,0.0518,5.4321,-0.0148,0.769
S017,9,122,0.954,0.078,0.0919,9.6291,0.0536,1.6013
S017,10,122,0.954,0.0969,0.1129,11.8311,0.0799,1.6853
S017,11,122,0.954,0.0998,0.1162,12.1755,0.089,1.691
S017,12,122,0.954,0.0992,0.1161,12.1729,0.086,1.6277
S017,13,122,0.954,0.1062,0.1233,12.9194,0.0955,1.7803
S017,14,122,0.954,0.0894,0.1029,10.7813,0.0761,1.7096
S017,15,122,0.954,0.0681,0.0784,8.214,0.0458,1.5683
S017,16,122,0.954,0.0412,0.0532,5.5816,0.0069,1.1235
S017,17,122,0.954,0.0284,0.0563,5.8963,-0.0266,0.3083
S017,18,122,0.954,0.0362,0.0733,7.6804,-0.0362,0.0043
S017,19,122,0.954,0.0364,0.0736,7.7133,-0.0364,0.0
S018,6,122,5.1,0.0159,0.0412,0.807,0.0144,3.4704
S018,7,122,5.1,0.0951,0.1662,3.2592,-0.0427,0.7151
S018,8,122,5.1,0.2261,0.2882,5.6508,-0.0546,0.9055
S018,9,122,5.1,0.2722,0.4219,8.2725,0.0453,1.0407
S018,10,122,5.1,0.409,0.5819,11.4092,0.2109,1.1502
S018,11,122,5.1,0.4418,0.6472,12.6894,0.0728,1.042
S018,12,122,5.1,0.4545,0.6378,12.5062,0.1508,1.087
S018,13,122,5.1,0.4737,0.6436,12.6203,0.1422,1.0851
S018,14,122,5.1,0.3887,0.5408,10.6039,0.1389,1.1032
S018,15,122,5.1,0.2787,0.4135,8.1082,0.1561,1.1842
S018,16,122,5.1,0.1835,0.2359,4.6261,0.1023,1.2458
S018,17,122,5.1,0.0573,0.1046,2.0514,0.039,1.4696
S018,18,122,5.1,0.009,0.0282,0.5528,0.0081,2.4446
S018,19,122,5.1,0.0,0.0,0.0,0.0,
S019,6,122,3.0,0.5829,1.1755,39.1837,-0.5829,0.0206
S019,7,122,3.0,0.6013,1.1436,38.12,-0.5777,0.1127
S019,8,122,3.0,0.635,0.9798,32.6608,-0.5891,0.3713
S019,9,122,3.0,0.5974,0.8766,29.2189,-0.4566,0.6471
S019,10,122,3.0,0.5438,0.7801,26.0028,-0.3534,0.7767
S019,11,122,3.0,0.5165,0.7344,24.4789,-0.3781,0.785
S019,12,122,3.0,0.5009,0.7088,23.6257,-0.3272,0.8152
S019,13,122,3.0,0.4837,0.727,24.2343,-0.302,0.8225
S019,14,122,3.0,0.5018,0.7754,25.8453,-0.2962,0.7974
S019,15,122,3.0,0.5351,0.8472,28.2408,-0.2584,0.7677
S019,16,122,3.0,0.5593,0.9311,31.0356,-0.3336,0.5736
S019,17,122,3.0,0.5282,1.0477,34.9244,-0.4942,0.164
S019,18,122,3.0,0.5643,1.1577,38.5899,-0.5643,0.019
S019,19,122,3.0,0.5752,1.1799,39.329,-0.5752,0.0
S020,6,122,3.8,0.0199,0.0511,1.3446,0.0187,4.5724
S020,7,122,3.8,0.0903,0.1253,3.2976,0.0495,1.4775
S020,8,122,3.8,0.208,0.3099,8.1565,-0.1132,0.7052
S020,9,122,3.8,0.4883,0.6283,16.5343,-0.424,0.4448
S020,10,122,3.8,0.6933,0.8407,22.124,-0.6377,0.385
S020,11,122,3.8,0.8357,0.9856,25.938,-0.7055,0.4195
S020,12,122,3.8,0.8363,0.994,26.1575,-0.7617,0.4361
S020,13,122,3.8,0.777,0.9442,24.8466,-0.695,0.4132
S020,14,122,3.8,0.6726,0.8351,21.9752,-0.6217,0.3847
S020,15,122,3.8,0.3625,0.4915,12.9352,-0.3195,0.5097
S020,16,122,3.8,0.176,0.2689,7.0763,-0.0386,0.8754
S020,17,122,3.8,0.0701,0.1116,2.9364,0.0392,1.5917
S020,18,122,3.8,0.017,0.0508,1.3375,0.0168,4.479
S020,19,122,3.8,0.0,0.0,0.0,0.0,
S021,6,122,2.2,0.0199,0.0517,2.3517,0.0195,7.8119
S021,7,122,2.2,0.094,0.1223,5.5586,0.0777,2.142
S021,8,122,2.2,0.1607,0.2217,10.0754,-0.0357,0.8691
S021,9,122,2.2,0.332,0.4349,19.7667,-0.2709,0.5015
S021,10,122,2.2,0.4704,0.5807,26.3939,-0.4229,0.4178
S021,11,122,2.2,0.5651,0.6688,30.3992,-0.511,0.386
S021,12,122,2.2,0.6362,0.7391,33.5942,-0.592,0.3596
S021,13,122,2.2,0.5217,0.6385,29.0237,-0.4716,0.4052
S021,14,122,2.2,0.4314,0.5365,24.3885,-0.3789,0.4431
S021,15,122,2.2,0.2244,0.3048,13.8555,-0.1724,0.6127
S021,16,122,2.2,0.1423,0.1862,8.4627,0.0267,1.125
S021,17,122,2.2,0.0659,0.1047,4.7605,0.0557,2.2374
S021,18,122,2.2,0.0164,0.0491,2.2326,0.0164,6.1356
S021,19,122,2.2,0.0,0.0,0.0,0.0,
S022,6,122,3.24,0.0108,0.0298,0.9205,0.0097,3.0453
S022,7,122,3.24,0.0637,0.1004,3.1002,-0.026,0.7714
S022,8,122,3.24,0.2008,0.2573,7.9406,-0.1524,0.654
S022,9,122,3.24,0.2967,0.3649,11.2611,-0.2183,0.7189
S022,10,122,3.24,0.4417,0.5444,16.8025,-0.3634,0.6708
S022,11,122,3.24,0.5279,0.6301,19.4463,-0.4542,0.6532
S022,12,122,3.24,0.5771,0.6915,21.3411,-0.4837,0.6472
S022,13,122,3.24,0.5074,0.6139,18.948,-0.4527,0.6521
S022,14,122,3.24,0.4133,0.5192,16.0238,-0.3473,0.6662
S022,15,122,3.24,0.2476,0.3076,9.4939,-0.2154,0.6994
S022,16,122,3.24,0.0863,0.1213,3.7453,-0.0211,0.9328
S022,17,122,3.24,0.0367,0.0586,1.8098,0.0226,1.3431
S022,18,122,3.24,0.0084,0.0243,0.7485,0.0074,2.5017
S022,19,122,3.24,0.0,0.0,0.0,0.0,
S023,6,122,16.37,0.0247,0.0684,0.4176,0.0242,3.1541
S023,7,122,16.37,0.1854,0.3405,2.08,-0.1261,0.6006
S023,8,122,16.37,0.5977,0.784,4.7894,-0.2087,0.8454
S023,9,122,16.37,0.7848,1.0726,6.5523,-0.0303,0.9886
S023,10,122,16.37,1.0349,1.3293,8.1201,0.028,1.0076
S023,11,122,16.37,1.092,1.3956,8.5253,-0.0674,0.9847
S023,12,122,16.37,1.1491,1.5367,9.3872,0.0153,1.0033
S023,13,122,16.37,1.102,1.4496,8.8554,0.0587,1.0138
S023,14,122,16.37,1.0106,1.3693,8.3649,0.0376,1.0109
S023,15,122,16.37,0.7007,1.0566,6.4544,-0.1011,0.957
S023,16,122,16.37,0.3581,0.555,3.3904,0.0522,1.0501
S023,17,122,16.37,0.1101,0.2181,1.3325,0.0102,1.0451
S023,18,122,16.37,0.0112,0.0407,0.2488,0.01,1.9403
S023,19,122,16.37,0.0,0.0,0.0,0.0,
S024,6,122,5.99,0.0205,0.0545,0.9093,0.0199,4.9771
S024,7,122,5.99,0.0952,0.1472,2.4578,-0.0155,0.8937
S024,8,122,5.99,0.212,0.2703,4.512,-0.0436,0.9223
S024,9,122,5.99,0.3115,0.4387,7.3233,0.061,1.0585
S024,10,122,5.99,0.417,0.6013,10.0377,0.0449,1.0303
S024,11,122,5.99,0.4412,0.6494,10.8411,0.0775,1.0451
S024,12,122,5.99,0.5179,0.753,12.5718,0.1114,1.063
S024,13,122,5.99,0.5091,0.7184,11.9936,0.1775,1.111
S024,14,122,5.99,0.4218,0.6178,10.3146,0.1718,1.1362
S024,15,122,5.99,0.2906,0.4086,6.822,0.0878,1.0952
S024,16,122,5.99,0.2173,0.3044,5.0815,0.1331,1.3044
S024,17,122,5.99,0.0688,0.1131,1.8877,0.0419,1.3863
S024,18,122,5.99,0.0115,0.0357,0.5953,0.0101,2.0769
S024,19,122,5.99,0.0,0.0,0.0,0.0,
S025,6,122,5.65,0.0201,0.0553,0.9796,0.0201,4.9539
S025,7,122,5.65,0.1033,0.161,2.8499,-0.0305,0.8184
S025,8,122,5.65,0.2144,0.2647,4.6846,-0.0771,0.8795
S025,9,122,5.65,0.2974,0.4,7.0794,0.0165,1.0139
S025,10,122,5.65,0.4438,0.5976,10.5775,-0.0101,0.9941
S025,11,122,5.65,0.5014,0.6759,11.9634,-0.09,0.956
S025,12,122,5.65,0.4951,0.632,11.1865,0.0337,1.017
S025,13,122,5.65,0.5042,0.6896,12.206,-0.0955,0.9516
S025,14,122,5.65,0.4114,0.5765,10.2043,-0.0106,0.9933
S025,15,122,5.65,0.2889,0.4037,7.1453,0.0527,1.0516
S025,16,122,5.65,0.2057,0.2709,4.7939,0.1103,1.2341
S025,17,122,5.65,0.0677,0.1111,1.9656,0.0378,1.3586
S025,18,122,5.65,0.0127,0.041,0.7261,0.0121,3.045
S025,19,122,5.65,0.0,0.0,0.0,0.0,
S028,6,122,3.14,0.012,0.0323,1.0296,0.0113,4.3608
S028,7,122,3.14,0.0742,0.1306,4.1579,-0.0311,0.7164
S028,8,122,3.14,0.1724,0.2218,7.064,-0.0969,0.7678
S028,9,122,3.14,0.244,0.3334,10.6182,-0.0422,0.9464
S028,10,122,3.14,0.3275,0.4358,13.8778,-0.016,0.9851
S028,11,122,3.14,0.32,0.4396,14.0013,-0.0362,0.9706
S028,12,122,3.14,0.3942,0.5181,16.499,-0.1069,0.9196
S028,13,122,3.14,0.4194,0.546,17.3886,-0.0272,0.9779
S028,14,122,3.14,0.3876,0.4966,15.8148,0.0163,1.0163
S028,15,122,3.14,0.2345,0.2945,9.3776,0.0662,1.1072
S028,16,122,3.14,0.1444,0.18,5.7336,0.0424,1.134
S028,17,122,3.14,0.0349,0.0612,1.9488,0.0241,1.404
S028,18,122,3.14,0.0065,0.0216,0.6891,0.0065,2.6227
S028,19,122,3.14,0.0,0.0,0.0,0.0,
S030,6,122,2.9,0.0054,0.0334,1.1509,-0.0047,0.1487
S030,7,122,2.9,0.0731,0.1342,4.6285,-0.0716,0.1865
S030,8,122,2.9,0.191,0.2311,7.9697,-0.1364,0.6303
S030,9,122,2.9,0.196,0.2668,9.1995,-0.0539,0.9272
S030,10,122,2.9,0.2433,0.3338,11.5116,0.0235,1.0232
S030,11,122,2.9,0.2769,0.3601,12.4187,0.0435,1.0381
S030,12,122,2.9,0.2741,0.3665,12.6364,-0.0012,0.999
S030,13,122,2.9,0.3076,0.4092,14.1093,0.05,1.0438
S030,14,122,2.9,0.2766,0.3766,12.9849,0.0359,1.0379
S030,15,122,2.9,0.1858,0.2562,8.8335,0.066,1.1094
S030,16,122,2.9,0.1181,0.1442,4.974,0.0637,1.2462
S030,17,122,2.9,0.0217,0.0459,1.5825,0.0036,1.0766
S030,18,122,2.9,0.002,0.0066,0.228,-0.0012,0.5538
S030,19,122,2.9,0.0,0.0,0.0,0.0,
S031,6,122,0.9222,0.0016,0.0043,0.4632,0.0016,21.0815
S031,7,122,0.9222,0.0114,0.0176,1.9048,-0.0037,0.7241
S031,8,122,0.9222,0.029,0.04,4.3333,-0.0024,0.9652
S031,9,122,0.9222,0.0523,0.0689,7.4692,0.029,1.2255
S031,10,122,0.9222,0.062,0.077,8.354,0.0329,1.1831
S031,11,122,0.9222,0.0574,0.0733,7.9457,0.0222,1.1004
S031,12,122,0.9222,0.0646,0.088,9.5417,0.0064,1.0258
S031,13,122,0.9222,0.0585,0.0842,9.1295,0.0083,1.0348
S031,14,122,0.9222,0.0644,0.0916,9.9323,0.0052,1.0259
S031,15,122,0.9222,0.0448,0.067,7.2608,-0.0009,0.994
S031,16,122,0.9222,0.0254,0.0341,3.6929,0.0096,1.1534
S031,17,122,0.9222,0.0086,0.0152,1.6439,0.0023,1.1735
S031,18,122,0.9222,0.0011,0.0034,0.3646,0.0008,3.3924
S031,19,122,0.9222,0.0,0.0,0.0,0.0,
S032,6,122,9.335,0.0251,0.0605,0.6479,0.0251,
S032,7,122,9.335,0.201,0.3621,3.8786,-0.1188,0.5962
S032,8,122,9.335,0.8778,1.1567,12.3915,-0.845,0.2612
S032,9,122,9.335,1.6716,1.9762,21.1693,-1.6558,0.1796
S032,10,122,9.335,2.3885,2.7573,29.5376,-2.381,0.1633
S032,11,122,9.335,2.6636,3.0983,33.1903,-2.6412,0.191
S032,12,122,9.335,2.8252,3.2574,34.895,-2.8174,0.1921
S032,13,122,9.335,2.7387,3.1307,33.5373,-2.6778,0.1835
S032,14,122,9.335,2.0919,2.4337,26.0708,-2.0757,0.2175
S032,15,122,9.335,1.4829,1.8144,19.437,-1.468,0.176
S032,16,122,9.335,0.5424,0.8731,9.3533,-0.5091,0.3462
S032,17,122,9.335,0.1242,0.2731,2.9254,-0.0495,0.684
S032,18,122,9.335,0.0126,0.0429,0.4592,0.0118,2.4289
S032,19,122,9.335,0.0,0.0,0.0,0.0,
S033,6,122,5.688,0.0087,0.0291,0.5116,-0.0081,0.1137
S033,7,122,5.688,0.1511,0.2497,4.3903,-0.1446,0.1939
S033,8,122,5.688,0.3222,0.4184,7.3558,-0.2305,0.6789
S033,9,122,5.688,0.3965,0.5312,9.3389,0.0148,1.0117
S033,10,122,5.688,0.5557,0.7074,12.437,0.1072,1.0594
S033,11,122,5.688,0.5716,0.7493,13.1738,0.0337,1.0154
S033,12,122,5.688,0.6495,0.8268,14.5363,0.031,1.0137
S033,13,122,5.688,0.561,0.7421,13.0471,0.091,1.044
S033,14,122,5.688,0.6094,0.7958,13.9907,0.0575,1.0333
S033,15,122,5.688,0.3765,0.4757,8.3638,0.0183,1.0157
S033,16,122,5.688,0.2085,0.2766,4.8629,-0.0039,0.9928
S033,17,122,5.688,0.0498,0.091,1.6007,-0.0317,0.7279
S033,18,122,5.688,0.0056,0.0202,0.3559,-0.0053,0.3497
S033,19,122,5.688,0.0,0.0,0.0,0.0,
S034,6,122,3.496,0.0007,0.0018,0.0506,0.0004,2.7037
S034,7,122,3.496,0.0692,0.1248,3.5695,-0.0601,0.2279
S034,8,122,3.496,0.2301,0.3048,8.7199,-0.0816,0.7932
S034,9,122,3.496,0.2741,0.3882,11.104,0.1143,1.1623
S034,10,122,3.496,0.371,0.5215,14.9178,0.136,1.1332
S034,11,122,3.496,0.3832,0.5349,15.3007,0.1873,1.1675
S034,12,122,3.496,0.3858,0.5648,16.1563,0.0633,1.0515
S034,13,122,3.496,0.4026,0.5753,16.456,0.1499,1.1337
S034,14,122,3.496,0.3874,0.4845,13.8597,0.1666,1.1835
S034,15,122,3.496,0.2643,0.3591,10.2714,0.128,1.2144
S034,16,122,3.496,0.1392,0.209,5.9779,0.0657,1.2485
S034,17,122,3.496,0.0286,0.0689,1.9714,-0.0034,0.9347
S034,18,122,3.496,0.0012,0.0058,0.1658,0.0003,1.5706
S034,19,122,3.496,0.0,0.0,0.0,0.0,
S035,6,122,5.296,0.0178,0.0476,0.8992,0.0163,3.5136
S035,7,122,5.296,0.1115,0.1957,3.6951,-0.043,0.7376
S035,8,122,5.296,0.2446,0.3031,5.7241,-0.0846,0.8568
S035,9,122,5.296,0.3381,0.4633,8.7488,0.0629,1.0591
S035,10,122,5.296,0.4526,0.6109,11.5344,0.09,1.0609
S035,11,122,5.296,0.5285,0.6848,12.9301,0.0853,1.0517
S035,12,122,5.296,0.5302,0.6894,13.0167,0.033,1.0189
S035,13,122,5.296,0.5132,0.6963,13.1475,0.0799,1.049
S035,14,122,5.296,0.4537,0.6287,11.8712,0.0837,1.0621
S035,15,122,5.296,0.2938,0.4064,7.674,0.1197,1.1358
S035,16,122,5.296,0.1796,0.2636,4.9774,0.086,1.1868
S035,17,122,5.296,0.0615,0.1135,2.1432,0.039,1.4174
S035,18,122,5.296,0.0098,0.0314,0.5934,0.0094,2.2969
S035,19,122,5.296,0.0,0.0,0.0,0.0,
S037,6,122,5.946,0.0008,0.0021,0.0352,0.0008,
S037,7,122,5.946,0.0714,0.1216,2.0459,-0.0329,0.4345
S037,8,122,5.946,0.4769,0.5843,9.826,-0.0004,0.999
S037,9,122,5.946,0.6015,0.8362,14.0629,0.253,1.2839
S037,10,122,5.946,0.8589,1.103,18.5506,0.3019,1.2337
S037,11,122,5.946,0.9914,1.2333,20.7412,0.253,1.1671
S037,12,122,5.946,1.0638,1.2809,21.5423,0.2158,1.1334
S037,13,122,5.946,0.9906,1.233,20.7364,0.2832,1.1932
S037,14,122,5.946,0.7701,0.9979,16.7835,0.3076,1.2707
S037,15,122,5.946,0.4803,0.6937,11.6666,0.2298,1.3141
S037,16,122,5.946,0.2849,0.4319,7.2643,0.1514,1.597
S037,17,122,5.946,0.0573,0.13,2.1871,0.0443,7.2845
S037,18,122,5.946,0.0005,0.0023,0.0385,0.0005,
S037,19,122,5.946,0.0,0.0,0.0,0.0,
S038,6,122,1.672,0.0028,0.0091,0.5433,-0.0025,0.1782
S038,7,122,1.672,0.0469,0.0777,4.6485,-0.0459,0.1689
S038,8,122,1.672,0.0946,0.1248,7.4633,-0.0604,0.713
S038,9,122,1.672,0.1281,0.173,10.3461,-0.0057,0.986
S038,10,122,1.672,0.1653,0.2099,12.5547,0.0148,1.0261
S038,11,122,1.672,0.1986,0.2569,15.3624,-0.0213,0.9685
S038,12,122,1.672,0.1909,0.2467,14.7548,-0.0154,0.9776
S038,13,122,1.672,0.197,0.269,16.0897,0.0012,1.0019
S038,14,122,1.672,0.1913,0.2561,15.3171,0.0193,1.0361
S038,15,122,1.672,0.1458,0.1937,11.5879,0.0217,1.0641
S038,16,122,1.672,0.0632,0.0754,4.5109,0.0202,1.1345
S038,17,122,1.672,0.0147,0.0275,1.6441,-0.0067,0.8026
S038,18,122,1.672,0.002,0.0072,0.4317,-0.0016,0.3371
S038,19,122,1.672,0.0,0.0,0.0,0.0,
S039,6,122,3.45,0.0022,0.0075,0.218,-0.0018,0.2677
S039,7,122,3.45,0.0509,0.0781,2.2634,-0.0464,0.2627
S039,8,122,3.45,0.1754,0.229,6.6373,-0.0042,0.9822
S039,9,122,3.45,0.2507,0.3791,10.9894,0.1615,1.3392
S039,10,122,3.45,0.3249,0.4451,12.9023,0.2245,1.3175
S039,11,122,3.45,0.3668,0.4808,13.9372,0.204,1.2432
S039,12,122,3.45,0.3876,0.5223,15.1402,0.1527,1.1743
S039,13,122,3.45,0.347,0.4761,13.7987,0.1846,1.2247
S039,14,122,3.45,0.336,0.4303,12.4715,0.2325,1.3523
S039,15,122,3.45,0.2658,0.3483,10.0965,0.2055,1.4757
S039,16,122,3.45,0.1279,0.2017,5.8453,0.0936,1.5119
S039,17,122,3.45,0.0253,0.0611,1.7696,0.0079,1.21
S039,18,122,3.45,0.0022,0.0088,0.2551,-0.0008,0.7456
S039,19,122,3.45,0.0,0.0,0.0,0.0,
S040,6,122,5.96,0.0081,0.0271,0.4549,-0.0078,0.0964
S040,7,122,5.96,0.1618,0.2651,4.4486,-0.1598,0.1819
S040,8,122,5.96,0.3147,0.3928,6.5906,-0.2179,0.6986
S040,9,122,5.96,0.4659,0.6096,10.2282,0.0316,1.0227
S040,10,122,5.96,0.5684,0.7688,12.8987,0.0516,1.0264
S040,11,122,5.96,0.5998,0.7714,12.943,-0.0504,0.9786
S040,12,122,5.96,0.6287,0.8397,14.0881,-0.0287,0.9881
S040,13,122,5.96,0.6666,0.8688,14.5773,0.0756,1.0341
S040,14,122,5.96,0.6181,0.7879,13.2195,0.0821,1.0446
S040,15,122,5.96,0.5095,0.6163,10.3412,0.1194,1.096
S040,16,122,5.96,0.2165,0.3073,5.1554,0.0084,1.0147
S040,17,122,5.96,0.0635,0.1269,2.1294,-0.0517,0.5959
S040,18,122,5.96,0.0103,0.0351,0.5882,-0.0102,0.1723
S040,19,122,5.96,0.0,0.0,0.0,0.0,
S041,6,122,2.2,0.0027,0.0081,0.3688,-0.0019,0.4484
S041,7,122,2.2,0.0497,0.0878,3.9927,-0.046,0.331
S041,8,122,2.2,0.1449,0.1827,8.3052,-0.0861,0.7296
S041,9,122,2.2,0.1769,0.2568,11.671,0.0233,1.0354
S041,10,122,2.2,0.2544,0.3427,15.5782,0.0767,1.0818
S041,11,122,2.2,0.2512,0.3466,15.7552,0.005,1.0043
S041,12,122,2.2,0.3012,0.4001,18.1869,0.0053,1.0044
S041,13,122,2.2,0.3121,0.4111,18.6873,0.0691,1.0633
S041,14,122,2.2,0.2499,0.3367,15.3042,0.0078,1.0083
S041,15,122,2.2,0.1877,0.244,11.09,0.0089,1.0141
S041,16,122,2.2,0.1322,0.1721,7.8229,0.0788,1.3152
S041,17,122,2.2,0.0252,0.0525,2.3873,0.0151,1.3516
S041,18,122,2.2,0.003,0.0113,0.5122,0.0018,1.5679
S041,19,122,2.2,0.0,0.0,0.0,0.0,
S042,6,122,3.724,0.0045,0.015,0.4041,-0.004,0.1676
S042,7,122,3.724,0.1059,0.1865,5.0076,-0.103,0.177
S042,8,122,3.724,0.2237,0.2783,7.4733,-0.1653,0.6497
S042,9,122,3.724,0.2428,0.3619,9.7181,-0.0431,0.9508
S042,10,122,3.724,0.2939,0.4308,11.5675,0.0236,1.0198
S042,11,122,3.724,0.3373,0.4948,13.2867,-0.0737,0.9492
S042,12,122,3.724,0.3667,0.5056,13.5778,-0.0757,0.9494
S042,13,122,3.724,0.3567,0.5037,13.5246,0.03,1.0224
S042,14,122,3.724,0.2926,0.411,11.0363,0.0023,1.0021
S042,15,122,3.724,0.213,0.2905,7.7996,0.012,1.0159
S042,16,122,3.724,0.1189,0.1719,4.6167,0.0212,1.0634
S042,17,122,3.724,0.0291,0.0555,1.4914,-0.0135,0.8087
S042,18,122,3.724,0.0036,0.0135,0.3619,-0.003,0.3209
S042,19,122,3.724,0.0,0.0,0.0,0.0,
S044,6,122,8.492,0.001,0.003,0.035,0.001,
S044,7,122,8.492,0.0353,0.0863,1.0157,0.0353,
S044,8,122,8.492,0.5817,0.8213,9.6711,0.5817,
S044,9,122,8.492,1.6051,1.7746,20.8976,1.6051,
S044,10,122,8.492,2.2878,2.4389,28.7195,2.2878,
S044,11,122,8.492,2.5481,2.7131,31.9489,2.5481,
S044,12,122,8.492,2.6477,2.8194,33.2008,2.6477,
S044,13,122,8.492,2.5117,2.6685,31.4238,2.5117,
S044,14,122,8.492,2.0472,2.2091,26.0145,2.0472,
S044,15,122,8.492,1.3814,1.523,17.9343,1.3814,
S044,16,122,8.492,0.538,0.6714,7.9061,0.538,
S044,17,122,8.492,0.0719,0.1781,2.0967,0.0719,
S044,18,122,8.492,0.0009,0.0034,0.0396,0.0009,
S044,19,122,8.492,0.0,0.0,0.0,0.0,
S045,6,122,2.915,0.0196,0.0472,1.6179,0.0196,
S045,7,122,2.915,0.0902,0.1086,3.7261,0.0902,
S045,8,122,2.915,0.2934,0.3504,12.0213,0.2712,10.2955
S045,9,122,2.915,0.5384,0.6089,20.8875,0.5023,6.4523
S045,10,122,2.915,0.7301,0.8031,27.5504,0.663,5.6113
S045,11,122,2.915,0.8302,0.9124,31.301,0.7377,5.0667
S045,12,122,2.915,0.8691,0.9456,32.4382,0.7475,4.5903
S045,13,122,2.915,0.835,0.9165,31.4391,0.7457,4.9885
S045,14,122,2.915,0.692,0.7617,26.1299,0.6222,4.9932
S045,15,122,2.915,0.4962,0.5549,19.0354,0.4515,5.508
S045,16,122,2.915,0.2992,0.3423,11.7436,0.2987,10.1803
S045,17,122,2.915,0.0892,0.145,4.9738,0.0892,
S045,18,122,2.915,0.0116,0.037,1.2707,0.0116,
S045,19,122,2.915,0.0,0.0,0.0,0.0,
S046,6,122,4.25,0.0215,0.0519,1.2205,0.0117,2.0057
S046,7,122,4.25,0.0932,0.134,3.1536,0.0206,1.1511
S046,8,122,4.25,0.3,0.4443,10.4541,-0.2325,0.5497
S046,9,122,4.25,0.6967,0.8799,20.7046,-0.6377,0.3621
S046,10,122,4.25,0.9039,1.0917,25.6875,-0.8116,0.3785
S046,11,122,4.25,0.9644,1.1759,27.668,-0.8204,0.4814
S046,12,122,4.25,0.8725,1.1273,26.525,-0.5465,0.6526
S046,13,122,4.25,0.9545,1.1619,27.3391,-0.649,0.549
S046,14,122,4.25,0.8227,1.0122,23.8164,-0.7612,0.3715
S046,15,122,4.25,0.5634,0.7512,17.6749,-0.5151,0.407
S046,16,122,4.25,0.2243,0.3585,8.4358,-0.1101,0.7203
S046,17,122,4.25,0.0789,0.128,3.0114,0.0184,1.2015
S046,18,122,4.25,0.0197,0.0518,1.2185,0.0109,1.9339
S046,19,122,4.25,0.0041,0.0202,0.4763,-0.0041,0.0
S047,6,122,4.8,0.0136,0.0363,0.757,0.0136,17.6135
S047,7,122,4.8,0.0773,0.1295,2.6973,-0.0122,0.8755
S047,8,122,4.8,0.1911,0.2644,5.5093,-0.0661,0.8571
S047,9,122,4.8,0.2182,0.3171,6.6066,-0.0659,0.9297
S047,10,122,4.8,0.2806,0.4134,8.6131,-0.0679,0.9478
S047,11,122,4.8,0.3444,0.4588,9.5592,-0.1067,0.9283
S047,12,122,4.8,0.3553,0.4901,10.211,-0.1429,0.9085
S047,13,122,4.8,0.3653,0.5425,11.3025,-0.1473,0.9018
S047,14,122,4.8,0.3374,0.5334,11.1121,-0.0865,0.928
S047,15,122,4.8,0.2062,0.3042,6.3368,0.037,1.0492
S047,16,122,4.8,0.1491,0.2021,4.2104,0.0446,1.1196
S047,17,122,4.8,0.0411,0.072,1.4991,0.0239,1.3283
S047,18,122,4.8,0.0062,0.0199,0.4156,0.0055,1.987
S047,19,122,4.8,0.0,0.0,0.0,0.0,
S048,6,122,4.0,0.0007,0.002,0.0495,0.0007,
S048,7,122,4.0,0.0752,0.1407,3.5163,-0.0646,0.2442
S048,8,122,4.0,0.1885,0.2321,5.8024,-0.1123,0.7053
S048,9,122,4.0,0.2157,0.306,7.6502,0.0276,1.038
S048,10,122,4.0,0.3115,0.4279,10.6972,0.0459,1.0449
S048,11,122,4.0,0.3426,0.469,11.7246,-0.0033,0.9974
S048,12,122,4.0,0.3784,0.4954,12.3853,0.0304,1.0235
S048,13,122,4.0,0.3442,0.4608,11.5212,0.0438,1.0383
S048,14,122,4.0,0.314,0.405,10.126,0.0477,1.0498
S048,15,122,4.0,0.2365,0.3203,8.0075,0.0585,1.0906
S048,16,122,4.0,0.0978,0.1372,3.4299,0.0193,1.0684
S048,17,122,4.0,0.0253,0.0575,1.4386,-0.0145,0.721
S048,18,122,4.0,0.0015,0.0053,0.1331,0.0009,2.8241
S048,19,122,4.0,0.0,0.0,0.0,0.0,
S049,6,122,14.1,0.0283,0.0719,0.5099,0.0283,4.3172
S049,7,122,14.1,0.184,0.3116,2.2097,-0.0965,0.6615
S049,8,122,14.1,0.5863,0.7602,5.3913,-0.3126,0.76
S049,9,122,14.1,0.61,0.8775,6.2237,-0.1544,0.9338
S049,10,122,14.1,0.8163,1.1774,8.3506,-0.1698,0.9478
S049,11,122,14.1,0.9433,1.244,8.8225,-0.0664,0.9816
S049,12,122,14.1,1.0668,1.4998,10.637,-0.3233,0.919
S049,13,122,14.1,1.0812,1.5591,11.0573,-0.2266,0.9381
S049,14,122,14.1,0.855,1.1931,8.4616,-0.1415,0.9519
S049,15,122,14.1,0.4836,0.6758,4.7927,-0.014,0.9925
S049,16,122,14.1,0.286,0.4078,2.8923,0.0656,1.0794
S049,17,122,14.1,0.1035,0.1942,1.3776,0.0428,1.2658
S049,18,122,14.1,0.0129,0.0446,0.316,0.0127,3.3482
S049,19,122,14.1,0.0,0.0,0.0,0.0,
S050,6,122,2.55,0.0296,0.0478,1.8727,-0.0293,0.0181
S050,7,122,2.55,0.064,0.0834,3.271,-0.0637,0.1601
S050,8,122,2.55,0.0996,0.1361,5.3372,-0.016,0.9114
S050,9,122,2.55,0.2675,0.3352,13.1467,0.1635,1.5436
S050,10,122,2.55,0.395,0.4976,19.5145,0.2879,1.7352
S050,11,122,2.55,0.454,0.5835,22.8822,0.3455,1.7585
S050,12,122,2.55,0.5063,0.6301,24.7091,0.36,1.737
S050,13,122,2.55,0.4649,0.5853,22.9522,0.3331,1.7187
S050,14,122,2.55,0.4196,0.5067,19.8706,0.2881,1.7722
S050,15,122,2.55,0.2496,0.3131,12.2776,0.1639,1.5791
S050,16,122,2.55,0.0879,0.1138,4.4639,0.0428,1.2695
S050,17,122,2.55,0.0456,0.0618,2.424,-0.0324,0.531
S050,18,122,2.55,0.0297,0.048,1.8822,-0.0275,0.0933
S050,19,122,2.55,0.0282,0.0475,1.8625,-0.0282,0.0
S051,6,122,5.025,0.0353,0.186,3.7019,-0.0341,0.0267
S051,7,122,5.025,0.1119,0.2384,4.744,-0.1028,0.174
S051,8,122,5.025,0.226,0.3169,6.3063,-0.0415,0.8864
S051,9,122,5.025,0.3698,0.4901,9.7535,0.1864,1.2687
S051,10,122,5.025,0.6053,0.7682,15.2867,0.4582,1.4765
S051,11,122,5.025,0.7357,0.9155,18.218,0.5591,1.5101
S051,12,122,5.025,0.6903,0.8738,17.39,0.4411,1.3438
S051,13,122,5.025,0.716,0.901,17.9297,0.48,1.4106
S051,14,122,5.025,0.5255,0.6774,13.4803,0.2618,1.2629
S051,15,122,5.025,0.323,0.417,8.2988,0.0653,1.0945
S051,16,122,5.025,0.231,0.4056,8.0718,-0.1246,0.7221
S051,17,122,5.025,0.1402,0.3499,6.9629,-0.1353,0.2444
S051,18,122,5.025,0.0929,0.3029,6.0284,-0.0927,0.0141
S051,19,122,5.025,0.0693,0.2394,4.7649,-0.0693,0.0
S052,6,122,6.08,0.0224,0.0595,0.9781,0.0211,4.4848
S052,7,122,6.08,0.1286,0.2237,3.6793,-0.0476,0.7561
S052,8,122,6.08,0.3047,0.4093,6.7322,-0.2525,0.6604
S052,9,122,6.08,0.526,0.6811,11.2029,-0.4691,0.6719
S052,10,122,6.08,0.7448,0.9383,15.4327,-0.6884,0.6464
S052,11,122,6.08,0.9543,1.1745,19.3179,-0.8731,0.6161
S052,12,122,6.08,1.1437,1.3659,22.4649,-1.0556,0.5731
S052,13,122,6.08,0.9856,1.2491,20.5448,-0.8893,0.603
S052,14,122,6.08,0.841,1.0157,16.7054,-0.7688,0.5861
S052,15,122,6.08,0.5088,0.6884,11.3228,-0.4317,0.643
S052,16,122,6.08,0.2131,0.369,6.0686,-0.1345,0.7791
S052,17,122,6.08,0.0787,0.1342,2.2071,0.0105,1.0773
S052,18,122,6.08,0.0103,0.0361,0.5936,0.008,1.7053
S052,19,122,6.08,0.0,0.0,0.0,0.0,
S053,6,122,13.33,5.4046,5.4225,40.6791,-5.4046,0.0244
S053,7,122,13.33,3.6838,3.9078,29.3159,-3.6838,0.3351
S053,8,122,13.33,2.2467,2.4325,18.2487,-2.2467,0.5945
S053,9,122,13.33,1.4127,1.6708,12.5342,-1.2889,0.7674
S053,10,122,13.33,1.2338,1.4118,10.5911,-0.5695,0.8972
S053,11,122,13.33,1.2252,1.3661,10.248,-0.23,0.9585
S053,12,122,13.33,1.1829,1.3418,10.0661,-0.1905,0.9656
S053,13,122,13.33,1.146,1.3021,9.768,-0.3688,0.9334
S053,14,122,13.33,1.1081,1.384,10.3828,-0.8546,0.8457
S053,15,122,13.33,1.7392,1.9375,14.5347,-1.7106,0.6912
S053,16,122,13.33,2.4146,2.5325,18.9985,-2.4146,0.5642
S053,17,122,13.33,4.1032,4.3664,32.7561,-4.1032,0.2594
S053,18,122,13.33,4.1925,4.7344,35.5168,-4.1925,0.0674
S053,19,122,13.33,4.4956,4.9905,37.4384,-4.4956,0.0
S054,6,122,11.272,0.0262,0.0708,0.6281,0.0174,2.2246
S054,7,122,11.272,0.1927,0.3642,3.2307,-0.1202,0.6104
S054,8,122,11.272,0.438,0.5835,5.1764,-0.0938,0.9162
S054,9,122,11.272,0.7782,0.9692,8.5981,0.3439,1.1575
S054,10,122,11.272,1.0105,1.2701,11.2674,0.7358,1.2532
S054,11,122,11.272,1.0853,1.3039,11.5677,0.6292,1.1771
S054,12,122,11.272,1.2369,1.518,13.4671,0.6909,1.1858
S054,13,122,11.272,1.2046,1.4498,12.8623,0.8047,1.242
S054,14,122,11.272,1.0224,1.306,11.5867,0.6284,1.2253
S054,15,122,11.272,0.6551,0.8073,7.1623,0.3753,1.1981
S054,16,122,11.272,0.3492,0.4351,3.86,0.2033,1.2353
S054,17,122,11.272,0.0882,0.149,1.3214,0.0272,1.1503
S054,18,122,11.272,0.0155,0.052,0.461,0.0048,1.3061
S054,19,122,11.272,0.0044,0.0346,0.3067,-0.0044,0.0
S055,6,122,4.0,0.2002,0.2365,5.9114,-0.1992,0.0025
S055,7,122,4.0,0.2289,0.246,6.1489,-0.2219,0.0653
S055,8,122,4.0,0.2262,0.259,6.4761,-0.0977,0.6954
S055,9,122,4.0,0.4145,0.4779,11.9475,0.2805,1.7471
S055,10,122,4.0,0.6453,0.733,18.3255,0.486,2.1083
S055,11,122,4.0,0.8118,0.9436,23.5896,0.6255,2.3032
S055,12,122,4.0,0.8589,0.9938,24.8459,0.6518,2.3048
S055,13,122,4.0,0.8043,0.9072,22.6797,0.5833,2.2079
S055,14,122,4.0,0.6304,0.7249,18.1231,0.4305,2.0049
S055,15,122,4.0,0.4001,0.4724,11.8095,0.2627,1.7382
S055,16,122,4.0,0.1491,0.2283,5.7087,-0.0535,0.8296
S055,17,122,4.0,0.2457,0.261,6.5252,-0.221,0.1324
S055,18,122,4.0,0.205,0.2382,5.956,-0.2031,0.006
S055,19,122,4.0,0.202,0.2378,5.9451,-0.202,0.0
S056,6,122,3.15,0.0007,0.0019,0.0617,0.0007,
S056,7,122,3.15,0.0524,0.103,3.2687,-0.0425,0.2872
S056,8,122,3.15,0.1325,0.1669,5.2973,-0.0605,0.7848
S056,9,122,3.15,0.1649,0.2216,7.0352,0.0399,1.0693
S056,10,122,3.15,0.2206,0.2831,8.9879,0.1085,1.135
S056,11,122,3.15,0.2724,0.3395,10.7763,0.0179,1.0185
S056,12,122,3.15,0.2869,0.378,11.9987,-0.0301,0.9705
S056,13,122,3.15,0.2556,0.3257,10.3405,0.0759,1.0853
S056,14,122,3.15,0.2289,0.2811,8.9228,0.1094,1.1501
S056,15,122,3.15,0.1379,0.169,5.3658,0.0711,1.1434
S056,16,122,3.15,0.0773,0.1169,3.7122,0.0326,1.1542
S056,17,122,3.15,0.0154,0.0324,1.0297,0.0034,1.1046
S056,18,122,3.15,0.0011,0.0037,0.1163,0.0007,2.3827
S056,19,122,3.15,0.0,0.0,0.0,0.0,
S058,6,122,5.99,0.021,0.0558,0.9313,0.02,3.494
S058,7,122,5.99,0.1113,0.1902,3.1749,-0.0192,0.8896
S058,8,122,5.99,0.2377,0.306,5.1086,-0.0898,0.8663
S058,9,122,5.99,0.4325,0.5194,8.6709,-0.1791,0.8532
S058,10,122,5.99,0.6739,0.803,13.4052,-0.3569,0.791
S058,11,122,5.99,0.7803,0.9466,15.8032,-0.4802,0.7685
S058,12,122,5.99,0.7905,0.9801,16.363,-0.4208,0.7984
S058,13,122,5.99,0.7538,0.9473,15.8154,-0.3919,0.798
S058,14,122,5.99,0.6675,0.7867,13.1331,-0.4651,0.7165
S058,15,122,5.99,0.3543,0.4591,7.6652,-0.2007,0.8201
S058,16,122,5.99,0.1825,0.235,3.9233,0.1004,1.2009
S058,17,122,5.99,0.0743,0.1211,2.0211,0.0604,1.5724
S058,18,122,5.99,0.0133,0.041,0.6842,0.0124,2.6854
S058,19,122,5.99,0.0,0.0,0.0,0.0,
S059,6,122,2.0,0.364,0.3831,19.155,-0.3561,0.0207
S059,7,122,2.0,0.3348,0.3499,17.4968,-0.3318,0.1161
S059,8,122,2.0,0.2351,0.2647,13.2375,-0.2237,0.4354
S059,9,122,2.0,0.1223,0.162,8.0995,-0.0515,0.8775
S059,10,122,2.0,0.1717,0.2147,10.7362,0.0606,1.1425
S059,11,122,2.0,0.1993,0.2384,11.9218,0.1106,1.2525
S059,12,122,2.0,0.2214,0.2627,13.1327,0.1276,1.2846
S059,13,122,2.0,0.2054,0.2508,12.5402,0.1191,1.2686
S059,14,122,2.0,0.1646,0.2051,10.2569,0.0407,1.0926
S059,15,122,2.0,0.125,0.1714,8.5695,-0.0724,0.8295
S059,16,122,2.0,0.2015,0.2196,10.9778,-0.1849,0.5354
S059,17,122,2.0,0.3357,0.355,17.7492,-0.3334,0.1302
S059,18,122,2.0,0.3664,0.3859,19.2943,-0.3629,0.017
S059,19,122,2.0,0.3663,0.3875,19.377,-0.3663,0.0
S060,6,122,5.84,0.0092,0.0298,0.5108,-0.0089,0.069
S060,7,122,5.84,0.135,0.2253,3.8575,-0.1298,0.2186
S060,8,122,5.84,0.2856,0.3492,5.9787,-0.0728,0.8781
S060,9,122,5.84,0.5658,0.6705,11.4807,0.2287,1.1925
S060,10,122,5.84,0.7639,0.8863,15.1759,0.436,1.2714
S060,11,122,5.84,0.8125,0.9383,16.067,0.3786,1.1963
S060,12,122,5.84,0.8906,1.0397,17.8033,0.4661,1.2328
S060,13,122,5.84,0.8152,0.9606,16.4478,0.5503,1.3141
S060,14,122,5.84,0.746,0.8655,14.8198,0.4287,1.2898
S060,15,122,5.84,0.6019,0.7061,12.0911,0.2089,1.1888
S060,16,122,5.84,0.2389,0.3346,5.7288,0.0724,1.145
S060,17,122,5.84,0.057,0.1233,2.111,-0.0522,0.5859
S060,18,122,5.84,0.0094,0.0319,0.5461,-0.0093,0.1634
S060,19,122,5.84,0.0,0.0,0.0,0.0,
S061,6,122,3.784,0.0048,0.0151,0.3993,-0.0044,0.1579
S061,7,122,3.784,0.0979,0.1736,4.5868,-0.0963,0.1832
S061,8,122,3.784,0.2135,0.2717,7.1797,-0.1751,0.6118
S061,9,122,3.784,0.264,0.3776,9.9801,-0.0292,0.9648
S061,10,122,3.784,0.3583,0.4811,12.7149,0.0647,1.0577
S061,11,122,3.784,0.3599,0.5082,13.4305,-0.0443,0.9682
S061,12,122,3.784,0.3866,0.4935,13.0428,0.0592,1.043
S061,13,122,3.784,0.398,0.5218,13.7907,0.1235,1.1018
S061,14,122,3.784,0.3694,0.4831,12.7675,0.006,1.0056
S061,15,122,3.784,0.2301,0.3,7.9277,0.0236,1.0338
S061,16,122,3.784,0.1055,0.1801,4.7602,-0.0189,0.9412
S061,17,122,3.784,0.0337,0.0653,1.7248,-0.0283,0.5943
S061,18,122,3.784,0.0034,0.0124,0.3279,-0.003,0.337
S061,19,122,3.784,0.0,0.0,0.0,0.0,
S062,6,122,4.4537,0.0115,0.0309,0.6946,0.0115,4.6976
S062,7,122,4.4537,0.0565,0.0995,2.2349,-0.0059,0.9293
S062,8,122,4.4537,0.1279,0.1618,3.6331,-0.0225,0.9354
S062,9,122,4.4537,0.1951,0.2709,6.082,0.0563,1.0849
S062,10,122,4.4537,0.2073,0.2889,6.4858,0.0807,1.0867
S062,11,122,4.4537,0.2509,0.3613,8.1115,0.0186,1.0159
S062,12,122,4.4537,0.2601,0.345,7.7468,0.0568,1.0483
S062,13,122,4.4537,0.2879,0.3987,8.9516,0.0927,1.0846
S062,14,122,4.4537,0.2242,0.3181,7.142,0.0511,1.055
S062,15,122,4.4537,0.1672,0.22,4.9408,0.0502,1.0806
S062,16,122,4.4537,0.1171,0.1421,3.1898,0.0859,1.3244
S062,17,122,4.4537,0.0426,0.0736,1.6522,0.0372,1.7181
S062,18,122,4.4537,0.008,0.0248,0.5566,0.008,3.965
S062,19,122,4.4537,0.0,0.0,0.0,0.0,
S063,6,122,3.66,0.0112,0.032,0.8742,0.0112,
S063,7,122,3.66,0.0679,0.1041,2.8437,0.0098,1.1451
S063,8,122,3.66,0.1981,0.2507,6.8498,-0.0623,0.8577
S063,9,122,3.66,0.3491,0.4642,12.6831,-0.1043,0.8924
S063,10,122,3.66,0.3746,0.4883,13.3423,-0.076,0.943
S063,11,122,3.66,0.4342,0.5371,14.676,-0.1613,0.901
S063,12,122,3.66,0.4692,0.5975,16.3239,-0.1546,0.9076
S063,13,122,3.66,0.488,0.6471,17.6808,-0.1604,0.9012
S063,14,122,3.66,0.4071,0.5448,14.8857,-0.0797,0.9392
S063,15,122,3.66,0.2265,0.3203,8.7505,0.044,1.0514
S063,16,122,3.66,0.2038,0.2554,6.9776,0.1111,1.2978
S063,17,122,3.66,0.0615,0.1034,2.8239,0.0523,1.9678
S063,18,122,3.66,0.0124,0.037,1.0104,0.0124,
S063,19,122,3.66,0.0,0.0,0.0,0.0,
S064,6,122,3.288,0.0092,0.024,0.7298,0.0092,
S064,7,122,3.288,0.0582,0.0899,2.7349,-0.0126,0.8049
S064,8,122,3.288,0.126,0.1542,4.6905,-0.0359,0.8771
S064,9,122,3.288,0.1698,0.2368,7.2028,0.0109,1.019
S064,10,122,3.288,0.2147,0.305,9.2755,0.0767,1.0987
S064,11,122,3.288,0.2321,0.333,10.1287,0.0519,1.0547
S064,12,122,3.288,0.2354,0.3178,9.6658,0.0499,1.05
S064,13,122,3.288,0.2635,0.3418,10.3953,0.1274,1.1417
S064,14,122,3.288,0.2427,0.3064,9.3173,0.1426,1.1973
S064,15,122,3.288,0.2156,0.264,8.0282,0.1461,1.298
S064,16,122,3.288,0.1778,0.2189,6.6565,0.1444,1.6541
S064,17,122,3.288,0.0441,0.0814,2.4745,0.041,2.0472
S064,18,122,3.288,0.0061,0.0203,0.6186,0.0061,4.921
S064,19,122,3.288,0.0,0.0,0.0,0.0,
S065,6,122,1.9239,0.009,0.0216,1.1214,0.0006,1.0999
S065,7,122,1.9239,0.0374,0.0596,3.0973,-0.0127,0.7881
S065,8,122,1.9239,0.0958,0.1245,6.4721,-0.0234,0.9044
S065,9,122,1.9239,0.1611,0.2329,12.1049,0.0211,1.0403
S065,10,122,1.9239,0.1827,0.2658,13.8144,0.0762,1.1086
S065,11,122,1.9239,0.1975,0.281,14.6081,0.0029,1.0032
S065,12,122,1.9239,0.1891,0.2662,13.8386,0.0382,1.0429
S065,13,122,1.9239,0.2054,0.2932,15.2424,0.0341,1.0396
S065,14,122,1.9239,0.1912,0.2693,14.0001,-0.0094,0.9872
S065,15,122,1.9239,0.1201,0.1719,8.9363,0.0274,1.0582
S065,16,122,1.9239,0.0872,0.1155,6.0026,0.0507,1.2612
S065,17,122,1.9239,0.0264,0.0432,2.248,0.0127,1.2798
S065,18,122,1.9239,0.0088,0.0212,1.1024,-0.0,0.9946
S065,19,122,1.9239,0.0048,0.0165,0.8574,-0.0048,0.0
S066,6,122,5.45,0.0165,0.0453,0.8309,0.0124,1.8282
S066,7,122,5.45,0.0913,0.1428,2.62,-0.0249,0.8676
S066,8,122,5.45,0.3935,0.5642,10.3519,-0.3548,0.4649
S066,9,122,5.45,0.8509,1.0755,19.7332,-0.8198,0.3404
S066,10,122,5.45,0.9561,1.1579,21.246,-0.8139,0.5223
S066,11,122,5.45,0.9778,1.184,21.7245,-0.5238,0.7274
S066,12,122,5.45,0.7518,0.9936,18.2309,-0.2616,0.8741
S066,13,122,5.45,0.8582,1.0859,19.9251,-0.4456,0.761
S066,14,122,5.45,0.8262,1.0192,18.7006,-0.6677,0.5616
S066,15,122,5.45,0.6172,0.7866,14.4328,-0.5869,0.4292
S066,16,122,5.45,0.249,0.4108,7.5382,-0.1868,0.6202
S066,17,122,5.45,0.0747,0.1433,2.6301,-0.0095,0.9212
S066,18,122,5.45,0.0126,0.0415,0.762,0.0115,1.8802
S066,19,122,5.45,0.0,0.0,0.0,0.0,
S068,6,122,1.223,0.0034,0.0093,0.7611,0.0033,4.6927
S068,7,122,1.223,0.0208,0.0361,2.9499,-0.0051,0.8246
S068,8,122,1.223,0.044,0.0601,4.9158,-0.0135,0.8856
S068,9,122,1.223,0.0656,0.0908,7.4258,0.0007,1.0029
S068,10,122,1.223,0.0807,0.1113,9.1008,0.0107,1.0348
S068,11,122,1.223,0.099,0.1362,11.1352,0.0069,1.0184
S068,12,122,1.223,0.1029,0.1373,11.225,0.0084,1.0215
S068,13,122,1.223,0.1089,0.1467,11.993,0.0126,1.0345
S068,14,122,1.223,0.1034,0.1336,10.9207,0.0149,1.0508
S068,15,122,1.223,0.075,0.0978,7.9936,0.0243,1.1281
S068,16,122,1.223,0.0419,0.053,4.3377,0.0217,1.2398
S068,17,122,1.223,0.0143,0.0237,1.9389,0.0065,1.3127
S068,18,122,1.223,0.002,0.0072,0.5918,0.0007,1.3289
S068,19,122,1.223,0.0,0.0,0.0,0.0,
S069,6,122,3.0,0.0004,0.0011,0.0372,0.0004,
S069,7,122,3.0,0.0112,0.0297,0.9915,0.0112,
S069,8,122,3.0,0.1878,0.2686,8.9523,0.1878,
S069,9,122,3.0,0.5189,0.5711,19.0382,0.5189,
S069,10,122,3.0,0.7216,0.7791,25.9688,0.7216,
S069,11,122,3.0,0.8441,0.9142,30.4725,0.8441,
S069,12,122,3.0,0.9196,0.9941,33.1361,0.9196,
S069,13,122,3.0,0.8872,0.9556,31.8533,0.8872,
S069,14,122,3.0,0.6977,0.758,25.2657,0.6977,
S069,15,122,3.0,0.4848,0.5392,17.9744,0.4848,
S069,16,122,3.0,0.2324,0.2689,8.9647,0.2324,
S069,17,122,3.0,0.0377,0.0905,3.0156,0.0377,
S069,18,122,3.0,0.0022,0.0114,0.3788,0.0022,
S069,19,122,3.0,0.0,0.0,0.0,0.0,
S070,6,122,2.1,0.0045,0.0117,0.5591,0.0045,
S070,7,122,2.1,0.0291,0.0516,2.4581,-0.0062,0.808
S070,8,122,2.1,0.069,0.0892,4.2486,0.003,1.0206
S070,9,122,2.1,0.1085,0.1502,7.1519,0.0285,1.0926
S070,10,122,2.1,0.1462,0.2072,9.8649,0.038,1.0867
S070,11,122,2.1,0.1623,0.2167,10.3169,0.0378,1.072
S070,12,122,2.1,0.1778,0.2312,11.0089,0.0411,1.0732
S070,13,122,2.1,0.1886,0.2477,11.7974,0.0465,1.0916
S070,14,122,2.1,0.1436,0.1972,9.3918,0.0376,1.0891
S070,15,122,2.1,0.1142,0.1592,7.5815,0.0201,1.0639
S070,16,122,2.1,0.0688,0.1081,5.1453,0.0236,1.151
S070,17,122,2.1,0.0171,0.0303,1.4428,0.0052,1.1465
S070,18,122,2.1,0.0019,0.0065,0.3104,0.0006,1.2096
S070,19,122,2.1,0.0,0.0,0.0,0.0,
S071,6,122,20.0,2.7045,3.4487,17.2435,-2.6672,0.0098
S071,7,122,20.0,2.6259,3.3037,16.5183,-2.6123,0.0605
S071,8,122,20.0,2.2007,2.6791,13.3956,-2.0585,0.332
S071,9,122,20.0,1.4617,1.9434,9.7169,-1.0557,0.7221
S071,10,122,20.0,1.5298,1.8911,9.4553,-0.2397,0.942
S071,11,122,20.0,1.6528,2.05,10.2499,0.153,1.0342
S071,12,122,20.0,1.8716,2.2692,11.3462,0.3161,1.0702
S071,13,122,20.0,1.6487,1.9994,9.9972,0.044,1.0099
S071,14,122,20.0,1.5898,1.9578,9.7891,-0.4292,0.8937
S071,15,122,20.0,1.7078,2.1065,10.5324,-1.324,0.6325
S071,16,122,20.0,2.2729,2.7795,13.8977,-2.1053,0.3118
S071,17,122,20.0,2.625,3.3273,16.6366,-2.5725,0.0719
S071,18,122,20.0,2.7001,3.4504,17.2521,-2.674,0.0075
S071,19,122,20.0,2.687,3.4502,17.2508,-2.687,0.0
S072,6,122,3.125,0.0078,0.022,0.7031,0.0073,2.6465
S072,7,122,3.125,0.0705,0.1274,4.0761,-0.0447,0.5945
S072,8,122,3.125,0.2733,0.3368,10.7791,-0.2045,0.6196
S072,9,122,3.125,0.3505,0.4517,14.4548,-0.1087,0.8926
S072,10,122,3.125,0.3908,0.4817,15.4155,-0.1178,0.9159
S072,11,122,3.125,0.4554,0.5583,17.8661,-0.2327,0.8607
S072,12,122,3.125,0.4698,0.5719,18.2993,-0.2178,0.8718
S072,13,122,3.125,0.4844,0.5837,18.6778,-0.2024,0.8733
S072,14,122,3.125,0.4039,0.5027,16.0859,-0.2077,0.8526
S072,15,122,3.125,0.277,0.3714,11.8848,-0.1399,0.8598
S072,16,122,3.125,0.1114,0.1513,4.8424,0.0293,1.0762
S072,17,122,3.125,0.0325,0.0552,1.7665,0.0164,1.2418
S072,18,122,3.125,0.0048,0.0161,0.514,0.0046,2.05
S072,19,122,3.125,0.0,0.0,0.0,0.0,
S073,6,122,15.0,0.0228,0.0593,0.3952,0.0111,1.4962
S073,7,122,15.0,0.3886,0.6832,4.5548,-0.3601,0.3411
S073,8,122,15.0,0.9511,1.1894,7.9295,-0.7118,0.6385
S073,9,122,15.0,1.1631,1.4448,9.632,-0.6833,0.807
S073,10,122,15.0,1.5736,1.9209,12.8063,-1.0218,0.7962
S073,11,122,15.0,1.905,2.3109,15.4061,-1.3162,0.7772
S073,12,122,15.0,1.9462,2.255,15.0336,-1.1962,0.7986
S073,13,122,15.0,1.7336,2.0158,13.4388,-1.0722,0.8043
S073,14,122,15.0,1.485,1.9204,12.8029,-0.8053,0.8209
S073,15,122,15.0,0.9258,1.3039,8.6926,-0.477,0.8391
S073,16,122,15.0,0.4029,0.6386,4.2574,-0.187,0.8666
S073,17,122,15.0,0.1655,0.392,2.6135,-0.0976,0.7087
S073,18,122,15.0,0.0159,0.0482,0.3211,0.0,1.0001
S073,19,122,15.0,0.002,0.02,0.1332,-0.002,0.0
S074,6,122,4.0,0.0056,0.0169,0.422,-0.0052,0.1507
S074,7,122,4.0,0.1194,0.2034,5.0859,-0.1183,0.1555
S074,8,122,4.0,0.237,0.311,7.7756,-0.1224,0.7505
S074,9,122,4.0,0.2624,0.3548,8.8697,0.0748,1.085
S074,10,122,4.0,0.333,0.4468,11.1688,0.1224,1.0979
S074,11,122,4.0,0.3799,0.515,12.8742,0.1225,1.0856
S074,12,122,4.0,0.3745,0.509,12.7246,0.064,1.0413
S074,13,122,4.0,0.3656,0.514,12.8501,0.0141,1.0095
S074,14,122,4.0,0.3994,0.5332,13.3288,0.0491,1.0407
S074,15,122,4.0,0.2385,0.338,8.4508,0.0214,1.0264
S074,16,122,4.0,0.1376,0.206,5.1497,0.0239,1.066
S074,17,122,4.0,0.0334,0.0733,1.8329,-0.0157,0.7958
S074,18,122,4.0,0.0033,0.0124,0.3109,-0.0031,0.2667
S074,19,122,4.0,0.0,0.0,0.0,0.0,
S075,6,122,2.63,0.0032,0.0091,0.3444,-0.0029,0.1714
S075,7,122,2.63,0.0553,0.1034,3.9301,-0.0551,0.2211
S075,8,122,2.63,0.1281,0.1728,6.5712,-0.0757,0.7351
S075,9,122,2.63,0.1731,0.2358,8.9641,0.04,1.0765
S075,10,122,2.63,0.2369,0.3099,11.7819,0.1135,1.1593
S075,11,122,2.63,0.264,0.3467,13.1826,0.0607,1.0677
S075,12,122,2.63,0.2962,0.3804,14.4634,0.1163,1.1308
S075,13,122,2.63,0.3198,0.4044,15.375,0.1202,1.1408
S075,14,122,2.63,0.2816,0.3462,13.1634,0.1139,1.1631
S075,15,122,2.63,0.186,0.2289,8.7036,0.0804,1.1722
S075,16,122,2.63,0.0938,0.1256,4.7755,0.0471,1.228
S075,17,122,2.63,0.0213,0.0403,1.5318,0.0004,1.0103
S075,18,122,2.63,0.0026,0.0089,0.3401,-0.0008,0.7453
S075,19,122,2.63,0.0,0.0,0.0,0.0,
S076,6,122,5.0,0.0185,0.0527,1.053,0.0185,
S076,7,122,5.0,0.1198,0.1527,3.0532,0.1198,
S076,8,122,5.0,0.4948,0.6131,12.2622,0.4948,
S076,9,122,5.0,1.1114,1.2094,24.1882,1.1114,
S076,10,122,5.0,1.5307,1.632,32.6406,1.5307,
S076,11,122,5.0,1.7474,1.8562,37.1236,1.7474,
S076,12,122,5.0,1.8788,1.9884,39.7673,1.8788,
S076,13,122,5.0,1.7384,1.8319,36.6378,1.7384,
S076,14,122,5.0,1.4708,1.5652,31.304,1.4708,
S076,15,122,5.0,1.0781,1.1648,23.2961,1.0781,
S076,16,122,5.0,0.5948,0.6588,13.1768,0.5948,
S076,17,122,5.0,0.1378,0.2327,4.6541,0.1378,
S076,18,122,5.0,0.0196,0.0578,1.1565,0.0196,
S076,19,122,5.0,0.0,0.0,0.0,0.0,
S077,6,122,0.901,0.0024,0.0059,0.6533,0.0024,
S077,7,122,0.901,0.0113,0.0141,1.5688,0.0113,
S077,8,122,0.901,0.0418,0.0583,6.4658,0.0418,
S077,9,122,0.901,0.0786,0.0934,10.3701,0.0786,
S077,10,122,0.901,0.0822,0.1047,11.6181,0.0822,
S077,11,122,0.901,0.0752,0.1034,11.4728,0.0752,
S077,12,122,0.901,0.0758,0.1072,11.9026,0.0758,
S077,13,122,0.901,0.0733,0.1049,11.6463,0.0733,
S077,14,122,0.901,0.0575,0.0826,9.169,0.0575,
S077,15,122,0.901,0.0437,0.0628,6.9679,0.0437,
S077,16,122,0.901,0.0314,0.0456,5.0606,0.0314,
S077,17,122,0.901,0.0124,0.0218,2.418,0.0124,
S077,18,122,0.901,0.0016,0.0049,0.5398,0.0016,
S077,19,122,0.901,0.0,0.0,0.0,0.0,
S115,6,122,7.0,0.0,0.0,0.0,0.0,
S115,7,122,7.0,0.4086,1.0129,14.4694,-0.4086,0.0
S115,8,122,7.0,1.0719,1.5232,21.7593,-1.0719,0.0
S115,9,122,7.0,1.8815,2.4241,34.6294,-1.8815,0.0
S115,10,122,7.0,2.4883,3.1095,44.4217,-2.4883,0.0
S115,11,122,7.0,3.171,3.8411,54.8734,-3.171,0.0
S115,12,122,7.0,3.2148,3.8928,55.6113,-3.2148,0.0
S115,13,122,7.0,2.949,3.57,50.9993,-2.949,0.0
S115,14,122,7.0,2.5582,3.0961,44.2295,-2.5582,0.0
S115,15,122,7.0,1.9681,2.4075,34.3934,-1.9681,0.0
S115,16,122,7.0,0.9771,1.477,21.1002,-0.9771,0.0
S115,17,122,7.0,0.3986,1.1033,15.7607,-0.3986,0.0
S115,18,122,7.0,0.2654,1.0047,14.3527,-0.2654,0.0
S115,19,122,7.0,0.0,0.0,0.0,0.0,
S116,6,122,22.0,0.0174,0.0903,0.4107,-0.0174,0.0
S116,7,122,22.0,0.727,1.2217,5.5533,-0.727,0.0
S116,8,122,22.0,3.409,4.1285,18.7657,-3.409,0.0
S116,9,122,22.0,6.8701,7.8527,35.6941,-6.8701,0.0
S116,10,122,22.0,8.8843,10.1829,46.286,-8.8843,0.0
S116,11,122,22.0,10.319,11.7278,53.3084,-10.319,0.0
S116,12,122,22.0,10.7121,12.159,55.2684,-10.7121,0.0
S116,13,122,22.0,10.3368,11.6947,53.1576,-10.3368,0.0
S116,14,122,22.0,8.3597,9.5868,43.5763,-8.3597,0.0
S116,15,122,22.0,5.6302,6.6689,30.3131,-5.6302,0.0
S116,16,122,22.0,2.5454,3.2202,14.637,-2.5454,0.0
S116,17,122,22.0,0.4716,0.8815,4.0069,-0.4716,0.0
S116,18,122,22.0,0.0415,0.1291,0.5867,-0.0415,0.0
S116,19,122,22.0,0.0002,0.0027,0.0123,-0.0002,0.0
