site_id,month,pr_month_new,pr_month_final,pr_count,pr_month_old,pr_diff
S002,4,0.8656282497359977,0.78,6,0.78,0.0
S002,5,0.95,0.95,203,0.78,0.16999999999999993
S002,6,0.5529126438828166,0.5529126438828166,164,0.78,0.22708735611718345
S003,1,0.48696481063449726,0.48696481063449726,190,0.78,0.29303518936550277
S003,2,0.46056413708726135,0.46056413708726135,223,0.78,0.3194358629127387
S003,3,0.5174271111944957,0.5174271111944957,317,0.78,0.26257288880550433
S003,4,0.4784832045298455,0.4784832045298455,384,0.78,0.30151679547015453
S003,5,0.1,0.1,407,0.78,0.68
S003,6,0.6972857628874349,0.6972857628874349,369,0.78,0.08271423711256509
S003,7,0.7961786049328909,0.7961786049328909,126,0.78,0.016178604932890917
S003,8,0.82426751631186,0.82426751631186,174,0.78,0.04426751631185999
S003,9,0.745324726790284,0.745324726790284,265,0.78,0.03467527320971597
S003,10,0.706456593337524,0.706456593337524,251,0.78,0.07354340666247605
S003,11,0.6744914742955677,0.6744914742955677,166,0.78,0.10550852570443237
S003,12,0.4874141485874446,0.4874141485874446,154,0.78,0.29258585141255544
S004,4,0.6437758492201935,0.6437758492201935,48,0.78,0.13622415077980654
S004,5,0.6169309542398425,0.6169309542398425,203,0.78,0.16306904576015757
S004,6,0.6988797326940155,0.6988797326940155,164,0.78,0.08112026730598454
S006,4,0.1,0.78,16,0.78,0.0
S006,5,0.25291348095153626,0.25291348095153626,195,0.78,0.5270865190484637
S006,6,0.2411175808537453,0.2411175808537453,162,0.78,0.5388824191462547
S007,1,0.95,0.95,277,0.78,0.16999999999999993
S007,2,0.95,0.95,323,0.78,0.16999999999999993
S007,3,0.8635793673160298,0.8635793673160298,506,0.78,0.08357936731602977
S007,4,0.8636446042573653,0.8636446042573653,572,0.78,0.08364460425736531
S007,5,0.83435967107422,0.83435967107422,592,0.78,0.05435967107422002
S007,6,0.7906937739528794,0.7906937739528794,544,0.78,0.010693773952879404
S007,7,0.7930720118355288,0.7930720118355288,269,0.78,0.013072011835528752
S007,8,0.9014232938777713,0.9014232938777713,353,0.78,0.12142329387777129
S007,9,0.8602196944047696,0.8602196944047696,265,0.78,0.08021969440476961
S007,10,0.95,0.95,244,0.78,0.16999999999999993
S007,11,0.95,0.95,160,0.78,0.16999999999999993
S007,12,0.95,0.95,142,0.78,0.16999999999999993
S008,4,0.95,0.95,217,0.78,0.16999999999999993
S008,5,0.95,0.95,197,0.78,0.16999999999999993
S008,6,0.95,0.95,152,0.78,0.16999999999999993
S009,1,,0.78,0,0.78,0.0
S009,2,,0.78,0,0.78,0.0
S009,3,,0.78,0,0.78,0.0
S009,4,,0.78,0,0.78,0.0
S009,5,,0.78,0,0.78,0.0
S009,6,,0.78,0,0.78,0.0
S009,10,,0.78,0,0.78,0.0
S009,11,,0.78,0,0.78,0.0
S009,12,,0.78,0,0.78,0.0
S010,1,0.5068469312114421,0.5068469312114421,277,0.78,0.27315306878855794
S010,2,0.5260341842674,0.5260341842674,324,0.78,0.2539658157326
S010,3,0.6810342345966267,0.6810342345966267,504,0.78,0.09896576540337332
S010,4,0.7549957605242581,0.7549957605242581,570,0.78,0.02500423947574193
S010,5,0.775106498130594,0.775106498130594,587,0.78,0.0048935018694060695
S010,6,0.8064809219609674,0.8064809219609674,541,0.78,0.026480921960967407
S010,7,0.8507635610349108,0.8507635610349108,271,0.78,0.07076356103491077
S010,8,0.8956762439490966,0.8956762439490966,354,0.78,0.11567624394909659
S010,9,0.8233817117329186,0.8233817117329186,267,0.78,0.043381711732918604
S010,10,0.7993813313721361,0.7993813313721361,246,0.78,0.019381331372136046
S010,11,0.7669391652485384,0.7669391652485384,162,0.78,0.01306083475146158
S010,12,0.6430416047815078,0.6430416047815078,143,0.78,0.13695839521849218
S011,1,0.5618114078048071,0.5618114078048071,288,0.78,0.21818859219519293
S011,2,0.6041042115818092,0.6041042115818092,319,0.78,0.17589578841819087
S011,3,0.6492308371870208,0.6492308371870208,496,0.78,0.13076916281297923
S011,4,0.6872483131998541,0.6872483131998541,559,0.78,0.0927516868001459
S011,5,0.695692820359403,0.695692820359403,579,0.78,0.08430717964059697
S011,6,0.7179678302551089,0.7179678302551089,515,0.78,0.06203216974489112
S011,7,0.7548842028534217,0.7548842028534217,251,0.78,0.0251157971465783
S011,8,0.791309703707333,0.791309703707333,357,0.78,0.011309703707332974
S011,9,0.7447187605280581,0.7447187605280581,252,0.78,0.03528123947194195
S011,10,0.7200891750230811,0.7200891750230811,242,0.78,0.05991082497691891
S011,11,0.7049915569033735,0.7049915569033735,163,0.78,0.07500844309662658
S011,12,0.5984667157130859,0.5984667157130859,144,0.78,0.18153328428691418
S012,4,0.1,0.78,2,0.78,0.0
S012,5,0.1,0.1,195,0.78,0.68
S012,6,0.539478299522933,0.539478299522933,162,0.78,0.240521700477067
S014,4,0.714449852546191,0.78,7,0.78,0.0
S014,5,0.7227770757576306,0.7227770757576306,203,0.78,0.05722292424236941
S014,6,0.6824686265145693,0.6824686265145693,157,0.78,0.09753137348543073
S015,1,0.654762846736534,0.654762846736534,106,0.78,0.12523715326346607
S015,2,0.6930842988647292,0.6930842988647292,128,0.78,0.0869157011352708
S015,3,0.7818409690911745,0.7818409690911745,159,0.78,0.0018409690911744825
S015,4,0.8737875528445214,0.8737875528445214,218,0.78,0.09378755284452134
S015,5,0.8466471403723048,0.8466471403723048,196,0.78,0.06664714037230479
S015,6,0.8730631637641499,0.8730631637641499,153,0.78,0.09306316376414991
S015,8,0.1,0.78,13,0.78,0.0
S015,9,0.4307912794930957,0.4307912794930957,133,0.78,0.3492087205069043
S015,10,0.21267776722571108,0.21267776722571108,109,0.78,0.567322232774289
S015,11,0.44238940354983025,0.44238940354983025,78,0.78,0.3376105964501698
S015,12,0.39528292986983626,0.39528292986983626,71,0.78,0.38471707013016376
S016,4,0.8604904478287738,0.78,8,0.78,0.0
S016,5,0.8495347370505903,0.8495347370505903,201,0.78,0.06953473705059032
S016,6,0.6945567518052587,0.6945567518052587,158,0.78,0.08544324819474136
S017,1,0.1,0.1,281,0.78,0.68
S017,2,0.1,0.1,321,0.78,0.68
S017,3,0.1,0.1,495,0.78,0.68
S017,4,0.1,0.1,576,0.78,0.68
S017,5,0.1,0.1,592,0.78,0.68
S017,6,0.1,0.1,528,0.78,0.68
S017,7,0.22737694342482834,0.22737694342482834,262,0.78,0.5526230565751717
S017,8,0.1576244846350688,0.1576244846350688,366,0.78,0.6223755153649312
S017,9,0.1,0.1,254,0.78,0.68
S017,10,0.1,0.1,239,0.78,0.68
S017,11,0.1,0.1,156,0.78,0.68
S017,12,0.1,0.1,136,0.78,0.68
S018,1,0.5973473149361532,0.5973473149361532,104,0.78,0.1826526850638468
S018,2,0.5846818297948004,0.5846818297948004,130,0.78,0.1953181702051996
S018,3,0.7274085556558549,0.7274085556558549,327,0.78,0.05259144434414509
S018,4,0.7764151426330973,0.7764151426330973,399,0.78,0.0035848573669027273
S018,5,0.7907713709527403,0.7907713709527403,414,0.78,0.010771370952740278
S018,6,0.782654331378864,0.782654331378864,359,0.78,0.00265433137886395
S018,7,0.8786886690935147,0.8786886690935147,124,0.78,0.0986886690935147
S018,8,0.95,0.95,169,0.78,0.16999999999999993
S018,9,0.8819604160117747,0.8819604160117747,141,0.78,0.10196041601177463
S018,10,0.87670945210008,0.87670945210008,107,0.78,0.09670945210007997
S018,11,0.8461706156123887,0.8461706156123887,76,0.78,0.06617061561238868
S018,12,0.702922832162708,0.702922832162708,71,0.78,0.07707716783729202
S019,1,0.95,0.95,280,0.78,0.16999999999999993
S019,2,0.95,0.95,322,0.78,0.16999999999999993
S019,3,0.9122992049290439,0.9122992049290439,504,0.78,0.1322992049290439
S019,4,0.9230247144196879,0.9230247144196879,572,0.78,0.1430247144196879
S019,5,0.8895660692987568,0.8895660692987568,592,0.78,0.10956606929875679
S019,6,0.8965458287199575,0.8965458287199575,532,0.78,0.11654582871995744
S019,7,0.9011410334514177,0.9011410334514177,263,0.78,0.12114103345141769
S019,8,0.95,0.95,355,0.78,0.16999999999999993
S019,9,0.9196197057557429,0.9196197057557429,261,0.78,0.1396197057557429
S019,10,0.95,0.95,243,0.78,0.16999999999999993
S019,11,0.95,0.95,160,0.78,0.16999999999999993
S019,12,0.95,0.95,141,0.78,0.16999999999999993
S020,1,,0.78,0,0.78,0.0
S020,2,,0.78,0,0.78,0.0
S020,3,,0.78,0,0.78,0.0
S020,4,,0.78,0,0.78,0.0
S020,5,,0.78,0,0.78,0.0
S020,6,,0.78,0,0.78,0.0
S020,12,,0.78,0,0.78,0.0
S021,4,,0.78,0,0.78,0.0
S021,5,,0.78,0,0.78,0.0
S021,6,,0.78,0,0.78,0.0
S022,1,0.3484457280483055,0.3484457280483055,277,0.78,0.43155427195169455
S022,2,0.3787459495683736,0.3787459495683736,326,0.78,0.40125405043162643
S022,3,0.40476844181401184,0.40476844181401184,505,0.78,0.3752315581859882
S022,4,0.5016441871365189,0.5016441871365189,572,0.78,0.2783558128634811
S022,5,0.40970671787118784,0.40970671787118784,588,0.78,0.3702932821288122
S022,6,0.5734668646001158,0.5734668646001158,540,0.78,0.20653313539988427
S022,7,0.35757385497788585,0.35757385497788585,270,0.78,0.4224261450221142
S022,8,0.5291527179215142,0.5291527179215142,355,0.78,0.25084728207848583
S022,9,0.5427378175038805,0.5427378175038805,263,0.78,0.23726218249611952
S022,10,0.48081613783444654,0.48081613783444654,247,0.78,0.2991838621655535
S022,11,0.4749592659435482,0.4749592659435482,162,0.78,0.3050407340564518
S022,12,0.43749497268740534,0.43749497268740534,144,0.78,0.3425050273125947
S023,1,0.4646952450143963,0.4646952450143963,276,0.78,0.31530475498560373
S023,2,0.5050261429655901,0.5050261429655901,324,0.78,0.2749738570344099
S023,3,0.5116724593138069,0.5116724593138069,503,0.78,0.26832754068619313
S023,4,0.5514762958296272,0.5514762958296272,579,0.78,0.22852370417037282
S023,5,0.5898751002805321,0.5898751002805321,599,0.78,0.1901248997194679
S023,6,0.6072088792047922,0.6072088792047922,542,0.78,0.17279112079520786
S023,7,0.6722526266015008,0.6722526266015008,269,0.78,0.10774737339849927
S023,8,0.6443945948795873,0.6443945948795873,371,0.78,0.13560540512041275
S023,9,0.6651432474399193,0.6651432474399193,272,0.78,0.11485675256008077
S023,10,0.6151855934352348,0.6151855934352348,239,0.78,0.1648144065647652
S023,11,0.5963159962942891,0.5963159962942891,155,0.78,0.18368400370571092
S023,12,0.48680058500978185,0.48680058500978185,132,0.78,0.2931994149902182
S024,1,0.4963047345392229,0.4963047345392229,185,0.78,0.2836952654607771
S024,2,0.6000076978258813,0.6000076978258813,226,0.78,0.17999230217411877
S024,3,0.6537092879639048,0.6537092879639048,328,0.78,0.1262907120360952
S024,4,0.6939540180071146,0.6939540180071146,403,0.78,0.08604598199288538
S024,5,0.719331130759125,0.719331130759125,418,0.78,0.060668869240875
S024,6,0.7271437986756537,0.7271437986756537,371,0.78,0.05285620132434632
S024,7,0.7848638792011003,0.7848638792011003,139,0.78,0.0048638792011003185
S024,8,0.7806066775991475,0.7806066775991475,349,0.78,0.0006066775991474538
S024,9,0.7610826487070709,0.7610826487070709,275,0.78,0.018917351292929152
S024,10,0.7077628182970603,0.7077628182970603,245,0.78,0.07223718170293969
S024,11,0.5182850254684702,0.5182850254684702,154,0.78,0.2617149745315298
S024,12,0.3395619684173452,0.3395619684173452,142,0.78,0.4404380315826548
S025,1,0.5696896582865489,0.5696896582865489,104,0.78,0.2103103417134511
S025,2,0.1,0.1,131,0.78,0.68
S025,3,0.35303594637176183,0.35303594637176183,154,0.78,0.4269640536282382
S025,4,0.7043721605146894,0.7043721605146894,219,0.78,0.0756278394853106
S025,5,0.7913147338633322,0.7913147338633322,318,0.78,0.01131473386333215
S025,6,0.8012213701809426,0.8012213701809426,343,0.78,0.02122137018094261
S025,7,0.95,0.95,124,0.78,0.16999999999999993
S025,8,0.95,0.95,167,0.78,0.16999999999999993
S025,9,0.8438808496330192,0.8438808496330192,128,0.78,0.06388084963301921
S025,10,0.8320018841287998,0.8320018841287998,109,0.78,0.0520018841287998
S025,11,0.7766182569034905,0.7766182569034905,76,0.78,0.003381743096509515
S025,12,0.6580403822242215,0.6580403822242215,72,0.78,0.12195961777577857
S026,1,0.5298107580705641,0.5298107580705641,282,0.78,0.2501892419294359
S026,2,0.5563410223615193,0.5563410223615193,328,0.78,0.22365897763848075
S026,3,0.5976783547327047,0.5976783547327047,498,0.78,0.18232164526729533
S026,4,0.7042044766498279,0.7042044766498279,547,0.78,0.07579552335017214
S026,5,0.7234448757987733,0.7234448757987733,575,0.78,0.05655512420122677
S026,6,0.7224699672360255,0.7224699672360255,544,0.78,0.057530032763974503
S026,7,0.8104226980724935,0.8104226980724935,257,0.78,0.030422698072493426
S026,8,0.8180450883562421,0.8180450883562421,360,0.78,0.038045088356242096
S026,9,0.7663167380786988,0.7663167380786988,267,0.78,0.013683261921301204
S026,10,0.7013835472748763,0.7013835472748763,251,0.78,0.07861645272512374
S026,11,0.6941062720314224,0.6941062720314224,166,0.78,0.08589372796857764
S026,12,0.5599451293981748,0.5599451293981748,154,0.78,0.22005487060182527
S028,1,0.6974322156524349,0.6974322156524349,106,0.78,0.08256778434756518
S028,2,0.7937042763085043,0.7937042763085043,128,0.78,0.013704276308504237
S028,3,0.8203569451981715,0.8203569451981715,159,0.78,0.04035694519817146
S028,4,0.8701174628936703,0.8701174628936703,218,0.78,0.09011746289367029
S028,5,0.8685844128884885,0.8685844128884885,196,0.78,0.0885844128884885
S028,6,0.8408703732008235,0.8408703732008235,154,0.78,0.06087037320082345
S028,10,0.1,0.1,41,0.78,0.68
S028,11,0.9377046729763155,0.9377046729763155,77,0.78,0.15770467297631552
S028,12,0.8065787304425092,0.8065787304425092,70,0.78,0.026578730442509135
S030,1,0.8726589358657084,0.8726589358657084,288,0.78,0.09265893586570839
S030,2,0.8455793712437991,0.8455793712437991,319,0.78,0.06557937124379909
S030,3,0.808334658274658,0.808334658274658,494,0.78,0.028334658274657976
S030,4,0.7977739657398016,0.7977739657398016,560,0.78,0.01777396573980161
S030,5,0.7593043902231226,0.7593043902231226,579,0.78,0.020695609776877455
S030,6,0.7803058126150775,0.7803058126150775,514,0.78,0.00030581261507744983
S030,7,0.7953657917022215,0.7953657917022215,246,0.78,0.01536579170222152
S030,8,0.870721206310606,0.870721206310606,358,0.78,0.09072120631060598
S030,9,0.8700031878439489,0.8700031878439489,251,0.78,0.0900031878439489
S030,10,0.9199963171079873,0.9199963171079873,242,0.78,0.13999631710798732
S030,11,0.95,0.95,162,0.78,0.16999999999999993
S030,12,0.95,0.95,143,0.78,0.16999999999999993
S031,1,0.5207866569741366,0.5207866569741366,281,0.78,0.2592133430258634
S031,2,0.5540168950405661,0.5540168950405661,319,0.78,0.22598310495943397
S031,3,0.6261208530878247,0.6261208530878247,491,0.78,0.1538791469121753
S031,4,0.642659351962121,0.642659351962121,573,0.78,0.13734064803787904
S031,5,0.6715264956971144,0.6715264956971144,589,0.78,0.1084735043028856
S031,6,0.6663557257816485,0.6663557257816485,521,0.78,0.11364427421835155
S031,7,0.6887589969565793,0.6887589969565793,252,0.78,0.09124100304342075
S031,8,0.6997319585017222,0.6997319585017222,363,0.78,0.08026804149827782
S031,9,0.6724461714030361,0.6724461714030361,242,0.78,0.10755382859696394
S031,10,0.5686509968964124,0.5686509968964124,238,0.78,0.21134900310358762
S031,11,0.591487507549729,0.591487507549729,154,0.78,0.18851249245027102
S031,12,0.5120477061447951,0.5120477061447951,136,0.78,0.2679522938552049
S032,1,,0.78,0,0.78,0.0
S032,2,,0.78,0,0.78,0.0
S032,3,,0.78,0,0.78,0.0
S032,4,,0.78,0,0.78,0.0
S032,5,,0.78,0,0.78,0.0
S032,6,,0.78,0,0.78,0.0
S032,7,,0.78,0,0.78,0.0
S032,8,,0.78,0,0.78,0.0
S032,9,,0.78,0,0.78,0.0
S032,10,,0.78,0,0.78,0.0
S032,11,,0.78,0,0.78,0.0
S032,12,,0.78,0,0.78,0.0
S033,3,0.7915321647871568,0.7915321647871568,117,0.78,0.011532164787156796
S033,4,0.9107216976012785,0.9107216976012785,221,0.78,0.1307216976012785
S033,5,0.8794212979797371,0.8794212979797371,201,0.78,0.09942129797973709
S033,6,0.8681647557141206,0.8681647557141206,164,0.78,0.08816475571412052
S034,5,0.7774005013090839,0.7774005013090839,58,0.78,0.0025994986909161355
S034,6,0.8656481874411375,0.8656481874411375,157,0.78,0.08564818744113745
S035,1,0.6426443185582222,0.6426443185582222,192,0.78,0.1373556814417778
S035,2,0.5382983605545083,0.5382983605545083,213,0.78,0.24170163944549172
S035,3,0.7328067528919902,0.7328067528919902,318,0.78,0.04719324710800987
S035,4,0.8051147732001083,0.8051147732001083,385,0.78,0.025114773200108242
S035,5,0.8242242390000742,0.8242242390000742,405,0.78,0.04422423900007422
S035,6,0.8174511217726724,0.8174511217726724,349,0.78,0.0374511217726724
S035,7,0.95,0.95,122,0.78,0.16999999999999993
S035,8,0.95,0.95,170,0.78,0.16999999999999993
S035,9,0.8503788963131236,0.8503788963131236,144,0.78,0.07037889631312355
S035,10,0.7555611999656567,0.7555611999656567,242,0.78,0.02443880003434329
S035,11,0.7348039047050672,0.7348039047050672,162,0.78,0.04519609529493285
S035,12,0.7379222847938788,0.7379222847938788,143,0.78,0.04207771520612125
S036,6,0.7117331472475208,0.7117331472475208,140,0.78,0.06826685275247923
S037,4,0.1,0.78,17,0.78,0.0
S037,5,0.1,0.1,203,0.78,0.68
S037,6,0.1,0.1,159,0.78,0.68
S038,4,0.95,0.78,7,0.78,0.0
S038,5,0.895793622532011,0.895793622532011,201,0.78,0.11579362253201098
S038,6,0.8674178941817059,0.8674178941817059,158,0.78,0.08741789418170587
S039,4,0.1,0.78,2,0.78,0.0
S039,5,0.7099319269062987,0.7099319269062987,196,0.78,0.07006807309370133
S039,6,0.6670959027417052,0.6670959027417052,160,0.78,0.11290409725829487
S040,4,0.8412697092634969,0.8412697092634969,149,0.78,0.06126970926349684
S040,5,0.6731752336796869,0.6731752336796869,197,0.78,0.10682476632031312
S040,6,0.7470313370467019,0.7470313370467019,169,0.78,0.032968662953298145
S041,1,0.95,0.95,187,0.78,0.16999999999999993
S041,2,0.95,0.95,223,0.78,0.16999999999999993
S041,3,0.95,0.95,326,0.78,0.16999999999999993
S041,4,0.95,0.95,398,0.78,0.16999999999999993
S041,5,0.9447598761868548,0.9447598761868548,417,0.78,0.16475987618685473
S041,6,0.9243165152839011,0.9243165152839011,369,0.78,0.1443165152839011
S041,7,0.837939332389912,0.837939332389912,128,0.78,0.057939332389912
S041,8,0.95,0.95,163,0.78,0.16999999999999993
S041,9,0.95,0.95,144,0.78,0.16999999999999993
S041,10,0.95,0.95,108,0.78,0.16999999999999993
S041,11,0.95,0.95,70,0.78,0.16999999999999993
S041,12,0.95,0.95,82,0.78,0.16999999999999993
S042,1,0.6795229179275196,0.6795229179275196,103,0.78,0.1004770820724804
S042,2,0.6512879412549804,0.6512879412549804,128,0.78,0.12871205874501968
S042,3,0.7596979475072564,0.7596979475072564,162,0.78,0.02030205249274364
S042,4,0.8150952986243303,0.8150952986243303,221,0.78,0.03509529862433025
S042,5,0.8293280949344175,0.8293280949344175,202,0.78,0.04932809493441748
S042,6,0.8252690076584255,0.8252690076584255,164,0.78,0.04526900765842545
S042,11,0.921376074543874,0.78,23,0.78,0.0
S042,12,0.7612339533043719,0.7612339533043719,74,0.78,0.01876604669562809
S044,3,0.7318674219624985,0.7318674219624985,159,0.78,0.04813257803750148
S044,4,0.1,0.1,220,0.78,0.68
S044,5,0.1,0.1,195,0.78,0.68
S044,6,0.1,0.1,152,0.78,0.68
S045,3,0.1,0.1,105,0.78,0.68
S045,4,0.8478856709905517,0.8478856709905517,223,0.78,0.06788567099055165
S045,5,0.9426582692306112,0.9426582692306112,203,0.78,0.16265826923061122
S045,6,0.8666369255637218,0.8666369255637218,159,0.78,0.08663692556372182
S046,1,,0.78,0,0.78,0.0
S046,2,,0.78,0,0.78,0.0
S046,3,,0.78,0,0.78,0.0
S046,4,,0.78,0,0.78,0.0
S046,5,,0.78,0,0.78,0.0
S046,6,,0.78,0,0.78,0.0
S046,12,,0.78,0,0.78,0.0
S047,1,0.5630862907577574,0.5630862907577574,192,0.78,0.21691370924224262
S047,2,0.5409980242168061,0.5409980242168061,213,0.78,0.23900197578319393
S047,3,0.6582350554009047,0.6582350554009047,318,0.78,0.12176494459909537
S047,4,0.6730188428315843,0.6730188428315843,385,0.78,0.10698115716841572
S047,5,0.6659881079440207,0.6659881079440207,459,0.78,0.11401189205597928
S047,6,0.6846163313914101,0.6846163313914101,515,0.78,0.09538366860858993
S047,7,0.7446379686656501,0.7446379686656501,251,0.78,0.0353620313343499
S047,8,0.7864871369338466,0.7864871369338466,358,0.78,0.006487136933846616
S047,9,0.7262064177725129,0.7262064177725129,251,0.78,0.05379358222748709
S047,10,0.7311793938228477,0.7311793938228477,242,0.78,0.04882060617715234
S047,11,0.7240124687889249,0.7240124687889249,162,0.78,0.05598753121107514
S047,12,0.6324412109914929,0.6324412109914929,143,0.78,0.14755878900850716
S048,4,0.1,0.78,6,0.78,0.0
S048,5,0.1,0.1,203,0.78,0.68
S048,6,0.41819262822619746,0.41819262822619746,164,0.78,0.36180737177380257
S049,1,0.41924403727561077,0.41924403727561077,278,0.78,0.36075596272438926
S049,2,0.48971757809847977,0.48971757809847977,321,0.78,0.29028242190152026
S049,3,0.5438800344738701,0.5438800344738701,496,0.78,0.2361199655261299
S049,4,0.554607532825264,0.554607532825264,582,0.78,0.22539246717473604
S049,5,0.603680356045909,0.603680356045909,597,0.78,0.17631964395409105
S049,6,0.6559688397302533,0.6559688397302533,533,0.78,0.1240311602697467
S049,7,0.6586275452539221,0.6586275452539221,261,0.78,0.12137245474607794
S049,8,0.7254913245427214,0.7254913245427214,369,0.78,0.054508675457278666
S049,9,0.6276857887000848,0.6276857887000848,257,0.78,0.15231421129991518
S049,10,0.5869109139379499,0.5869109139379499,239,0.78,0.1930890860620501
S049,11,0.5502649951972292,0.5502649951972292,153,0.78,0.22973500480277087
S049,12,0.4702278982641649,0.4702278982641649,131,0.78,0.30977210173583514
S050,4,0.1,0.78,2,0.78,0.0
S050,5,0.6085402582581395,0.6085402582581395,195,0.78,0.17145974174186052
S050,6,0.5691964012399037,0.5691964012399037,162,0.78,0.21080359876009636
S051,4,0.6302996301556824,0.78,7,0.78,0.0
S051,5,0.5756514792059519,0.5756514792059519,196,0.78,0.20434852079404808
S051,6,0.5723420487455926,0.5723420487455926,153,0.78,0.20765795125440745
S052,1,0.32516435353360496,0.32516435353360496,106,0.78,0.45483564646639507
S052,2,0.3620602582088063,0.3620602582088063,128,0.78,0.41793974179119375
S052,3,0.4307206279210269,0.4307206279210269,159,0.78,0.34927937207897314
S052,4,0.4308568026767348,0.4308568026767348,219,0.78,0.3491431973232652
S052,5,0.4458439055485396,0.4458439055485396,196,0.78,0.33415609445146044
S052,6,0.7359113429889477,0.7359113429889477,154,0.78,0.04408865701105236
S052,8,0.1,0.1,61,0.78,0.68
S052,9,0.49114444558004056,0.49114444558004056,131,0.78,0.28885555441995947
S052,10,0.4722622788117275,0.4722622788117275,109,0.78,0.30773772118827253
S052,11,0.45707251416750094,0.45707251416750094,77,0.78,0.3229274858324991
S052,12,0.3971487645177957,0.3971487645177957,70,0.78,0.38285123548220434
S053,1,0.5196604315805422,0.5196604315805422,288,0.78,0.2603395684194578
S053,2,0.4386195992778223,0.4386195992778223,319,0.78,0.34138040072217773
S053,3,0.46633066753022906,0.46633066753022906,495,0.78,0.31366933246977097
S053,4,0.46725268404959414,0.46725268404959414,561,0.78,0.3127473159504059
S053,5,0.5242128304601492,0.5242128304601492,580,0.78,0.2557871695398508
S053,6,0.4952450900024474,0.4952450900024474,515,0.78,0.28475490999755265
S053,7,0.5146216833889121,0.5146216833889121,247,0.78,0.2653783166110879
S053,8,0.6905249557954187,0.6905249557954187,358,0.78,0.0894750442045813
S053,9,0.7953552162379149,0.7953552162379149,250,0.78,0.015355216237914915
S053,10,0.7637321097544514,0.7637321097544514,242,0.78,0.016267890245548644
S053,11,0.7974522652664426,0.7974522652664426,162,0.78,0.017452265266442613
S053,12,0.6280777069394335,0.6280777069394335,143,0.78,0.15192229306056648
S054,1,0.3582004687449266,0.3582004687449266,48,0.78,0.4217995312550734
S054,2,0.2715128421805626,0.2715128421805626,127,0.78,0.5084871578194374
S054,3,0.5176142762938012,0.5176142762938012,162,0.78,0.26238572370619884
S054,4,0.5695423104111985,0.5695423104111985,222,0.78,0.2104576895888015
S054,5,0.5529223628522808,0.5529223628522808,203,0.78,0.22707763714771922
S054,6,0.554892223623132,0.554892223623132,164,0.78,0.22510777637686807
S055,4,0.1,0.78,2,0.78,0.0
S055,5,0.1,0.1,195,0.78,0.68
S055,6,0.1,0.1,159,0.78,0.68
S056,4,0.5633852770170091,0.5633852770170091,48,0.78,0.2166147229829909
S056,5,0.548118457929057,0.548118457929057,203,0.78,0.23188154207094303
S056,6,0.6117871627714017,0.6117871627714017,164,0.78,0.16821283722859837
S057,1,0.5270739869288664,0.5270739869288664,275,0.78,0.2529260130711336
S057,2,0.5030985148047502,0.5030985148047502,330,0.78,0.2769014851952498
S057,3,0.5015653812257578,0.5015653812257578,508,0.78,0.27843461877424225
S057,4,0.54030979454419,0.54030979454419,573,0.78,0.23969020545581
S057,5,0.5039461202745733,0.5039461202745733,591,0.78,0.2760538797254267
S057,6,0.6981208697158205,0.6981208697158205,548,0.78,0.08187913028417948
S057,7,0.8336644284735248,0.8336644284735248,272,0.78,0.05366442847352482
S057,8,0.8604086450102063,0.8604086450102063,356,0.78,0.08040864501020628
S057,9,0.7977285906180197,0.7977285906180197,271,0.78,0.01772859061801968
S057,10,0.7311272576738599,0.7311272576738599,246,0.78,0.04887274232614014
S057,11,0.7022200371151965,0.7022200371151965,154,0.78,0.07777996288480349
S057,12,0.6099980972481633,0.6099980972481633,147,0.78,0.1700019027518367
S058,1,0.5279075854984505,0.5279075854984505,277,0.78,0.2520924145015495
S058,2,0.4551065047872245,0.4551065047872245,321,0.78,0.32489349521277555
S058,3,0.5407103729649252,0.5407103729649252,505,0.78,0.23928962703507484
S058,4,0.5768871566684779,0.5768871566684779,572,0.78,0.20311284333152213
S058,5,0.6615586565849565,0.6615586565849565,592,0.78,0.11844134341504353
S058,6,0.7524434472804057,0.7524434472804057,543,0.78,0.02755655271959434
S058,7,0.712755000937519,0.712755000937519,269,0.78,0.06724499906248105
S058,8,0.8404574328920718,0.8404574328920718,354,0.78,0.06045743289207173
S058,9,0.7172036732571373,0.7172036732571373,263,0.78,0.06279632674286273
S058,10,0.750065644076165,0.750065644076165,244,0.78,0.029934355923834977
S058,11,0.6828714053131285,0.6828714053131285,161,0.78,0.09712859468687152
S058,12,0.1,0.1,141,0.78,0.68
S059,1,0.49355337644778385,0.49355337644778385,280,0.78,0.2864466235522162
S059,2,0.5285170537925423,0.5285170537925423,324,0.78,0.2514829462074577
S059,3,0.5772353013999123,0.5772353013999123,505,0.78,0.20276469860008772
S059,4,0.6372793195667716,0.6372793195667716,570,0.78,0.1427206804332284
S059,5,0.6662330937627605,0.6662330937627605,590,0.78,0.1137669062372395
S059,6,0.6308135076532249,0.6308135076532249,531,0.78,0.14918649234677517
S059,7,0.6252390022390669,0.6252390022390669,264,0.78,0.1547609977609331
S059,8,0.7228935047921651,0.7228935047921651,357,0.78,0.05710649520783495
S059,9,0.6685087270516883,0.6685087270516883,262,0.78,0.11149127294831174
S059,10,0.6084844601806829,0.6084844601806829,244,0.78,0.1715155398193171
S059,11,0.626237332427402,0.626237332427402,160,0.78,0.15376266757259804
S059,12,0.4783608669596901,0.4783608669596901,141,0.78,0.3016391330403099
S060,4,0.45695185173184383,0.45695185173184383,80,0.78,0.3230481482681562
S060,5,0.7210142794874947,0.7210142794874947,202,0.78,0.05898572051250528
S060,6,0.8468455726652462,0.8468455726652462,168,0.78,0.06684557266524616
S061,4,0.46602538599195154,0.46602538599195154,48,0.78,0.3139746140080485
S061,5,0.4789607225932163,0.4789607225932163,202,0.78,0.3010392774067837
S061,6,0.7621570134542959,0.7621570134542959,164,0.78,0.017842986545704154
S062,1,0.5386165435293927,0.5386165435293927,277,0.78,0.24138345647060733
S062,2,0.532519815174273,0.532519815174273,324,0.78,0.24748018482572698
S062,3,0.543333999220087,0.543333999220087,508,0.78,0.23666600077991307
S062,4,0.5846707857719277,0.5846707857719277,571,0.78,0.19532921422807237
S062,5,0.6059040055079528,0.6059040055079528,589,0.78,0.17409599449204727
S062,6,0.624504262861475,0.624504262861475,546,0.78,0.15549573713852505
S062,7,0.6139856314517556,0.6139856314517556,271,0.78,0.16601436854824447
S062,8,0.7065296892037969,0.7065296892037969,354,0.78,0.07347031079620314
S062,9,0.5519274466512466,0.5519274466512466,266,0.78,0.22807255334875343
S062,10,0.1,0.1,243,0.78,0.68
S062,11,0.6281278297101485,0.6281278297101485,162,0.78,0.15187217028985156
S062,12,0.586742385331044,0.586742385331044,142,0.78,0.19325761466895608
S063,4,0.42751607871753333,0.78,5,0.78,0.0
S063,5,0.7225069220443735,0.7225069220443735,196,0.78,0.057493077955626526
S063,6,0.7538101244025526,0.7538101244025526,159,0.78,0.026189875597447454
S064,1,0.5362589868971801,0.5362589868971801,274,0.78,0.24374101310281993
S064,2,0.5438665864381724,0.5438665864381724,332,0.78,0.2361334135618276
S064,3,0.5435539639274733,0.5435539639274733,510,0.78,0.23644603607252668
S064,4,0.6760800442586016,0.6760800442586016,580,0.78,0.10391995574139845
S064,5,0.703438678685945,0.703438678685945,591,0.78,0.07656132131405502
S064,6,0.7429140221752755,0.7429140221752755,548,0.78,0.03708597782472456
S064,7,0.7640685933852409,0.7640685933852409,276,0.78,0.015931406614759114
S064,8,0.8275164917827501,0.8275164917827501,352,0.78,0.04751649178275008
S064,9,0.7580020579381935,0.7580020579381935,273,0.78,0.021997942061806497
S064,10,0.6915321623595996,0.6915321623595996,245,0.78,0.08846783764040045
S064,11,0.7010777921335125,0.7010777921335125,154,0.78,0.07892220786648751
S064,12,0.6012412606067927,0.6012412606067927,142,0.78,0.1787587393932073
S065,1,0.9320549003155697,0.9320549003155697,281,0.78,0.15205490031556967
S065,2,0.9272939318771163,0.9272939318771163,328,0.78,0.14729393187711626
S065,3,0.9033017509921846,0.9033017509921846,504,0.78,0.12330175099218454
S065,4,0.9014832691083524,0.9014832691083524,559,0.78,0.12148326910835239
S065,5,0.876456741559172,0.876456741559172,578,0.78,0.09645674155917194
S065,6,0.8684299546364782,0.8684299546364782,542,0.78,0.08842995463647818
S065,7,0.9008230852497182,0.9008230852497182,265,0.78,0.12082308524971819
S065,8,0.95,0.95,359,0.78,0.16999999999999993
S065,9,0.9185542074850003,0.9185542074850003,265,0.78,0.13855420748500025
S065,10,0.95,0.95,250,0.78,0.16999999999999993
S065,11,0.95,0.95,166,0.78,0.16999999999999993
S065,12,0.95,0.95,150,0.78,0.16999999999999993
S066,1,,0.78,0,0.78,0.0
S066,2,,0.78,0,0.78,0.0
S066,3,,0.78,0,0.78,0.0
S066,4,,0.78,0,0.78,0.0
S066,5,,0.78,0,0.78,0.0
S066,6,,0.78,0,0.78,0.0
S066,7,,0.78,0,0.78,0.0
S066,8,,0.78,0,0.78,0.0
S066,9,,0.78,0,0.78,0.0
S066,10,,0.78,0,0.78,0.0
S066,11,,0.78,0,0.78,0.0
S066,12,,0.78,0,0.78,0.0
S067,1,0.5587046799869484,0.5587046799869484,276,0.78,0.22129532001305163
S067,2,0.492782456282325,0.492782456282325,324,0.78,0.28721754371767505
S067,3,0.5685049573335091,0.5685049573335091,503,0.78,0.21149504266649088
S067,4,0.6311466324136625,0.6311466324136625,579,0.78,0.1488533675863375
S067,5,0.7613393368075058,0.7613393368075058,600,0.78,0.018660663192494265
S067,6,0.7632051584022603,0.7632051584022603,543,0.78,0.016794841597739696
S067,7,0.8300697427153203,0.8300697427153203,270,0.78,0.050069742715320276
S067,8,0.8335448180084262,0.8335448180084262,371,0.78,0.05354481800842614
S067,9,0.8209814113994306,0.8209814113994306,272,0.78,0.04098141139943057
S067,10,0.7372349043224705,0.7372349043224705,239,0.78,0.04276509567752951
S067,11,0.7381400302688357,0.7381400302688357,155,0.78,0.04185996973116435
S067,12,0.599058395167452,0.599058395167452,132,0.78,0.18094160483254806
S068,1,0.6288769769883549,0.6288769769883549,284,0.78,0.15112302301164515
S068,2,0.6239745393446112,0.6239745393446112,320,0.78,0.1560254606553888
S068,3,0.67488986016718,0.67488986016718,497,0.78,0.10511013983282003
S068,4,0.7065182235477035,0.7065182235477035,571,0.78,0.07348177645229648
S068,5,0.7401668844530589,0.7401668844530589,588,0.78,0.039833115546941134
S068,6,0.7483444128251963,0.7483444128251963,526,0.78,0.03165558717480377
S068,7,0.7630924843970595,0.7630924843970595,256,0.78,0.01690751560294057
S068,8,0.7602715337340964,0.7602715337340964,362,0.78,0.019728466265903633
S068,9,0.715946095059787,0.715946095059787,259,0.78,0.06405390494021301
S068,10,0.6121483709611695,0.6121483709611695,241,0.78,0.16785162903883055
S068,11,0.6750264433985089,0.6750264433985089,159,0.78,0.1049735566014911
S068,12,0.6238985654194543,0.6238985654194543,140,0.78,0.1561014345805457
S069,4,0.1,0.78,5,0.78,0.0
S069,5,0.1,0.1,195,0.78,0.68
S069,6,0.1,0.1,162,0.78,0.68
S070,1,0.5065440756341055,0.5065440756341055,276,0.78,0.2734559243658945
S070,2,0.5619473254598041,0.5619473254598041,322,0.78,0.21805267454019595
S070,3,0.5898535465967346,0.5898535465967346,506,0.78,0.19014645340326541
S070,4,0.6875056215268908,0.6875056215268908,575,0.78,0.09249437847310926
S070,5,0.6897833373701662,0.6897833373701662,594,0.78,0.09021666262983385
S070,6,0.7144813332896819,0.7144813332896819,545,0.78,0.06551866671031814
S070,7,0.7377375002494403,0.7377375002494403,270,0.78,0.042262499750559734
S070,8,0.7994149138442865,0.7994149138442865,356,0.78,0.019414913844286508
S070,9,0.6949386123238115,0.6949386123238115,266,0.78,0.08506138767618854
S070,10,0.5879422308681839,0.5879422308681839,244,0.78,0.19205776913181616
S070,11,0.6696797360955375,0.6696797360955375,159,0.78,0.11032026390446248
S070,12,0.5600552970531963,0.5600552970531963,141,0.78,0.21994470294680368
S071,1,0.5143107918461732,0.5143107918461732,287,0.78,0.2656892081538268
S071,2,0.46793327361479375,0.46793327361479375,320,0.78,0.3120667263852063
S071,3,0.42569499248146625,0.42569499248146625,494,0.78,0.3543050075185338
S071,4,0.39784805429993764,0.39784805429993764,557,0.78,0.3821519457000624
S071,5,0.352051962962866,0.352051962962866,574,0.78,0.427948037037134
S071,6,0.2557413176803548,0.2557413176803548,515,0.78,0.5242586823196452
S071,7,0.1,0.1,248,0.78,0.68
S071,8,0.14546741802135396,0.14546741802135396,357,0.78,0.634532581978646
S071,9,0.421480232979942,0.421480232979942,253,0.78,0.358519767020058
S071,10,0.1,0.1,243,0.78,0.68
S071,11,0.5449460497705045,0.5449460497705045,167,0.78,0.2350539502294955
S071,12,0.5520858105931489,0.5520858105931489,144,0.78,0.22791418940685115
S072,1,0.95,0.95,187,0.78,0.16999999999999993
S072,2,0.95,0.95,221,0.78,0.16999999999999993
S072,3,0.95,0.95,327,0.78,0.16999999999999993
S072,4,0.95,0.95,396,0.78,0.16999999999999993
S072,5,0.9208635428627374,0.9208635428627374,414,0.78,0.1408635428627374
S072,6,0.9070021470285452,0.9070021470285452,368,0.78,0.12700214702854518
S072,7,0.9172554999410766,0.9172554999410766,126,0.78,0.13725549994107655
S072,8,0.95,0.95,164,0.78,0.16999999999999993
S072,9,0.95,0.95,153,0.78,0.16999999999999993
S072,10,0.95,0.95,243,0.78,0.16999999999999993
S072,11,0.95,0.95,162,0.78,0.16999999999999993
S072,12,0.95,0.95,142,0.78,0.16999999999999993
S073,1,0.5388778334316565,0.5388778334316565,188,0.78,0.2411221665683435
S073,2,0.511877821692071,0.511877821692071,214,0.78,0.26812217830792906
S073,3,0.499070086174686,0.499070086174686,307,0.78,0.280929913825314
S073,4,0.5381573781440177,0.5381573781440177,385,0.78,0.24184262185598238
S073,5,0.29705592735214237,0.29705592735214237,403,0.78,0.48294407264785766
S073,6,0.7055097343842212,0.7055097343842212,344,0.78,0.07449026561577887
S073,7,0.7339753105182657,0.7339753105182657,123,0.78,0.04602468948173433
S073,8,0.6986203569758449,0.6986203569758449,169,0.78,0.08137964302415512
S073,9,0.7371200346329904,0.7371200346329904,128,0.78,0.042879965367009665
S073,10,0.744972358870635,0.744972358870635,109,0.78,0.03502764112936507
S073,11,0.6859665683158382,0.6859665683158382,74,0.78,0.09403343168416178
S073,12,0.5849845961550153,0.5849845961550153,118,0.78,0.19501540384498472
S074,1,0.7600285544284353,0.7600285544284353,101,0.78,0.019971445571564717
S074,2,0.8047381275970428,0.8047381275970428,129,0.78,0.024738127597042747
S074,3,0.831465903555274,0.831465903555274,162,0.78,0.05146590355527403
S074,4,0.8508790850449985,0.8508790850449985,222,0.78,0.07087908504499851
S074,5,0.8944313126363725,0.8944313126363725,203,0.78,0.11443131263637252
S074,6,0.923575942146416,0.923575942146416,159,0.78,0.143575942146416
S075,3,0.46014182402881576,0.46014182402881576,98,0.78,0.31985817597118427
S075,4,0.7300335096952514,0.7300335096952514,221,0.78,0.049966490304748645
S075,5,0.7827759246354907,0.7827759246354907,201,0.78,0.002775924635490701
S075,6,0.7699098731448408,0.7699098731448408,163,0.78,0.010090126855159198
S076,4,0.1,0.78,7,0.78,0.0
S076,5,0.95,0.95,195,0.78,0.16999999999999993
S076,6,0.8871710116556331,0.8871710116556331,162,0.78,0.10717101165563303
S077,1,0.5075696431958527,0.5075696431958527,281,0.78,0.2724303568041473
S077,2,0.5010239925965262,0.5010239925965262,319,0.78,0.27897600740347384
S077,3,0.6516926551369577,0.6516926551369577,491,0.78,0.1283073448630423
S077,4,0.6543347234623322,0.6543347234623322,576,0.78,0.1256652765376678
S077,5,0.1,0.1,590,0.78,0.68
S077,6,0.5164376390128578,0.5164376390128578,524,0.78,0.26356236098714225
S077,7,0.1,0.1,259,0.78,0.68
S077,8,0.707747878847061,0.707747878847061,364,0.78,0.072252121152939
S077,9,0.1,0.1,242,0.78,0.68
S077,10,0.1,0.1,237,0.78,0.68
S077,11,0.1,0.1,155,0.78,0.68
S077,12,0.1,0.1,135,0.78,0.68
S115,1,0.95,0.95,277,0.78,0.16999999999999993
S115,2,0.95,0.95,321,0.78,0.16999999999999993
S115,3,0.9228471391200967,0.9228471391200967,505,0.78,0.14284713912009672
S115,4,0.9031648149832308,0.9031648149832308,572,0.78,0.12316481498323073
S115,5,0.8538911445494631,0.8538911445494631,594,0.78,0.0738911445494631
S115,6,0.8219141794684092,0.8219141794684092,541,0.78,0.04191417946840914
S115,7,0.811136953456147,0.811136953456147,266,0.78,0.031136953456146976
S115,8,0.95,0.95,353,0.78,0.16999999999999993
S115,9,0.95,0.95,262,0.78,0.16999999999999993
S115,10,0.95,0.95,243,0.78,0.16999999999999993
S115,11,0.95,0.95,160,0.78,0.16999999999999993
S115,12,0.95,0.95,143,0.78,0.16999999999999993
S116,1,0.95,0.95,286,0.78,0.16999999999999993
S116,2,0.95,0.95,319,0.78,0.16999999999999993
S116,3,0.95,0.95,496,0.78,0.16999999999999993
S116,4,0.8925072436878687,0.8925072436878687,562,0.78,0.11250724368786869
S116,5,0.8700405086622928,0.8700405086622928,579,0.78,0.09004050866229274
S116,6,0.8374899580580846,0.8374899580580846,518,0.78,0.057489958058084545
S116,7,0.8051835260236768,0.8051835260236768,251,0.78,0.025183526023676794
S116,8,0.9086349767973472,0.9086349767973472,357,0.78,0.12863497679734714
S116,9,0.922836014053327,0.922836014053327,253,0.78,0.14283601405332702
S116,10,0.95,0.95,244,0.78,0.16999999999999993
S116,11,0.95,0.95,161,0.78,0.16999999999999993
S116,12,0.95,0.95,145,0.78,0.16999999999999993
